ID,Type,SKU,"GTIN, UPC, EAN, or ISBN",Name,Published,"Is featured?","Visibility in catalog","Short description",Description,"Date sale price starts","Date sale price ends","Tax status","Tax class","In stock?",Stock,"Low stock amount","Backorders allowed?","Sold individually?","Weight (lbs)","Length (in)","Width (in)","Height (in)","Allow customer reviews?","Purchase note","Sale price","Regular price",Categories,Tags,"Shipping class",Images,"Download limit","Download expiry days",Parent,"Grouped products",Upsells,Cross-sells,"External URL","Button text",Position,Brands,"Blocksy Custom Data","Blocksy Variation Images","Meta: gridfx_likes","Meta: stackable_optimized_css","Meta: WooZone_spinned_content","Meta: WooZone_reorder_content","Meta: WooZone_old_content","Meta: _amzASIN","Meta: _amzaff_country","Meta: _sales_rank","Meta: _amzaff_prodid","Meta: _amzaff_prodtype","Meta: _amzaff_product_url","Meta: _price_update_date","Meta: _amzaff_isSuperSaverShipping","Meta: _amzaff_isAmazonPrime","Meta: _amzaff_direct_import_noawskeys","Meta: _amzaff_hits","Meta: _amzaff_hits_prev","Meta: _amzaff_sync_product_views","Meta: _amzaff_addtocart","Meta: _amzaff_addtocart_prev","Meta: _amzaff_redirect_to_amazon_prev","Meta: _amzaff_sync_current_cycle","Meta: _amzaff_sync_last_status","Meta: _amzaff_redirect_to_amazon"
810,external,,,"MDF Instruments, Engravable - MDF Rosegold MD One Stainless Steel Personalized Custom Stethoscope, Adult, White Tube, Rosegold Chestpieces-Headset, MDF777RG29-ENGRAVING",1,0,visible,"Engravable Custom Stethoscope | TRUSTED by Doctors, Nurses, Students, Home Health, Medical Providers since 1971 | Backed by our Full Lifetime Warranty & Free-Parts-For-Life Program | Latex-Free\nMD ONE line is known for performance, durability and aesthetics. Constructed from acoustically-superior stainless steel. Makes a great gift with over 20 color variations to choose from.\nCHESTPIECE: dual head stethoscope for adult diagnostics that delivers accurate transmission of heart, lung, and stomach (gastrointestinal, bowel, etc.) sounds, and blood pressure flow (Korotkoff) sounds with acoustic integrity and clarity in doctor, nurse, student, etc. clinical settings or home settings. TRUE BELL & TRUE DIAPHRAGM: designed with a turnable, fully rotating stem for diaphragm and bell side to capture high or low frequency sounds as needed.","[gallery]\nEngravable Custom Stethoscope | TRUSTED by Doctors, Nurses, Students, Home Health, Medical Providers since 1971 | Backed by our Full Lifetime Warranty & Free-Parts-For-Life Program | Latex-Free\nMD ONE line is known for performance, durability and aesthetics. Made from acoustically-superior stainless-steel. Makes a superb present with over 20 color variations to choose between.\nCHESTPIECE: dual head stethoscope for adult diagnostics that delivers accurate transmission of heart, lung, and stomach (gastrointestinal, bowel, and so on.) sounds, and blood pressure float (Korotkoff) sounds with acoustic integrity and clarity in doctor, nurse, student, and so on. clinical settings or home settings. TRUE BELL & TRUE DIAPHRAGM: designed with a turnable, fully rotating stem for diaphragm and bell side to capture high or low frequency sounds as needed.\nPATENTS to maximise sound performance, durability and comfort for extended use, including our ErgonoMax Headset with dual-leaf spring construction, patented Acoustic Pyramid Chamber and patented SafetyLock Eartip adaptors which are non-invasive and lead the industry in user safety.\nTUBING that may be flexible and thicker for better sound transmission, longer on your comfort and latex free. INCLUDES: 3 pairs of ComfortSeal soft silicone eartips in sizes small, medium and large, extra diaphragm and ID tag.\n[amz_corss_sell asin=""B0BF3CHQL7""]",,,taxable,,1,,,0,0,,,,,1,,,99.99,"Industrial and Scientific > Professional Medical Supplies > Diagnostics and Screening > Stethoscopes",,,"https://m.media-amazon.com/images/I/41lDh6hSF9L.jpg, https://m.media-amazon.com/images/I/41lDh6hSF9L.jpg",,,,,,,https://4anurse.com/?redirectAmzASIN=B0BF3CHQL7&redirect_prodid=amz-B0BF3CHQL7,,0,,[],,0,,"[gallery]
Engravable Custom Stethoscope | TRUSTED by Doctors, Nurses, Students, Home Health, Medical Providers since 1971 | Backed by our Full Lifetime Warranty & Free-Parts-For-Life Program | Latex-Free
MD ONE line is known for performance, durability and aesthetics. {Constructed from|Made from|Produced from|Created from|Made out of|Comprised of|Constituted of} acoustically-superior {stainless steel|chrome steel|stainless-steel}. Makes {a great gift|an excellent gift|a superb present} with over 20 color variations {to choose from|to make a choice from|to choose between}.
CHESTPIECE: dual head stethoscope for adult diagnostics that delivers accurate transmission of heart, lung, and stomach (gastrointestinal, bowel, {etc|and so on|and so forth|and the like}.) sounds, and blood pressure {flow|go with the flow|drift|float|glide|waft} (Korotkoff) sounds with acoustic integrity and clarity in doctor, nurse, student, {etc|and so on|and so forth|and the like}. clinical settings or home settings. TRUE BELL & TRUE DIAPHRAGM: designed with a turnable, fully rotating stem for diaphragm and bell side to capture high or low frequency sounds as needed.
PATENTS {to maximize|to maximise} sound performance, durability and comfort for extended use, including our ErgonoMax Headset with dual-leaf spring construction, patented Acoustic Pyramid Chamber and patented SafetyLock Eartip adaptors {that are|which are|which might be|which can be} non-invasive and lead the industry in user safety.
TUBING {that is|that may be} flexible and thicker for better sound transmission, longer {for your|on your|in your|to your} comfort and latex free. INCLUDES: 3 pairs of ComfortSeal soft silicone eartips in sizes small, medium and large, extra diaphragm and ID tag.
[amz_corss_sell asin=""B0BF3CHQL7""]","[gallery]
Engravable Custom Stethoscope | TRUSTED by Doctors, Nurses, Students, Home Health, Medical Providers since 1971 | Backed by our Full Lifetime Warranty & Free-Parts-For-Life Program | Latex-Free
MD ONE line is known for performance, durability and aesthetics. {Made from|Constituted of|Comprised of|Produced from|Created from|Made out of|Constructed from} acoustically-superior {stainless-steel|chrome steel|stainless steel}. Makes {a superb present|an excellent gift|a great gift} with over 20 color variations {to choose between|to make a choice from|to choose from}.
CHESTPIECE: dual head stethoscope for adult diagnostics that delivers accurate transmission of heart, lung, and stomach (gastrointestinal, bowel, {and so on|and so forth|and the like|etc}.) sounds, and blood pressure {float|drift|waft|go with the flow|glide|flow} (Korotkoff) sounds with acoustic integrity and clarity in doctor, nurse, student, {and so on|and so forth|and the like|etc}. clinical settings or home settings. TRUE BELL & TRUE DIAPHRAGM: designed with a turnable, fully rotating stem for diaphragm and bell side to capture high or low frequency sounds as needed.
PATENTS {to maximise|to maximize} sound performance, durability and comfort for extended use, including our ErgonoMax Headset with dual-leaf spring construction, patented Acoustic Pyramid Chamber and patented SafetyLock Eartip adaptors {which are|which can be|which might be|that are} non-invasive and lead the industry in user safety.
TUBING {that may be|that is} flexible and thicker for better sound transmission, longer {on your|to your|in your|for your} comfort and latex free. INCLUDES: 3 pairs of ComfortSeal soft silicone eartips in sizes small, medium and large, extra diaphragm and ID tag.
[amz_corss_sell asin=""B0BF3CHQL7""]","[gallery]
Engravable Custom Stethoscope | TRUSTED by Doctors, Nurses, Students, Home Health, Medical Providers since 1971 | Backed by our Full Lifetime Warranty & Free-Parts-For-Life Program | Latex-Free
MD ONE line is known for performance, durability and aesthetics. Constructed from acoustically-superior stainless steel. Makes a great gift with over 20 color variations to choose from.
CHESTPIECE: dual head stethoscope for adult diagnostics that delivers accurate transmission of heart, lung, and stomach (gastrointestinal, bowel, etc.) sounds, and blood pressure flow (Korotkoff) sounds with acoustic integrity and clarity in doctor, nurse, student, etc. clinical settings or home settings. TRUE BELL & TRUE DIAPHRAGM: designed with a turnable, fully rotating stem for diaphragm and bell side to capture high or low frequency sounds as needed.
PATENTS to maximize sound performance, durability and comfort for extended use, including our ErgonoMax Headset with dual-leaf spring construction, patented Acoustic Pyramid Chamber and patented SafetyLock Eartip adaptors that are non-invasive and lead the industry in user safety.
TUBING that is flexible and thicker for better sound transmission, longer for your comfort and latex free. INCLUDES: 3 pairs of ComfortSeal soft silicone eartips in sizes small, medium and large, extra diaphragm and ID tag.
[amz_corss_sell asin=""B0BF3CHQL7""]",B0BF3CHQL7,com,999999,amz-B0BF3CHQL7,amazon,https://www.amazon.com/dp/B0BF3CHQL7/,1746751012,0,0,1,239,0,239,1,0,0,1778970612,invalid,31
813,external,,,"MDF Instruments, Acoustica Lightweight Stethoscope for Doctors, Nurses, Students, Home Health Use, Adult, Dual Head, Black Tube, Black Chestpiece-Headset, MDF747XPBO",1,0,visible,"TRUSTED by Medical Providers since 1971 | Backed by our Full Lifetime Warranty & Replacement-Parts-For-Life Program Included| Latex-Free\nALL-PURPOSE LIGHTWEIGHT diagnostic stethoscope that delivers accurate auscultation of heart, lung, and stomach (gastrointestinal, bowel, etc.), blood pressure flow (Korotkoff) sounds with acoustic integrity and clarity in doctor, nurse, student, etc. clinical settings or home settings.\nDUAL HEAD CHESTPIECE designed with a turnable, fully rotating stem and a true bell and true diaphragm to capture high or low frequency sounds as needed. Handcrafted from premium aluminum to deliver the ultimate value in auditory diagnostics with unmatched performance and durability in its lightweight class.","[gallery]\nTRUSTED by Medical Providers since 1971 | Backed by our Full Lifetime Warranty & Replacement-Parts-For-Life Program Included| Latex-Free\nALL-PURPOSE LIGHTWEIGHT diagnostic stethoscope that delivers accurate auscultation of heart, lung, and stomach (gastrointestinal, bowel, and so forth.), blood pressure go with the flow (Korotkoff) sounds with acoustic integrity and clarity in doctor, nurse, student, and so forth. clinical settings or home settings.\nDUAL HEAD CHESTPIECE designed with a turnable, fully rotating stem and a true bell and true diaphragm to capture high or low frequency sounds as needed. Hand made from premium aluminum to deliver without equal value in auditory diagnostics with unmatched performance and sturdiness in its lightweight class.\nPATENTS, HEADSET, TUBING & EARTIPS: longer, thicker and non-stick tube and ErgonoMax headset that features a patented dual-leaf spring construction, patented Acoustic Pyramid Chamber and a patented SafetyLock Eartip adapters to maximise sound performance, durability, comfort, and extended use.\nINCLUDES: 3 pairs of Small, Regular and Large MDF ComfortSeal clear eartips, an additional diaphragm, ID name tag, Lifetime Warranty and Replacement Parts for Life program included. Makes a superb present with over 20 color variations to make a choice from.\n[amz_corss_sell asin=""B0011E8DG2""]",,,taxable,,1,,,0,0,,,,,1,,,27.99,"Industrial and Scientific > Professional Medical Supplies > Diagnostics and Screening > Stethoscopes",,,"https://m.media-amazon.com/images/I/41kUutGmtgL.jpg, https://m.media-amazon.com/images/I/41kUutGmtgL.jpg",,,,,,,https://4anurse.com/?redirectAmzASIN=B0011E8DG2&redirect_prodid=amz-B0011E8DG2,,0,,,,0,,"[gallery]
TRUSTED by Medical Providers since 1971 | Backed by our Full Lifetime Warranty & Replacement-Parts-For-Life Program Included| Latex-Free
ALL-PURPOSE LIGHTWEIGHT diagnostic stethoscope that delivers accurate auscultation of heart, lung, and stomach (gastrointestinal, bowel, {etc|and so on|and so forth|and the like}.), blood pressure {flow|go with the flow|drift|float|glide|waft} (Korotkoff) sounds with acoustic integrity and clarity in doctor, nurse, student, {etc|and so on|and so forth|and the like}. clinical settings or home settings.
DUAL HEAD CHESTPIECE designed with a turnable, fully rotating stem and a true bell and true diaphragm to capture high or low frequency sounds as needed. {Handcrafted|Hand made} from premium aluminum to deliver {the ultimate|without equal} value in auditory diagnostics with unmatched performance {and durability|and sturdiness} in its lightweight class.
PATENTS, HEADSET, TUBING & EARTIPS: longer, thicker and non-stick tube and ErgonoMax headset {that includes a|that features a} patented dual-leaf spring construction, patented Acoustic Pyramid Chamber and a patented SafetyLock Eartip adapters {to maximize|to maximise} sound performance, durability, comfort, and extended use.
INCLUDES: 3 pairs of Small, Regular and Large MDF ComfortSeal clear eartips, {an extra|an additional} diaphragm, ID name tag, Lifetime Warranty and Replacement Parts for Life program included. Makes {a great gift|an excellent gift|a superb present} with over 20 color variations {to choose from|to make a choice from|to choose between}.
[amz_corss_sell asin=""B0011E8DG2""]","[gallery]
TRUSTED by Medical Providers since 1971 | Backed by our Full Lifetime Warranty & Replacement-Parts-For-Life Program Included| Latex-Free
ALL-PURPOSE LIGHTWEIGHT diagnostic stethoscope that delivers accurate auscultation of heart, lung, and stomach (gastrointestinal, bowel, {and so forth|and so on|and the like|etc}.), blood pressure {go with the flow|drift|waft|float|glide|flow} (Korotkoff) sounds with acoustic integrity and clarity in doctor, nurse, student, {and so forth|and so on|and the like|etc}. clinical settings or home settings.
DUAL HEAD CHESTPIECE designed with a turnable, fully rotating stem and a true bell and true diaphragm to capture high or low frequency sounds as needed. {Hand made|Handcrafted} from premium aluminum to deliver {without equal|the ultimate} value in auditory diagnostics with unmatched performance {and sturdiness|and durability} in its lightweight class.
PATENTS, HEADSET, TUBING & EARTIPS: longer, thicker and non-stick tube and ErgonoMax headset {that features a|that includes a} patented dual-leaf spring construction, patented Acoustic Pyramid Chamber and a patented SafetyLock Eartip adapters {to maximise|to maximize} sound performance, durability, comfort, and extended use.
INCLUDES: 3 pairs of Small, Regular and Large MDF ComfortSeal clear eartips, {an additional|an extra} diaphragm, ID name tag, Lifetime Warranty and Replacement Parts for Life program included. Makes {a superb present|an excellent gift|a great gift} with over 20 color variations {to make a choice from|to choose between|to choose from}.
[amz_corss_sell asin=""B0011E8DG2""]","[gallery]
TRUSTED by Medical Providers since 1971 | Backed by our Full Lifetime Warranty & Replacement-Parts-For-Life Program Included| Latex-Free
ALL-PURPOSE LIGHTWEIGHT diagnostic stethoscope that delivers accurate auscultation of heart, lung, and stomach (gastrointestinal, bowel, etc.), blood pressure flow (Korotkoff) sounds with acoustic integrity and clarity in doctor, nurse, student, etc. clinical settings or home settings.
DUAL HEAD CHESTPIECE designed with a turnable, fully rotating stem and a true bell and true diaphragm to capture high or low frequency sounds as needed. Handcrafted from premium aluminum to deliver the ultimate value in auditory diagnostics with unmatched performance and durability in its lightweight class.
PATENTS, HEADSET, TUBING & EARTIPS: longer, thicker and non-stick tube and ErgonoMax headset that includes a patented dual-leaf spring construction, patented Acoustic Pyramid Chamber and a patented SafetyLock Eartip adapters to maximize sound performance, durability, comfort, and extended use.
INCLUDES: 3 pairs of Small, Regular and Large MDF ComfortSeal clear eartips, an extra diaphragm, ID name tag, Lifetime Warranty and Replacement Parts for Life program included. Makes a great gift with over 20 color variations to choose from.
[amz_corss_sell asin=""B0011E8DG2""]",B0011E8DG2,com,999999,amz-B0011E8DG2,amazon,https://www.amazon.com/dp/B0011E8DG2/,1746751013,0,0,1,248,1,248,,0,0,1778970612,invalid,14
822,external,,,"Christian Art Gifts Ceramic Coffee Mug – 15 oz. Microwave and Dishwasher-Safe Inspirational Scripture Coffee and Tea Mug with Encouraging Words: God Found the Strongest People and Made Them Nurses",1,0,visible,"Encouraging Gift for Nurses: This white ceramic mug for Nurses with it's fun shape and motivational sentiment is a great way to show kindness and gratitude to your favorite care giver or medical professional.\nStylish Motivational Mug: This stylish white ceramic coffee or tea mug features the word “nurse” in entwined in heart-shaped cherry red stethoscope tubing. On the opposite side: God found the strongest people & made them nurses is printed in black and cherry red lettering.\nDishwasher & Microwave Safe: This easy care and use mug can easily be put in the microwave to reheat your favorite beverage. Perfect mug for coffee, tea, cocoa, or any of your favorite beverages. Capacity 15 fl. oz. (444 ml)","[gallery]\nEncouraging Gift for Nurses: This white ceramic mug for Nurses with it is fun shape and motivational sentiment is a good way to show kindness and gratitude for your favorite care giver or medical professional.\nStylish Motivational Mug: This stylish white ceramic coffee or tea mug features the word “nurse” in entwined in heart-shaped cherry red stethoscope tubing. At the opposite side: God found the strongest people & made them nurses is printed in black and cherry red lettering.\nDishwasher & Microwave Protected: This easy care and use mug can easily be put within the microwave to reheat your favorite beverage. Perfect mug for coffee, tea, cocoa, or any of your favorite beverages. Capacity 15 fl. oz. (444 ml)\nEasy Gifting: Packaged in a gift box this mug makes gift giving a breeze. Suitable for nursing students, Registered nurses or any individual within the nursing profession to brighten their day and offer appreciation for their hard work and dedication.\nMug dimensions are 3.5"" x 4.9"" x 4.9"" and comes in a gift box. Ideal gift to your favorite frontline worker who could use a cupful of inspiration and encouragement at the same time as drinking their choice beverage right through a long work day.",,,taxable,,1,,,0,0,,,,,1,,,10.99,"Home and Kitchen > Kitchen and Dining > Dining and Entertaining > Novelty",,,"https://m.media-amazon.com/images/I/41d44uK58-L.jpg, https://m.media-amazon.com/images/I/41d44uK58-L.jpg",,,,,,,https://4anurse.com/?redirectAmzASIN=B082DN41GG&redirect_prodid=amz-B082DN41GG,,0,,,,0,,"[gallery]
Encouraging Gift for Nurses: This white ceramic mug for Nurses with {it's|it is} fun shape and motivational sentiment is {a great way|a good way|an effective way} to show kindness and gratitude {to your|for your|on your|in your} favorite care giver or medical professional.
Stylish Motivational Mug: This stylish white ceramic coffee or tea mug features the word “nurse” in entwined in heart-shaped cherry red stethoscope tubing. {On the|At the} opposite side: God found the strongest people & made them nurses is printed in black and cherry red lettering.
Dishwasher & Microwave {Safe|Protected|Secure}: This easy care and use mug can easily be put {in the|within the} microwave to reheat your favorite beverage. Perfect mug for coffee, tea, cocoa, or any of your favorite beverages. Capacity 15 fl. oz. (444 ml)
Easy Gifting: Packaged in a gift box this mug makes gift giving a breeze. Suitable for nursing students, Registered nurses or {anyone|somebody|someone|any person|any individual} {in the|within the} nursing profession to brighten their day and offer appreciation for their hard work and dedication.
Mug dimensions are 3.5"" x 4.9"" x 4.9"" and comes in a gift box. Ideal gift {for your|on your|in your|to your} favorite frontline worker who could use a cupful of inspiration and encouragement {while|at the same time as|whilst|even as} drinking their choice beverage {during|all the way through|throughout|all through|right through|all over} a long work day.","[gallery]
Encouraging Gift for Nurses: This white ceramic mug for Nurses with {it is|it's} fun shape and motivational sentiment is {a good way|an effective way|a great way} to show kindness and gratitude {for your|in your|on your|to your} favorite care giver or medical professional.
Stylish Motivational Mug: This stylish white ceramic coffee or tea mug features the word “nurse” in entwined in heart-shaped cherry red stethoscope tubing. {At the|On the} opposite side: God found the strongest people & made them nurses is printed in black and cherry red lettering.
Dishwasher & Microwave {Protected|Secure|Safe}: This easy care and use mug can easily be put {within the|in the} microwave to reheat your favorite beverage. Perfect mug for coffee, tea, cocoa, or any of your favorite beverages. Capacity 15 fl. oz. (444 ml)
Easy Gifting: Packaged in a gift box this mug makes gift giving a breeze. Suitable for nursing students, Registered nurses or {any individual|any person|someone|somebody|anyone} {within the|in the} nursing profession to brighten their day and offer appreciation for their hard work and dedication.
Mug dimensions are 3.5"" x 4.9"" x 4.9"" and comes in a gift box. Ideal gift {to your|on your|in your|for your} favorite frontline worker who could use a cupful of inspiration and encouragement {at the same time as|even as|whilst|while} drinking their choice beverage {right through|throughout|all over|all through|all the way through|during} a long work day.","[gallery]
Encouraging Gift for Nurses: This white ceramic mug for Nurses with it's fun shape and motivational sentiment is a great way to show kindness and gratitude to your favorite care giver or medical professional.
Stylish Motivational Mug: This stylish white ceramic coffee or tea mug features the word “nurse” in entwined in heart-shaped cherry red stethoscope tubing. On the opposite side: God found the strongest people & made them nurses is printed in black and cherry red lettering.
Dishwasher & Microwave Safe: This easy care and use mug can easily be put in the microwave to reheat your favorite beverage. Perfect mug for coffee, tea, cocoa, or any of your favorite beverages. Capacity 15 fl. oz. (444 ml)
Easy Gifting: Packaged in a gift box this mug makes gift giving a breeze. Suitable for nursing students, Registered nurses or anyone in the nursing profession to brighten their day and offer appreciation for their hard work and dedication.
Mug dimensions are 3.5"" x 4.9"" x 4.9"" and comes in a gift box. Ideal gift for your favorite frontline worker who could use a cupful of inspiration and encouragement while drinking their choice beverage during a long work day.",B082DN41GG,com,999999,amz-B082DN41GG,amazon,https://www.amazon.com/dp/B082DN41GG/,1746751693,0,0,1,248,0,248,,0,0,1778970612,invalid,14
824,external,,,"Nurse Gifts for Women, Funny Nurse Mug with Gold Print, Nurses Week Retirement Graduation Appreciation Present, School Nursing Student RN Practitioner, 14oz Pink Marbled Ceramic Cup, Nice Gift Boxed",1,0,visible,"Nurse Practitioner Gifts for Women: This is an ideal coffee mug gift for female nurses. The body of the cup reads ""Nurse is a work of heart"" as we know the hard work and dedication of nurses Practitioner. This marble ceramic coffee mug has a unique pink pattern that is so elegant and gorgeous that women will love it. For example, birthdays, graduation, retirement, discharge from hospital, Christmas, Nurses Week Day, we can use this gift to express our best thanks and wishes to her\nHigh Quality & Convenience: 14oz ceramic mugs are hand-painted by professional designers and crafted by professional craftsmen. Made of durable, safe and harmless gold material, fired in a high-temperature kiln, not easy to scratch, and gives the gold a bright luster that sparkles under the light. Microwave and dishwasher safe. This nurse gift mug is made from our special gift box satin that's guaranteed not to break\nNice Gift Boxed: We know ceramic mugs are fragile, so we designed our own gift box so you don't have to buy additional packaging. Our gift boxes are very sturdy and attractive, thanks to the very high-end materials used inside and outside. This popular nurse mug coffee mug is quickly CAN Fast Got It, so there's no need to wait long","[gallery]\nNurse Practitioner Gifts for Women: This is an ideal coffee mug gift for female nurses. The body of the cup reads ""Nurse is a work of heart"" as we know the hard work and dedication of nurses Practitioner. This marble ceramic coffee mug has a unique pink pattern that is so elegant and gorgeous that women will find it irresistible. For example, birthdays, graduation, retirement, discharge from hospital, Christmas, Nurses Week Day, we can use this gift to express our best thanks and wishes to her\nHigh Quality & Convenience: 14oz ceramic mugs are hand-painted by professional designers and crafted by professional craftsmen. Made of durable, secure and harmless gold material, fired in a high-temperature kiln, not easy to scratch, and gives the gold a bright luster that sparkles under the light. Microwave and dishwasher secure. This nurse gift mug is made from our special gift box satin that's guaranteed not to break\nNice Gift Boxed: We know ceramic mugs are fragile, so we designed our own gift box so you don't have to buy additional packaging. Our gift boxes are very sturdy and attractive, thanks to the very high-end materials used inside and outside. This popular nurse mug coffee mug is quickly CAN Fast Got It, so there is not any need to wait long\nDurable and Beautiful: ALBISS is a thoughtful that makes a speciality of creating gifts for people with a variety of themes. We specialize in providing prime quality coffee mugs for everyone. Therefore, we are professionals and the cups can be used for a very long time without being damaged by external forces, which makes the feeling of companionship longer lasting. We also use a gold print design, and you'll be able to see different golden sheen at different angles\nSatisfactory After-sales: We aim to provide people with high-quality products and a perfect gift-giving experience. If you encounter any problems when the usage of the product, please feel free to contact us and we can solve it in time",,,taxable,,1,,,0,0,,,,,1,,,12.99,"Home and Kitchen > Kitchen and Dining > Dining and Entertaining > Novelty",,,"https://m.media-amazon.com/images/I/41KVuy5mtTL.jpg, https://m.media-amazon.com/images/I/41KVuy5mtTL.jpg",,,,,,,https://4anurse.com/?redirectAmzASIN=B0CJBMZ6FL&redirect_prodid=amz-B0CJBMZ6FL,,0,,,,0,,"[gallery]
Nurse Practitioner Gifts for Women: This is an ideal coffee mug gift for female nurses. The body of the cup reads ""Nurse is a work of heart"" as we know the hard work and dedication of nurses Practitioner. This marble ceramic coffee mug has a unique pink pattern that is so elegant and gorgeous that women will {love it|like it|adore it|find it irresistible}. For example, birthdays, graduation, retirement, discharge from hospital, Christmas, Nurses Week Day, {we can|we will be able to|we will} use this gift to express our best thanks and wishes to her
High Quality & Convenience: 14oz ceramic mugs are hand-painted by professional designers and crafted by professional craftsmen. Made of durable, {safe|protected|secure} and harmless gold material, fired in a high-temperature kiln, not easy to scratch, and gives the gold a bright luster that sparkles under the light. Microwave and dishwasher {safe|protected|secure}. This nurse gift mug is made from our special gift box satin that's guaranteed not to break
Nice Gift Boxed: We know ceramic mugs are fragile, so we designed our own gift box so you don't have to buy additional packaging. Our gift boxes are very sturdy and attractive, thanks to the very high-end materials used inside and outside. This popular nurse mug coffee mug is quickly CAN Fast Got It, so {there's no|there is not any|there is no} need to wait long
Durable and Beautiful: ALBISS is a thoughtful {that specializes in|that makes a speciality of|that focuses on} creating gifts for people with a variety of themes. We specialize in providing {high quality|top of the range|prime quality|top quality} coffee mugs for everyone. Therefore, we are professionals and the cups can be used {for a long time|for a very long time} without being damaged by external forces, which makes the feeling of companionship longer lasting. We also use a gold print design, and {you can|you'll be able to|you'll} see different golden sheen at different angles
Satisfactory After-sales: We aim to provide people with high-quality products and a perfect gift-giving experience. If you encounter any problems when {using|the use of|the usage of} the product, please feel free to contact us and {we will|we will be able to|we can} solve it in time","[gallery]
Nurse Practitioner Gifts for Women: This is an ideal coffee mug gift for female nurses. The body of the cup reads ""Nurse is a work of heart"" as we know the hard work and dedication of nurses Practitioner. This marble ceramic coffee mug has a unique pink pattern that is so elegant and gorgeous that women will {find it irresistible|adore it|like it|love it}. For example, birthdays, graduation, retirement, discharge from hospital, Christmas, Nurses Week Day, {we can|we will be able to|we will} use this gift to express our best thanks and wishes to her
High Quality & Convenience: 14oz ceramic mugs are hand-painted by professional designers and crafted by professional craftsmen. Made of durable, {secure|protected|safe} and harmless gold material, fired in a high-temperature kiln, not easy to scratch, and gives the gold a bright luster that sparkles under the light. Microwave and dishwasher {secure|protected|safe}. This nurse gift mug is made from our special gift box satin that's guaranteed not to break
Nice Gift Boxed: We know ceramic mugs are fragile, so we designed our own gift box so you don't have to buy additional packaging. Our gift boxes are very sturdy and attractive, thanks to the very high-end materials used inside and outside. This popular nurse mug coffee mug is quickly CAN Fast Got It, so {there is not any|there is no|there's no} need to wait long
Durable and Beautiful: ALBISS is a thoughtful {that makes a speciality of|that focuses on|that specializes in} creating gifts for people with a variety of themes. We specialize in providing {prime quality|top quality|top of the range|high quality} coffee mugs for everyone. Therefore, we are professionals and the cups can be used {for a very long time|for a long time} without being damaged by external forces, which makes the feeling of companionship longer lasting. We also use a gold print design, and {you'll be able to|you'll|you can} see different golden sheen at different angles
Satisfactory After-sales: We aim to provide people with high-quality products and a perfect gift-giving experience. If you encounter any problems when {the usage of|the use of|using} the product, please feel free to contact us and {we can|we will be able to|we will} solve it in time","[gallery]
Nurse Practitioner Gifts for Women: This is an ideal coffee mug gift for female nurses. The body of the cup reads ""Nurse is a work of heart"" as we know the hard work and dedication of nurses Practitioner. This marble ceramic coffee mug has a unique pink pattern that is so elegant and gorgeous that women will love it. For example, birthdays, graduation, retirement, discharge from hospital, Christmas, Nurses Week Day, we can use this gift to express our best thanks and wishes to her
High Quality & Convenience: 14oz ceramic mugs are hand-painted by professional designers and crafted by professional craftsmen. Made of durable, safe and harmless gold material, fired in a high-temperature kiln, not easy to scratch, and gives the gold a bright luster that sparkles under the light. Microwave and dishwasher safe. This nurse gift mug is made from our special gift box satin that's guaranteed not to break
Nice Gift Boxed: We know ceramic mugs are fragile, so we designed our own gift box so you don't have to buy additional packaging. Our gift boxes are very sturdy and attractive, thanks to the very high-end materials used inside and outside. This popular nurse mug coffee mug is quickly CAN Fast Got It, so there's no need to wait long
Durable and Beautiful: ALBISS is a thoughtful that specializes in creating gifts for people with a variety of themes. We specialize in providing high quality coffee mugs for everyone. Therefore, we are professionals and the cups can be used for a long time without being damaged by external forces, which makes the feeling of companionship longer lasting. We also use a gold print design, and you can see different golden sheen at different angles
Satisfactory After-sales: We aim to provide people with high-quality products and a perfect gift-giving experience. If you encounter any problems when using the product, please feel free to contact us and we will solve it in time",B0CJBMZ6FL,com,999999,amz-B0CJBMZ6FL,amazon,https://www.amazon.com/dp/B0CJBMZ6FL/,1746751696,0,0,1,259,0,259,,0,0,1778970612,invalid,10
826,external,,,"WITH LOVE Nurses Mug Coffee Scrubs Rubber Gloves, Teal, Funny Comedic Novelty Gift for Nurses, Doctors, and Medical Students, Large, 14oz",1,0,visible,"Nurse Novelty Mug - For all the nurses and medical professionals, this cute and durable teal mug with lighthearted novelty is a great way to put a smile on their faces while they sip any beverage they need to power them through the day!\nNurse Appreciation Present - This sturdy 14 oz. mug is the perfect present to show some admiration and a little humor to all physicians, practitioners, and caregivers out there who recognize that their days are not complete without some coffee, scrubs, and rubber gloves!\nLarge Mug - Enjoy more of your favorite hot chocolate, cup of jo, tea, matcha with this sturdy, big mug whether at home or work. Just over 4"" and will fit under most single serve personal coffee makers.","[gallery]\nNurse Novelty Mug - For all of the nurses and medical professionals, this cute and durable teal mug with lighthearted novelty is a good way to put a smile on their faces whilst they sip any beverage they wish to power them through the day!\nNurse Appreciation Present - This sturdy 14 oz. mug is the easiest present to show some admiration and a little humor to all physicians, practitioners, and caregivers in the market who recognize that their days don't seem to be complete without some coffee, scrubs, and rubber gloves!\nLarge Mug - Enjoy more of your favorite hot chocolate, cup of jo, tea, matcha with this sturdy, big mug whether at home or work. Just over 4"" and will fit under most single serve personal coffee makers.\nGift Able Packaging - You’re all set with a gift for any healthcare worker, medical student, or graduate in your life! All tea drinkers and java lovers are sure to enjoy that perfect cup of cold brew or matcha whilst at the office or home. Brown kraft paper style gift box for easy wrapping and to bless your pea pickin' heart.\nOn a regular basis Mug for Hot and Cold Beverages - Perfect for On a regular basis use at home, the office, or school. Use it for hot and cold beverages. Handwash really useful to preserve design.",,,taxable,,1,,,0,0,,,,,1,,,9.99,"Home and Kitchen > Kitchen and Dining > Dining and Entertaining > Novelty",,,"https://m.media-amazon.com/images/I/41Hf9cmankL.jpg, https://m.media-amazon.com/images/I/41Hf9cmankL.jpg",,,,,,,https://4anurse.com/?redirectAmzASIN=B0D5S22Z96&redirect_prodid=amz-B0D5S22Z96,,0,,,,0,,"[gallery]
Nurse Novelty Mug - For {all the|all of the|the entire} nurses and medical professionals, this cute and durable teal mug with lighthearted novelty is {a great way|a good way|an effective way} to put a smile on their faces {while|at the same time as|whilst|even as} they sip any beverage they {need to|want to|wish to} power them through the day!
Nurse Appreciation Present - This sturdy 14 oz. mug is {the perfect|the very best|the easiest} present to show some admiration and a little humor to all physicians, practitioners, and caregivers {out there|in the market|available in the market} who recognize that their days {are not|don't seem to be|aren't} complete without some coffee, scrubs, and rubber gloves!
Large Mug - Enjoy more of your favorite hot chocolate, cup of jo, tea, matcha with this sturdy, big mug whether at home or work. Just over 4"" and will fit under most single serve personal coffee makers.
Gift {Ready|In a position|Able} Packaging - You’re all set with a gift for any healthcare worker, medical student, or graduate in your life! All tea drinkers and java lovers are sure to enjoy that perfect cup of cold brew or matcha {while|at the same time as|whilst|even as} at the office or home. Brown kraft paper style gift box for easy wrapping and to bless your pea pickin' heart.
{Everyday|On a regular basis} Mug for Hot and Cold Beverages - Perfect for {Everyday|On a regular basis} use at home, the office, or school. Use it for hot and cold beverages. Handwash {recommended|beneficial|really helpful|advisable|really useful} to preserve design.","[gallery]
Nurse Novelty Mug - For {all of the|the entire|all the} nurses and medical professionals, this cute and durable teal mug with lighthearted novelty is {a good way|an effective way|a great way} to put a smile on their faces {whilst|even as|at the same time as|while} they sip any beverage they {wish to|want to|need to} power them through the day!
Nurse Appreciation Present - This sturdy 14 oz. mug is {the easiest|the very best|the perfect} present to show some admiration and a little humor to all physicians, practitioners, and caregivers {in the market|available in the market|out there} who recognize that their days {don't seem to be|aren't|are not} complete without some coffee, scrubs, and rubber gloves!
Large Mug - Enjoy more of your favorite hot chocolate, cup of jo, tea, matcha with this sturdy, big mug whether at home or work. Just over 4"" and will fit under most single serve personal coffee makers.
Gift {Able|In a position|Ready} Packaging - You’re all set with a gift for any healthcare worker, medical student, or graduate in your life! All tea drinkers and java lovers are sure to enjoy that perfect cup of cold brew or matcha {whilst|even as|at the same time as|while} at the office or home. Brown kraft paper style gift box for easy wrapping and to bless your pea pickin' heart.
{On a regular basis|Everyday} Mug for Hot and Cold Beverages - Perfect for {On a regular basis|Everyday} use at home, the office, or school. Use it for hot and cold beverages. Handwash {really useful|beneficial|really helpful|advisable|recommended} to preserve design.","[gallery]
Nurse Novelty Mug - For all the nurses and medical professionals, this cute and durable teal mug with lighthearted novelty is a great way to put a smile on their faces while they sip any beverage they need to power them through the day!
Nurse Appreciation Present - This sturdy 14 oz. mug is the perfect present to show some admiration and a little humor to all physicians, practitioners, and caregivers out there who recognize that their days are not complete without some coffee, scrubs, and rubber gloves!
Large Mug - Enjoy more of your favorite hot chocolate, cup of jo, tea, matcha with this sturdy, big mug whether at home or work. Just over 4"" and will fit under most single serve personal coffee makers.
Gift Ready Packaging - You’re all set with a gift for any healthcare worker, medical student, or graduate in your life! All tea drinkers and java lovers are sure to enjoy that perfect cup of cold brew or matcha while at the office or home. Brown kraft paper style gift box for easy wrapping and to bless your pea pickin' heart.
Everyday Mug for Hot and Cold Beverages - Perfect for everyday use at home, the office, or school. Use it for hot and cold beverages. Handwash recommended to preserve design.",B0D5S22Z96,com,999999,amz-B0D5S22Z96,amazon,https://www.amazon.com/dp/B0D5S22Z96/,1746751697,0,0,1,230,0,230,,0,0,1778970612,invalid,6
828,external,,,"Nurse Gifts for Women - Nurses Week Gifts 2025 - Nurse Rn Lpn Practitioner Gift for Women - Retirement, Birthday, Graduation Appreciation Nursing Student Ideas - 14 Oz Purple Nursing Mug",1,0,visible,"Nurse Gifts for Women: Looking for the perfect gifts for the nurses in your life? This nurse mug is the best way to show your appreciation for their selfless dedication and hard work. It's not just a thoughtful gift, but also a comfort during the nurse's busy daily routine, making them feel loved and warm, and reminding them how extraordinary they are\nFunny Nurse Gifts for Nurse Week: The witty and funny Nurse Coffee Mug is a unique thank you gifts for nurses female, whether it's Nurses Day, Nurse Week, Nursing Graduation, Birthday, Mothers Day, Christmas or Valentines Day. Whenever nurses pick up this mug and take a sip of coffee, tea, or hot cocoa, they will smile because their efforts are seen, valued, and celebrated\nNurse Appreciation Gifts: Our nurse mug is personalized and meaningful. Whether it's for a new nurse, nursing preceptor, nurse practitioner, registered nurse, nursing student or school nurse, they'll love it. Great for nursing student gifts, nursing graduation gifts, nurse week gifts, school nurse gifts, rn nurse gifts, nurse practitioner gifts, registered nurse gifts,nurse appreciation gifts, labor and delivery nurse gifts","[gallery]\nNurse Gifts for Women: On the lookout for the perfect gifts for the nurses in your life? This nurse mug is the easiest way to show your appreciation for their selfless dedication and hard work. It isn't just a thoughtful gift, but also a comfort all over the nurse's busy daily routine, making them feel loved and warm, and reminding them how abnormal they're\nFunny Nurse Gifts for Nurse Week: The witty and funny Nurse Coffee Mug is a unique thank you gifts for nurses female, whether it's Nurses Day, Nurse Week, Nursing Graduation, Birthday, Mothers Day, Christmas or Valentines Day. Whenever nurses pick up this mug and take a sip of coffee, tea, or hot cocoa, they'll smile because their efforts are seen, valued, and celebrated\nNurse Appreciation Gifts: Our nurse mug is personalized and meaningful. Whether it's for a new nurse, nursing preceptor, nurse practitioner, registered nurse, nursing student or school nurse, they are going to adore it. Great for nursing student gifts, nursing graduation gifts, nurse week gifts, school nurse gifts, rn nurse gifts, nurse practitioner gifts, registered nurse gifts,nurse appreciation gifts, labor and delivery nurse gifts\nThoughtful & Practical: 14 oz purple nurse coffee mug comes in an exquisite gift box, a perfect combination of style and functionality, accompanying nurses through shifts and busy to bring them joy! For all occasions: rn gifts for nurses, nurse practitioner gifts for women, nurse graduation gifts, Christmas gifts for nurses, nurse birthday gifts,Mothers Day gifts for nurses, Valentines Day gifts for nurses\nPortable and Durable: Made of food grade stainless steel for safety and durability. Comes with deal with, BPA-free leak-proof sliding lid, reusable straw and straw cleaner for easy use and portability. 14 oz capacity is sufficient to meet daily needs, and vacuum insulated design keeps drinks hot for 3 hours or cold for 6 hours. Whether it's hot coffee or iced tea, drinks stay at your favorite temperature",,,taxable,,1,,,0,0,,,,,1,,,19.99,"Home and Kitchen > Kitchen and Dining > Dining and Entertaining > Novelty",,,"https://m.media-amazon.com/images/I/51E1sNI3NpL.jpg, https://m.media-amazon.com/images/I/51E1sNI3NpL.jpg",,,,,,,https://4anurse.com/?redirectAmzASIN=B0DSHLCTS8&redirect_prodid=amz-B0DSHLCTS8,,0,,,,0,,"[gallery]
Nurse Gifts for Women: {Looking for|In search of|On the lookout for|Searching for} the perfect gifts for the nurses in your life? This nurse mug is {the best way|one of the simplest ways|the easiest way|one of the best ways} to show your appreciation for their selfless dedication and hard work. {It's not|It is not|It isn't} just a thoughtful gift, but also a comfort {during|all the way through|throughout|all through|right through|all over} the nurse's busy daily routine, making them feel loved and warm, and reminding them how {extraordinary|ordinary|odd|strange|abnormal|unusual|peculiar|bizarre|atypical} {they are|they're}
Funny Nurse Gifts for Nurse Week: The witty and funny Nurse Coffee Mug is a unique thank you gifts for nurses female, whether it's Nurses Day, Nurse Week, Nursing Graduation, Birthday, Mothers Day, Christmas or Valentines Day. Whenever nurses pick up this mug and take a sip of coffee, tea, or hot cocoa, {they will|they are going to|they're going to|they'll} smile because their efforts are seen, valued, and celebrated
Nurse Appreciation Gifts: Our nurse mug is personalized and meaningful. Whether it's for a new nurse, nursing preceptor, nurse practitioner, registered nurse, nursing student or school nurse, {they'll|they are going to|they will|they're going to} {love it|like it|adore it|find it irresistible}. Great for nursing student gifts, nursing graduation gifts, nurse week gifts, school nurse gifts, rn nurse gifts, nurse practitioner gifts, registered nurse gifts,nurse appreciation gifts, labor and delivery nurse gifts
Thoughtful & Practical: 14 oz purple nurse coffee mug comes in an exquisite gift box, a perfect combination of style and functionality, accompanying nurses through shifts and busy to bring them joy! For all occasions: rn gifts for nurses, nurse practitioner gifts for women, nurse graduation gifts, Christmas gifts for nurses, nurse birthday gifts,Mothers Day gifts for nurses, Valentines Day gifts for nurses
Portable and Durable: Made of food grade stainless steel for safety and durability. Comes with {handle|take care of|care for|deal with|maintain}, BPA-free leak-proof sliding lid, reusable straw and straw cleaner for easy use and portability. 14 oz capacity is sufficient to meet daily needs, and vacuum insulated design keeps drinks hot for 3 hours or cold for 6 hours. Whether it's hot coffee or iced tea, drinks stay at your favorite temperature","[gallery]
Nurse Gifts for Women: {On the lookout for|Searching for|In search of|Looking for} the perfect gifts for the nurses in your life? This nurse mug is {the easiest way|one of the simplest ways|one of the best ways|the best way} to show your appreciation for their selfless dedication and hard work. {It isn't|It is not|It's not} just a thoughtful gift, but also a comfort {all over|right through|all the way through|throughout|all through|during} the nurse's busy daily routine, making them feel loved and warm, and reminding them how {abnormal|strange|bizarre|ordinary|odd|atypical|peculiar|unusual|extraordinary} {they're|they are}
Funny Nurse Gifts for Nurse Week: The witty and funny Nurse Coffee Mug is a unique thank you gifts for nurses female, whether it's Nurses Day, Nurse Week, Nursing Graduation, Birthday, Mothers Day, Christmas or Valentines Day. Whenever nurses pick up this mug and take a sip of coffee, tea, or hot cocoa, {they'll|they are going to|they're going to|they will} smile because their efforts are seen, valued, and celebrated
Nurse Appreciation Gifts: Our nurse mug is personalized and meaningful. Whether it's for a new nurse, nursing preceptor, nurse practitioner, registered nurse, nursing student or school nurse, {they are going to|they will|they're going to|they'll} {adore it|like it|find it irresistible|love it}. Great for nursing student gifts, nursing graduation gifts, nurse week gifts, school nurse gifts, rn nurse gifts, nurse practitioner gifts, registered nurse gifts,nurse appreciation gifts, labor and delivery nurse gifts
Thoughtful & Practical: 14 oz purple nurse coffee mug comes in an exquisite gift box, a perfect combination of style and functionality, accompanying nurses through shifts and busy to bring them joy! For all occasions: rn gifts for nurses, nurse practitioner gifts for women, nurse graduation gifts, Christmas gifts for nurses, nurse birthday gifts,Mothers Day gifts for nurses, Valentines Day gifts for nurses
Portable and Durable: Made of food grade stainless steel for safety and durability. Comes with {deal with|take care of|care for|maintain|handle}, BPA-free leak-proof sliding lid, reusable straw and straw cleaner for easy use and portability. 14 oz capacity is sufficient to meet daily needs, and vacuum insulated design keeps drinks hot for 3 hours or cold for 6 hours. Whether it's hot coffee or iced tea, drinks stay at your favorite temperature","[gallery]
Nurse Gifts for Women: Looking for the perfect gifts for the nurses in your life? This nurse mug is the best way to show your appreciation for their selfless dedication and hard work. It's not just a thoughtful gift, but also a comfort during the nurse's busy daily routine, making them feel loved and warm, and reminding them how extraordinary they are
Funny Nurse Gifts for Nurse Week: The witty and funny Nurse Coffee Mug is a unique thank you gifts for nurses female, whether it's Nurses Day, Nurse Week, Nursing Graduation, Birthday, Mothers Day, Christmas or Valentines Day. Whenever nurses pick up this mug and take a sip of coffee, tea, or hot cocoa, they will smile because their efforts are seen, valued, and celebrated
Nurse Appreciation Gifts: Our nurse mug is personalized and meaningful. Whether it's for a new nurse, nursing preceptor, nurse practitioner, registered nurse, nursing student or school nurse, they'll love it. Great for nursing student gifts, nursing graduation gifts, nurse week gifts, school nurse gifts, rn nurse gifts, nurse practitioner gifts, registered nurse gifts,nurse appreciation gifts, labor and delivery nurse gifts
Thoughtful & Practical: 14 oz purple nurse coffee mug comes in an exquisite gift box, a perfect combination of style and functionality, accompanying nurses through shifts and busy to bring them joy! For all occasions: rn gifts for nurses, nurse practitioner gifts for women, nurse graduation gifts, Christmas gifts for nurses, nurse birthday gifts,Mothers Day gifts for nurses, Valentines Day gifts for nurses
Portable and Durable: Made of food grade stainless steel for safety and durability. Comes with handle, BPA-free leak-proof sliding lid, reusable straw and straw cleaner for easy use and portability. 14 oz capacity is sufficient to meet daily needs, and vacuum insulated design keeps drinks hot for 3 hours or cold for 6 hours. Whether it's hot coffee or iced tea, drinks stay at your favorite temperature",B0DSHLCTS8,com,999999,amz-B0DSHLCTS8,amazon,https://www.amazon.com/dp/B0DSHLCTS8/,1746751700,0,0,1,251,0,251,,0,0,1778970612,invalid,14
830,external,,,"Christian Art Gifts Ceramic Coffee Mug – 12 oz. Microwave and Dishwasher-Safe Non-Toxic Inspirational Scripture Coffee and Tea Mug for Nurses with Bible Verse: Strength and Dignity – Proverbs 31:25",1,0,visible,"DAILY ENCOURAGEMENT: Drink in God’s Word. This motivational coffee mug is not only functional; it also serves as a strong and powerful reminder each time you take a moment to drink and meditate on the truth from Scripture of the Lord’s tender care and faithful promises to you found in His unchanging word.\nPROVERBS 31 WOMAN COFFEE MUG FOR NURSES: Christian Art Gift’s Bible verse mug for nurses features Proverbs 31:25 “She is clothed with strength and dignity” beautifully designed with heart monitor accent. Finished with a white high gloss exterior and black interior and handle.\nENCOURAGING GIFT FOR NURSES: This encouraging gift for female nurses Christian coffee mug is made of durable ceramic with lead-free and cadmium-free glaze that ensures long-term and carefree usage. Suitable for everyday use and even safe to put in the microwave or dishwasher! This cute inspirational coffee cup is approximately 4 Inches tall and has a 12-ounce capacity.","[gallery]\nDAILY ENCOURAGEMENT: Drink in God’s Word. This motivational coffee mug is not just functional; it also serves as a strong and powerful reminder every time you're taking a moment to drink and meditate on the truth from Scripture of the Lord’s tender care and faithful promises to you found in His unchanging word.\nPROVERBS 31 WOMAN COFFEE MUG FOR NURSES: Christian Art Gift’s Bible verse mug for nurses features Proverbs 31:25 “She is clothed with strength and dignity” beautifully designed with heart monitor accent. Finished with a white high gloss exterior and black interior and take care of.\nENCOURAGING GIFT FOR NURSES: This encouraging gift for female nurses Christian coffee mug is made of durable ceramic with lead-free and cadmium-free glaze that ensures long-term and carefree usage. Suitable for on a regular basis use and even protected to put in the microwave or dishwasher! This cute inspirational coffee cup is approximately 4 Inches tall and has a 12-ounce capacity.\nGIFT BOX INCLUDED: Delight nursing friends, circle of relatives, coworkers, and Christians alike whether they're a tea drinker or a coffee lover with this coffee cup gift. Packaged in a coordinating gift box for EASY GIFTING, this inspirational coffee cup makes an easy and useful gift for any occasion.\nFAITH HOPE & LOVE: Christian Art Gifts offer numerous Scripture print items. From Bible Covers, Journals, Devotional and Books, the company strives to bring the most productive quality products with a special message of hope and encouragement.",,,taxable,,1,,,0,0,,,,,1,,,7.99,"Home and Kitchen > Kitchen and Dining > Dining and Entertaining > Novelty",,,"https://m.media-amazon.com/images/I/31g+6vy+o1L.jpg, https://m.media-amazon.com/images/I/31g+6vy+o1L.jpg",,,,,,,https://4anurse.com/?redirectAmzASIN=B082DMZ7LR&redirect_prodid=amz-B082DMZ7LR,,0,,,,0,,"[gallery]
DAILY ENCOURAGEMENT: Drink in God’s Word. This motivational coffee mug {is not only|is not just|isn't just} functional; it also serves as a strong and powerful reminder {each|each and every|every} time {you take|you are taking|you're taking} a moment to drink and meditate on the truth from Scripture of the Lord’s tender care and faithful promises to you found in His unchanging word.
PROVERBS 31 WOMAN COFFEE MUG FOR NURSES: Christian Art Gift’s Bible verse mug for nurses features Proverbs 31:25 “She is clothed with strength and dignity” beautifully designed with heart monitor accent. Finished with a white high gloss exterior and black interior and {handle|take care of|care for|deal with|maintain}.
ENCOURAGING GIFT FOR NURSES: This encouraging gift for female nurses Christian coffee mug is made of durable ceramic with lead-free and cadmium-free glaze that ensures long-term and carefree usage. Suitable for {everyday|on a regular basis} use and even {safe|protected|secure} to put in the microwave or dishwasher! This cute inspirational coffee cup is approximately 4 Inches tall and has a 12-ounce capacity.
GIFT BOX INCLUDED: Delight nursing friends, {family|circle of relatives}, coworkers, and Christians alike whether {they are|they're} a tea drinker or a coffee lover with this coffee cup gift. Packaged in a coordinating gift box for EASY GIFTING, this inspirational coffee cup makes an easy and useful gift for any occasion.
FAITH HOPE & LOVE: Christian Art Gifts offer {a variety of|a number of|numerous|quite a few|various|quite a lot of|a lot of|plenty of} Scripture print items. From Bible Covers, Journals, Devotional and Books, the company strives to bring {the best|the most productive|the most efficient} quality products with a special message of hope and encouragement.","[gallery]
DAILY ENCOURAGEMENT: Drink in God’s Word. This motivational coffee mug {is not just|isn't just|is not only} functional; it also serves as a strong and powerful reminder {every|each and every|each} time {you're taking|you are taking|you take} a moment to drink and meditate on the truth from Scripture of the Lord’s tender care and faithful promises to you found in His unchanging word.
PROVERBS 31 WOMAN COFFEE MUG FOR NURSES: Christian Art Gift’s Bible verse mug for nurses features Proverbs 31:25 “She is clothed with strength and dignity” beautifully designed with heart monitor accent. Finished with a white high gloss exterior and black interior and {take care of|maintain|deal with|care for|handle}.
ENCOURAGING GIFT FOR NURSES: This encouraging gift for female nurses Christian coffee mug is made of durable ceramic with lead-free and cadmium-free glaze that ensures long-term and carefree usage. Suitable for {on a regular basis|everyday} use and even {protected|secure|safe} to put in the microwave or dishwasher! This cute inspirational coffee cup is approximately 4 Inches tall and has a 12-ounce capacity.
GIFT BOX INCLUDED: Delight nursing friends, {circle of relatives|family}, coworkers, and Christians alike whether {they're|they are} a tea drinker or a coffee lover with this coffee cup gift. Packaged in a coordinating gift box for EASY GIFTING, this inspirational coffee cup makes an easy and useful gift for any occasion.
FAITH HOPE & LOVE: Christian Art Gifts offer {numerous|various|quite a lot of|plenty of|a lot of|a number of|quite a few|a variety of} Scripture print items. From Bible Covers, Journals, Devotional and Books, the company strives to bring {the most productive|the most efficient|the best} quality products with a special message of hope and encouragement.","[gallery]
DAILY ENCOURAGEMENT: Drink in God’s Word. This motivational coffee mug is not only functional; it also serves as a strong and powerful reminder each time you take a moment to drink and meditate on the truth from Scripture of the Lord’s tender care and faithful promises to you found in His unchanging word.
PROVERBS 31 WOMAN COFFEE MUG FOR NURSES: Christian Art Gift’s Bible verse mug for nurses features Proverbs 31:25 “She is clothed with strength and dignity” beautifully designed with heart monitor accent. Finished with a white high gloss exterior and black interior and handle.
ENCOURAGING GIFT FOR NURSES: This encouraging gift for female nurses Christian coffee mug is made of durable ceramic with lead-free and cadmium-free glaze that ensures long-term and carefree usage. Suitable for everyday use and even safe to put in the microwave or dishwasher! This cute inspirational coffee cup is approximately 4 Inches tall and has a 12-ounce capacity.
GIFT BOX INCLUDED: Delight nursing friends, family, coworkers, and Christians alike whether they are a tea drinker or a coffee lover with this coffee cup gift. Packaged in a coordinating gift box for EASY GIFTING, this inspirational coffee cup makes an easy and useful gift for any occasion.
FAITH HOPE & LOVE: Christian Art Gifts offer a variety of Scripture print items. From Bible Covers, Journals, Devotional and Books, the company strives to bring the best quality products with a special message of hope and encouragement.",B082DMZ7LR,com,999999,amz-B082DMZ7LR,amazon,https://www.amazon.com/dp/B082DMZ7LR/,1746751701,0,0,1,223,0,223,,0,0,1778970612,invalid,12
832,external,,,"Enesco Our Name is Mud “Nurse Uniform, 16 oz. Stoneware Mug, 1 Count (Pack of 1), Blue",1,0,visible,"“Nurse Uniform” mug from Our Name is Mud\nMessage reads: “Nurses Call the Shots”\nShipped in decorative gift box","[gallery]\n<!-- show up to 2 reviews by default --> <p> <span>Nurses can experience your favourite beverage with this distinctive designed mug from Our Name is Dust.</span> </p>\n“Nurse Uniform” mug from Our Name is Dust\nMessage reads: “Nurses Call the Pictures”\nShipped in ornamental gift box\nTop of the range stoneware is dishwasher and microwave protected\n16 ounces. capability",,,taxable,,1,,,0,0,,,,,1,,,15,"Home and Kitchen > Kitchen and Dining",,,"https://m.media-amazon.com/images/I/41tCUQzKW4L.jpg, https://m.media-amazon.com/images/I/41tCUQzKW4L.jpg",,,,,,,https://4anurse.com/?redirectAmzASIN=B07DRD3N9N&redirect_prodid=amz-B07DRD3N9N,,0,,,,0,,"[gallery]
<!-- show up to 2 reviews by default --> <p> <span>Nurses can {enjoy|revel in|experience} your {favorite|favourite} beverage with this {unique|distinctive} designed mug from Our Name is {Mud|Dust}.</span> </p>
“Nurse Uniform” mug from Our Name is {Mud|Dust}
Message reads: “Nurses Call the {Shots|Photographs|Pictures}”
Shipped in {decorative|ornamental} gift box
{High-quality|Top quality|High quality|Top of the range|Fine quality} stoneware is dishwasher and microwave {safe|protected|secure}
16 {oz|oz.|ounces}. {capacity|capability}","[gallery]
<!-- show up to 2 reviews by default --> <p> <span>Nurses can {experience|revel in|enjoy} your {favourite|favorite} beverage with this {distinctive|unique} designed mug from Our Name is {Dust|Mud}.</span> </p>
“Nurse Uniform” mug from Our Name is {Dust|Mud}
Message reads: “Nurses Call the {Pictures|Photographs|Shots}”
Shipped in {ornamental|decorative} gift box
{Top of the range|Top quality|Fine quality|High quality|High-quality} stoneware is dishwasher and microwave {protected|secure|safe}
16 {ounces|oz.|oz}. {capability|capacity}","[gallery]
<!-- show up to 2 reviews by default --> <p> <span>Nurses can enjoy your favorite beverage with this unique designed mug from Our Name is Mud.</span> </p>
“Nurse Uniform” mug from Our Name is Mud
Message reads: “Nurses Call the Shots”
Shipped in decorative gift box
High-quality stoneware is dishwasher and microwave safe
16 oz. capacity",B07DRD3N9N,com,999999,amz-B07DRD3N9N,amazon,https://www.amazon.com/dp/B07DRD3N9N/,1746751704,0,0,1,241,0,241,,0,0,1778970612,invalid,28
834,external,,,"SANDJEST Nurse Tumbler 20oz Stainless Steel Insulated Coffee Travel Mug Cup for Nurses Nursing Student Female Friends Nurse Gift for Nurses Week Birthday Christmas Graduation",1,0,visible,"Please be aware that the final product might look slightly different compared to the images shown due to different computer monitors or mobile color display\nAppreciate your dad: what better way to show some love to your dad than our 20 ounce tumbler, which is built for an active lifestyle; the tumbler is a reliable companion that keeps your dad's favorite beverages at the perfect temperature\nTaking dad's favorite drinks everywhere: the tumbler, with its ample space, is able to carry your dad's preferred drinks, like an invigorating morning coffee, refreshing iced tea, or a nutritious protein shake anywhere and anytime","[gallery]\nPlease be mindful that the final product might look quite different in comparison to the images shown because of different computer monitors or mobile color display\nAppreciate your dad: what better way to show some love to your dad than our 20 ounce tumbler, which is built for an active way of life; the tumbler is a reliable companion that keeps your dad's favorite beverages at the very best temperature\nTaking dad's favorite drinks in all places: the tumbler, with its ample space, is in a position to carry your dad's preferred drinks, like an invigorating morning coffee, refreshing iced tea, or a nutritious protein shake anywhere and anytime\nSafe lid: the Safe lid of our tumbler keeps your dad's beverages contained anytime and anywhere; whether he's tackling a mountain trail or juggling work and family, his drinks will remain securely sealed\nSleek and stylish: the sleek design of the tumbler fits seamlessly in your dad's hand, ensuring a Safe and comfortable grip; the shape allows your dad to enjoy his favorite drinks whilst doing other activities",,,taxable,,1,,,0,0,,,,,1,,15.59,18.95,"Home and Kitchen > Kitchen and Dining > Dining and Entertaining > Glassware and Drinkware > Tumblers and Water Glasses",,,"https://m.media-amazon.com/images/I/51JtlDTnnPL.jpg, https://m.media-amazon.com/images/I/51JtlDTnnPL.jpg",,,,,,,https://4anurse.com/?redirectAmzASIN=B0DCZJ2GL3&redirect_prodid=amz-B0DCZJ2GL3,,0,,,,0,,"[gallery]
Please {be aware|keep in mind|bear in mind|remember|consider|take into account|have in mind|take note|be mindful|understand} that the final product might look {slightly|rather|quite|somewhat|fairly|relatively|moderately|reasonably} different {compared to|in comparison to} the images shown {due to|as a result of|because of} different computer monitors or mobile color display
Appreciate your dad: what better way to show some love to your dad than our 20 ounce tumbler, which is built for an active {lifestyle|way of life}; the tumbler is a reliable companion that keeps your dad's favorite beverages at {the perfect|the very best|the easiest} temperature
Taking dad's favorite drinks {everywhere|all over the place|all over|in all places|far and wide|in every single place}: the tumbler, with its ample space, {is able to|is in a position to} carry your dad's preferred drinks, like an invigorating morning coffee, refreshing iced tea, or a nutritious protein shake anywhere and anytime
{Secure|Safe|Protected} lid: the {Secure|Safe|Protected} lid of our tumbler keeps your dad's beverages contained anytime and anywhere; whether he's tackling a mountain trail or juggling work and family, his drinks will remain securely sealed
Sleek and stylish: the sleek design of the tumbler fits seamlessly in your dad's hand, ensuring a {Secure|Safe|Protected} and comfortable grip; the shape allows your dad to enjoy his favorite drinks {while|at the same time as|whilst|even as} doing other activities","[gallery]
Please {be mindful|take into account|have in mind|take note|understand|remember|consider|keep in mind|bear in mind|be aware} that the final product might look {quite|moderately|reasonably|relatively|somewhat|rather|fairly|slightly} different {in comparison to|compared to} the images shown {because of|as a result of|due to} different computer monitors or mobile color display
Appreciate your dad: what better way to show some love to your dad than our 20 ounce tumbler, which is built for an active {way of life|lifestyle}; the tumbler is a reliable companion that keeps your dad's favorite beverages at {the very best|the easiest|the perfect} temperature
Taking dad's favorite drinks {in all places|far and wide|all over|in every single place|all over the place|everywhere}: the tumbler, with its ample space, {is in a position to|is able to} carry your dad's preferred drinks, like an invigorating morning coffee, refreshing iced tea, or a nutritious protein shake anywhere and anytime
{Safe|Protected|Secure} lid: the {Safe|Protected|Secure} lid of our tumbler keeps your dad's beverages contained anytime and anywhere; whether he's tackling a mountain trail or juggling work and family, his drinks will remain securely sealed
Sleek and stylish: the sleek design of the tumbler fits seamlessly in your dad's hand, ensuring a {Safe|Protected|Secure} and comfortable grip; the shape allows your dad to enjoy his favorite drinks {whilst|even as|at the same time as|while} doing other activities","[gallery]
Please be aware that the final product might look slightly different compared to the images shown due to different computer monitors or mobile color display
Appreciate your dad: what better way to show some love to your dad than our 20 ounce tumbler, which is built for an active lifestyle; the tumbler is a reliable companion that keeps your dad's favorite beverages at the perfect temperature
Taking dad's favorite drinks everywhere: the tumbler, with its ample space, is able to carry your dad's preferred drinks, like an invigorating morning coffee, refreshing iced tea, or a nutritious protein shake anywhere and anytime
Secure lid: the secure lid of our tumbler keeps your dad's beverages contained anytime and anywhere; whether he's tackling a mountain trail or juggling work and family, his drinks will remain securely sealed
Sleek and stylish: the sleek design of the tumbler fits seamlessly in your dad's hand, ensuring a secure and comfortable grip; the shape allows your dad to enjoy his favorite drinks while doing other activities",B0DCZJ2GL3,com,999999,amz-B0DCZJ2GL3,amazon,https://www.amazon.com/dp/B0DCZJ2GL3/,1746751709,0,0,1,202,0,202,,0,0,1778970612,invalid,17
836,external,,,"1 X I'm a Nurse Superpower Light Blue 18 Oz Mug",1,0,visible,,"<!-- show up to 2 reviews by default --> <p> <span>1 X I am a Nurse Superpower Mild Blue 18 OuncesMug</span> </p>",,,taxable,,1,,,0,0,,,,,1,,,14.99,"Home and Kitchen > Kitchen and Dining",,,"https://m.media-amazon.com/images/I/51LgCBEDrrL.jpg, https://m.media-amazon.com/images/I/51LgCBEDrrL.jpg",,,,,,,https://4anurse.com/?redirectAmzASIN=B00R6PQD12&redirect_prodid=amz-B00R6PQD12,,0,,,,0,,"<!-- show up to 2 reviews by default --> <p> <span>1 X {I'm|I am} a Nurse Superpower {Light|Gentle|Mild} Blue 18 {Oz.|Ounces|Oz}Mug</span> </p>","<!-- show up to 2 reviews by default --> <p> <span>1 X {I am|I'm} a Nurse Superpower {Mild|Gentle|Light} Blue 18 {Ounces|Oz|Oz.}Mug</span> </p>","<!-- show up to 2 reviews by default --> <p> <span>1 X I'm a Nurse Superpower Light Blue 18 Oz Mug</span> </p>",B00R6PQD12,com,999999,amz-B00R6PQD12,amazon,https://www.amazon.com/dp/B00R6PQD12/,1746751713,0,0,1,263,0,263,,0,0,1778970612,invalid,21
838,external,,,"SANDJEST Nurse Tumbler Cup - Nutritional Facts Travel Coffee Mug Gift - 20oz Tumblers for Birthday, Christmas, Appreciation Week, Nursing School Graduation for Nurses, Practitioners",1,0,visible,"Ideal Gifts - This Nurse Tumbler & Insulated Can Cooler will be a great birthday, end of year, Christmas, Appreciation gifts for Nurses, soon to be nurse, Nurse Practitioners.\nUnique Gift: Our tumbler is the perfect gift for anyone who loves coffee, tea, or any other beverage, making it a thoughtful and practical gift for birthdays, holidays, or any special occasion.\nTemperature Retention: The 304 stainless steel double-walled, vacuum-insulated construction of each tumbler helps your beverage stay at the proper temperature for 6 to 12 hours. Your coffee, tea, wine, beer, or chocolate would stay hot or spill-free for hours in this container.","[gallery]\nIdeal Gifts - This Nurse Tumbler & Insulated Can Cooler will be a great birthday, end of year, Christmas, Appreciation gifts for Nurses, soon to be nurse, Nurse Practitioners.\nUnique Gift: Our tumbler is the very best gift for somebody who loves coffee, tea, or every other beverage, making it a thoughtful and practical gift for birthdays, holidays, or any special occasion.\nTemperature Retention: The 304 stainless steel double-walled, vacuum-insulated construction of every tumbler helps your beverage stay at the right kind temperature for 6 to 12 hours. Your coffee, tea, wine, beer, or chocolate would stay hot or spill-free for hours in this container.\nMore than a few Usage: This insulated tumbler with lid can contain both cold and hot drinks such as water, tea, coffee or smoothie - favorite item for hot summer, cold winter and long-way shuttle\nCarefully Packaging: Tumbler will be safely shipped with foam wrapped in a carton box. If there's any defect, damage to the product, we can send a replacement or offer a 100% refund to you.",,,taxable,,1,,,0,0,,,,,1,,,18.99,"Home and Kitchen > Kitchen and Dining > Dining and Entertaining > Glassware and Drinkware > Tumblers and Water Glasses",,,"https://m.media-amazon.com/images/I/41ECbxtEnRL.jpg, https://m.media-amazon.com/images/I/41ECbxtEnRL.jpg",,,,,,,https://4anurse.com/?redirectAmzASIN=B0B2KJR3C6&redirect_prodid=amz-B0B2KJR3C6,,0,,,,0,,"[gallery]
Ideal Gifts - This Nurse Tumbler & Insulated Can Cooler will be a great birthday, end of year, Christmas, Appreciation gifts for Nurses, soon to be nurse, Nurse Practitioners.
Unique Gift: Our tumbler is {the perfect|the very best|the easiest} gift for {anyone|somebody|someone|any person|any individual} who loves coffee, tea, or {any other|another|some other|every other} beverage, making it a thoughtful and practical gift for birthdays, holidays, or any special occasion.
Temperature Retention: The 304 stainless steel double-walled, vacuum-insulated construction of {each|each and every|every} tumbler helps your beverage stay at {the proper|the right kind|the correct} temperature for 6 to 12 hours. Your coffee, tea, wine, beer, or chocolate would stay hot or spill-free for hours in this container.
{Various|More than a few|Quite a lot of} Usage: This insulated tumbler with lid can contain both {hot and cold|cold and hot|cold and warm} drinks such as water, tea, coffee or smoothie - favorite item for hot summer, cold winter and long-way {trip|go back and forth|commute|travel|shuttle}
Carefully Packaging: Tumbler will be safely shipped with foam wrapped in a carton box. If {there is|there's|there may be} any defect, damage to the product, {we will|we will be able to|we can} send a replacement or offer a 100% refund to you.","[gallery]
Ideal Gifts - This Nurse Tumbler & Insulated Can Cooler will be a great birthday, end of year, Christmas, Appreciation gifts for Nurses, soon to be nurse, Nurse Practitioners.
Unique Gift: Our tumbler is {the very best|the easiest|the perfect} gift for {somebody|any person|any individual|someone|anyone} who loves coffee, tea, or {every other|another|some other|any other} beverage, making it a thoughtful and practical gift for birthdays, holidays, or any special occasion.
Temperature Retention: The 304 stainless steel double-walled, vacuum-insulated construction of {every|each and every|each} tumbler helps your beverage stay at {the right kind|the correct|the proper} temperature for 6 to 12 hours. Your coffee, tea, wine, beer, or chocolate would stay hot or spill-free for hours in this container.
{More than a few|Quite a lot of|Various} Usage: This insulated tumbler with lid can contain both {cold and hot|cold and warm|hot and cold} drinks such as water, tea, coffee or smoothie - favorite item for hot summer, cold winter and long-way {shuttle|commute|go back and forth|travel|trip}
Carefully Packaging: Tumbler will be safely shipped with foam wrapped in a carton box. If {there's|there may be|there is} any defect, damage to the product, {we can|we will be able to|we will} send a replacement or offer a 100% refund to you.","[gallery]
Ideal Gifts - This Nurse Tumbler & Insulated Can Cooler will be a great birthday, end of year, Christmas, Appreciation gifts for Nurses, soon to be nurse, Nurse Practitioners.
Unique Gift: Our tumbler is the perfect gift for anyone who loves coffee, tea, or any other beverage, making it a thoughtful and practical gift for birthdays, holidays, or any special occasion.
Temperature Retention: The 304 stainless steel double-walled, vacuum-insulated construction of each tumbler helps your beverage stay at the proper temperature for 6 to 12 hours. Your coffee, tea, wine, beer, or chocolate would stay hot or spill-free for hours in this container.
Various Usage: This insulated tumbler with lid can contain both hot and cold drinks such as water, tea, coffee or smoothie - favorite item for hot summer, cold winter and long-way trip
Carefully Packaging: Tumbler will be safely shipped with foam wrapped in a carton box. If there is any defect, damage to the product, we will send a replacement or offer a 100% refund to you.",B0B2KJR3C6,com,999999,amz-B0B2KJR3C6,amazon,https://www.amazon.com/dp/B0B2KJR3C6/,1746751714,0,0,1,197,0,197,,0,0,1778970612,invalid,16
840,external,,,"BigMouth Inc. Prescription Coffee Mug - Large Funny Prescription Coffee Cup - Unique Pharmacy Gifts - Hilarious Novelty and Gag Gifts for Doctor - Dishwasher-Safe Ceramic Pill Bottle Coffee Cup - 12oz",1,0,visible,"Porcelain\nImported\nGet Your Daily Dose Of Caffeine In Epic Style: Imagine stumbling into the kitchen, feeling like a zombie, and there it is – the pill bottle coffee mug, your caffeinated superhero. With a mug this big, your daily drowsiness doesn't stand a chance!","[gallery]\nPorcelain\nImported\nGet Your Day by day Dose Of Caffeine In Epic Style: Consider stumbling into the kitchen, feeling like a zombie, and there it's – the pill bottle coffee mug, your caffeinated superhero. With a mug this big, your Day by day drowsiness doesn't stand an opportunity!\nA Big Mug For A Big Buzz: This funny mug has a 12-ounce capacity and features a “Prescription Coffee” label, reminding you that coffee is the most productive medicine. It’s the ideal prescription mug for your caffeine therapy.\nEnjoy Your Delicious Cup Of Joe – To Be Taken With A Smile: Whether you're at the hunt for novelty coffee mugs, funny coffee mugs, or charming coffee cups, this one's a winner. Surprise any coffee fanatic who cannot function with a cup of coffee!\nBrew-tifully Sturdy Ceramic Mug Will Last For Years: Perfect for home or administrative center, this personalized coffee mug combines durability with style. Crafted of sturdy ceramic, a comfortable care for, and a funny design, it's the ideal coffee or tea mug.\nTime To Pop The Day by day Happiness Pill: Often referred to as coffee! Life’s too short for boring coffee mugs. Follow you doctor’s orders sip by sip and add more vitamin C-offee to your Day by day diet with prescription pill bottle coffee mug with BigMouth Inc’s signature quality.",,,taxable,,1,,,0,0,,,,,1,,,14.99,"Home and Kitchen > Kitchen and Dining",,,"https://m.media-amazon.com/images/I/41tr4k8a+vL.jpg, https://m.media-amazon.com/images/I/41tr4k8a+vL.jpg",,,,,,,https://4anurse.com/?redirectAmzASIN=B0085MQPSG&redirect_prodid=amz-B0085MQPSG,,0,,,,0,,"[gallery]
Porcelain
Imported
Get Your {Daily|Day by day|Day-to-day} Dose Of Caffeine In Epic Style: {Imagine|Believe|Consider} stumbling into the kitchen, feeling like a zombie, and there {it is|it's} – the pill bottle coffee mug, your caffeinated superhero. With a mug this big, your {Daily|Day by day|Day-to-day} drowsiness doesn't stand {a chance|an opportunity|a possibility}!
A Big Mug For A Big Buzz: This funny mug has a 12-ounce capacity and features a “Prescription Coffee” label, reminding you that coffee is {the best|the most productive|the most efficient} medicine. It’s the ideal prescription mug for your caffeine therapy.
Enjoy Your Delicious Cup Of Joe – To Be Taken With A Smile: Whether you're {on the|at the} hunt for novelty coffee mugs, funny coffee mugs, or charming coffee cups, this one's a winner. Surprise any coffee fanatic who cannot function with a cup of coffee!
Brew-tifully Sturdy Ceramic Mug Will Last For Years: Perfect for home or {office|place of business|place of work|workplace|administrative center|place of job}, this personalized coffee mug combines durability with style. Crafted of sturdy ceramic, a comfortable {handle|take care of|care for|deal with|maintain}, and a funny design, {it is the|it's the} ideal coffee or tea mug.
Time To Pop The {Daily|Day by day|Day-to-day} Happiness Pill: {Also known as|Often referred to as|Sometimes called} coffee! Life’s too short for boring coffee mugs. Follow you doctor’s orders sip by sip and add more vitamin C-offee to your {Daily|Day by day|Day-to-day} diet with prescription pill bottle coffee mug with BigMouth Inc’s signature quality.","[gallery]
Porcelain
Imported
Get Your {Day by day|Day-to-day|Daily} Dose Of Caffeine In Epic Style: {Consider|Believe|Imagine} stumbling into the kitchen, feeling like a zombie, and there {it's|it is} – the pill bottle coffee mug, your caffeinated superhero. With a mug this big, your {Day by day|Day-to-day|Daily} drowsiness doesn't stand {an opportunity|a possibility|a chance}!
A Big Mug For A Big Buzz: This funny mug has a 12-ounce capacity and features a “Prescription Coffee” label, reminding you that coffee is {the most productive|the most efficient|the best} medicine. It’s the ideal prescription mug for your caffeine therapy.
Enjoy Your Delicious Cup Of Joe – To Be Taken With A Smile: Whether you're {at the|on the} hunt for novelty coffee mugs, funny coffee mugs, or charming coffee cups, this one's a winner. Surprise any coffee fanatic who cannot function with a cup of coffee!
Brew-tifully Sturdy Ceramic Mug Will Last For Years: Perfect for home or {administrative center|place of business|place of work|workplace|place of job|office}, this personalized coffee mug combines durability with style. Crafted of sturdy ceramic, a comfortable {care for|take care of|maintain|deal with|handle}, and a funny design, {it's the|it is the} ideal coffee or tea mug.
Time To Pop The {Day by day|Day-to-day|Daily} Happiness Pill: {Often referred to as|Sometimes called|Also known as} coffee! Life’s too short for boring coffee mugs. Follow you doctor’s orders sip by sip and add more vitamin C-offee to your {Day by day|Day-to-day|Daily} diet with prescription pill bottle coffee mug with BigMouth Inc’s signature quality.","[gallery]
Porcelain
Imported
Get Your Daily Dose Of Caffeine In Epic Style: Imagine stumbling into the kitchen, feeling like a zombie, and there it is – the pill bottle coffee mug, your caffeinated superhero. With a mug this big, your daily drowsiness doesn't stand a chance!
A Big Mug For A Big Buzz: This funny mug has a 12-ounce capacity and features a “Prescription Coffee” label, reminding you that coffee is the best medicine. It’s the ideal prescription mug for your caffeine therapy.
Enjoy Your Delicious Cup Of Joe – To Be Taken With A Smile: Whether you're on the hunt for novelty coffee mugs, funny coffee mugs, or charming coffee cups, this one's a winner. Surprise any coffee fanatic who cannot function with a cup of coffee!
Brew-tifully Sturdy Ceramic Mug Will Last For Years: Perfect for home or office, this personalized coffee mug combines durability with style. Crafted of sturdy ceramic, a comfortable handle, and a funny design, it is the ideal coffee or tea mug.
Time To Pop The Daily Happiness Pill: Also known as coffee! Life’s too short for boring coffee mugs. Follow you doctor’s orders sip by sip and add more vitamin C-offee to your daily diet with prescription pill bottle coffee mug with BigMouth Inc’s signature quality.",B0085MQPSG,com,999999,amz-B0085MQPSG,amazon,https://www.amazon.com/dp/B0085MQPSG/,1746751718,0,0,1,235,0,235,,0,0,1778970612,invalid,11
842,external,,,"Nurse Coffee Mug Cup, Nurse Appreciation Gifts, Nursing Nurses Day Week Gifts for Women, Trendy Nursing Supplies Ceramic Coffee Mug 11 oz",1,0,visible,"Enjoy your morning cup of coffee or tea in this 11 ounce ceramic mug, designed for both hot and cold beverages. Made with high quality pure white ceramic and perfect for everyday use.\nThis mug makes a perfect gift for birthdays, anniversaries, weddings, retirements, housewarmings, and other special occasions. It is also a great choice for Christmas gifts or as a token of appreciation for a friend or loved one.\nThe 11oz ceramic mug is dishwasher and microwave safe, ensuring easy cleaning and reheating of your favorite beverages. The premium quality ink used in printing ensures long-lasting color that won't fade over time.","[gallery]\nEnjoy your morning cup of coffee or tea in this 11 ounce ceramic mug, designed for both cold and warm beverages. Made with prime quality pure white ceramic and perfect for on a regular basis use.\nThis mug makes a perfect gift for birthdays, anniversaries, weddings, retirements, housewarmings, and other special occasions. Additionally it is a great choice for Christmas gifts or as a token of appreciation for a friend or loved one.\nThe 11oz ceramic mug is dishwasher and microwave protected, ensuring easy cleaning and reheating of your favorite beverages. The premium quality ink used in printing ensures long-lasting color that may not fade over the years.\nEvery mug is carefully packaged in a durable box, making it easy to wrap and gift to a friend, circle of relatives member, or colleague. The sleek design and versatile use make it a perfect addition to any kitchen or office space.\nWhether you're starting your day with a cup of coffee or winding down with a warm mug of cocoa, this ceramic mug is the very best companion. Its classic design and sturdy build ensure years of enjoyment for you or your loved ones.",,,taxable,,1,,,0,0,,,,,1,,12.29,12.99,"Home and Kitchen > Kitchen and Dining > Dining and Entertaining > Novelty",,,"https://m.media-amazon.com/images/I/412Hmj0cHHL.jpg, https://m.media-amazon.com/images/I/412Hmj0cHHL.jpg",,,,,,,https://4anurse.com/?redirectAmzASIN=B0DY1LY74M&redirect_prodid=amz-B0DY1LY74M,,0,,,,0,,"[gallery]
Enjoy your morning cup of coffee or tea in this 11 ounce ceramic mug, designed for both {hot and cold|cold and hot|cold and warm} beverages. Made with {high quality|top of the range|prime quality|top quality} pure white ceramic and perfect for {everyday|on a regular basis} use.
This mug makes a perfect gift for birthdays, anniversaries, weddings, retirements, housewarmings, and other special occasions. {It is also|Additionally it is|It's also|It is usually} a great choice for Christmas gifts or as a token of appreciation for a friend or loved one.
The 11oz ceramic mug is dishwasher and microwave {safe|protected|secure}, ensuring easy cleaning and reheating of your favorite beverages. The premium quality ink used in printing ensures long-lasting color that {won't|would possibly not|may not} fade {over time|over the years|through the years}.
{Each|Each and every|Every} mug is carefully packaged in a durable box, making it easy to wrap and gift to a friend, {family|circle of relatives} member, or colleague. The sleek design and versatile use make it a perfect addition to any kitchen or office space.
Whether you're starting your day with a cup of coffee or winding down with a warm mug of cocoa, this ceramic mug is {the perfect|the very best|the easiest} companion. Its classic design and sturdy build ensure years of enjoyment for you or your loved ones.","[gallery]
Enjoy your morning cup of coffee or tea in this 11 ounce ceramic mug, designed for both {cold and warm|cold and hot|hot and cold} beverages. Made with {prime quality|top quality|top of the range|high quality} pure white ceramic and perfect for {on a regular basis|everyday} use.
This mug makes a perfect gift for birthdays, anniversaries, weddings, retirements, housewarmings, and other special occasions. {Additionally it is|It's also|It is usually|It is also} a great choice for Christmas gifts or as a token of appreciation for a friend or loved one.
The 11oz ceramic mug is dishwasher and microwave {protected|secure|safe}, ensuring easy cleaning and reheating of your favorite beverages. The premium quality ink used in printing ensures long-lasting color that {may not|would possibly not|won't} fade {over the years|through the years|over time}.
{Every|Each and every|Each} mug is carefully packaged in a durable box, making it easy to wrap and gift to a friend, {circle of relatives|family} member, or colleague. The sleek design and versatile use make it a perfect addition to any kitchen or office space.
Whether you're starting your day with a cup of coffee or winding down with a warm mug of cocoa, this ceramic mug is {the very best|the easiest|the perfect} companion. Its classic design and sturdy build ensure years of enjoyment for you or your loved ones.","[gallery]
Enjoy your morning cup of coffee or tea in this 11 ounce ceramic mug, designed for both hot and cold beverages. Made with high quality pure white ceramic and perfect for everyday use.
This mug makes a perfect gift for birthdays, anniversaries, weddings, retirements, housewarmings, and other special occasions. It is also a great choice for Christmas gifts or as a token of appreciation for a friend or loved one.
The 11oz ceramic mug is dishwasher and microwave safe, ensuring easy cleaning and reheating of your favorite beverages. The premium quality ink used in printing ensures long-lasting color that won't fade over time.
Each mug is carefully packaged in a durable box, making it easy to wrap and gift to a friend, family member, or colleague. The sleek design and versatile use make it a perfect addition to any kitchen or office space.
Whether you're starting your day with a cup of coffee or winding down with a warm mug of cocoa, this ceramic mug is the perfect companion. Its classic design and sturdy build ensure years of enjoyment for you or your loved ones.",B0DY1LY74M,com,999999,amz-B0DY1LY74M,amazon,https://www.amazon.com/dp/B0DY1LY74M/,1746751719,0,0,1,243,1,244,,0,0,1778970612,invalid,18
844,external,,,"Nurse Mug for Women ""Scrub Life"" Mug with Gift Box - Cute Ceramic Camping Coffee Mug for Nurse Practitioner, Doctor, and Dental Assistant - 15 oz Accessories Microwave and Dishwasher Safe",1,0,visible,"Medical Accessories for Women - Sip your morning coffee in style with this cute, light blue camping coffee cup for nurses and doctors, lettered with the words ""Scrub Life.""\nBig Coffee Mug - Holds 15-Ounces making it the perfect size to enjoy a hot beverage at any time of day. Whether you love coffee, tea, or hot cocoa, this novelty mug will make the perfect medical professional gift.\nNurse Gifts - Our mugs are individually packaged in a stylish, ready-to-gift box. This makes it a perfect gift for birthdays, assistant appreciation, Christmas, or any special occasion.","[gallery]\nMedical Accessories for Women - Sip your morning coffee in style with this cute, light blue camping coffee cup for nurses and doctors, lettered with the words ""Scrub Life.""\nBig Coffee Mug - Holds 15-Ounces making it the very best size to enjoy a hot beverage at any time of day. Whether you love coffee, tea, or hot cocoa, this novelty mug will make the very best medical professional gift.\nNurse Gifts - Our mugs are for my part packaged in a stylish, in a position-to-gift box. This makes it an excellent gift for birthdays, assistant appreciation, Christmas, or any special occasion.\nMedical Assistant Accessories - This mug is easiest for the star doctor or nurse to your life and makes a super graduation or nurse appreciation gift.\nDurable Coffee Mugs For Women by Women - We certify all of our ceramic stoneware coffee cups dishwasher secure. Cup is also hot to touch after microwaving. Designed in Texas by a female owned company and imported.",,,taxable,,1,,,0,0,,,,,1,,,16.99,"Home and Kitchen > Kitchen and Dining > Dining and Entertaining > Novelty",,,"https://m.media-amazon.com/images/I/31GbfOcI83L.jpg, https://m.media-amazon.com/images/I/31GbfOcI83L.jpg",,,,,,,https://4anurse.com/?redirectAmzASIN=B09FRLNQJX&redirect_prodid=amz-B09FRLNQJX,,0,,,,0,,"[gallery]
Medical Accessories for Women - Sip your morning coffee in style with this cute, light blue camping coffee cup for nurses and doctors, lettered with the words ""Scrub Life.""
Big Coffee Mug - Holds 15-Ounces making it {the perfect|the very best|the easiest} size to enjoy a hot beverage at any time of day. Whether you love coffee, tea, or hot cocoa, this novelty mug will make {the perfect|the very best|the easiest} medical professional gift.
Nurse Gifts - Our mugs are {individually|for my part|personally|in my opinion|in my view} packaged in a stylish, {ready|in a position|able}-to-gift box. This makes it {a perfect|an ideal|a super|a really perfect|a great|an excellent} gift for birthdays, assistant appreciation, Christmas, or any special occasion.
Medical Assistant Accessories - This mug is {perfect|very best|absolute best|best possible|best|highest|easiest} for the star doctor or nurse {in your|for your|on your|to your} life and makes {a great|an ideal|a perfect|a super|a really perfect|an excellent} graduation or nurse appreciation gift.
Durable Coffee Mugs For Women by Women - We certify all of our ceramic stoneware coffee cups dishwasher {safe|protected|secure}. Cup {may be|could also be|is also} hot {to the touch|to touch} after microwaving. Designed in Texas by a female owned company and imported.","[gallery]
Medical Accessories for Women - Sip your morning coffee in style with this cute, light blue camping coffee cup for nurses and doctors, lettered with the words ""Scrub Life.""
Big Coffee Mug - Holds 15-Ounces making it {the very best|the easiest|the perfect} size to enjoy a hot beverage at any time of day. Whether you love coffee, tea, or hot cocoa, this novelty mug will make {the very best|the easiest|the perfect} medical professional gift.
Nurse Gifts - Our mugs are {for my part|personally|in my view|in my opinion|individually} packaged in a stylish, {in a position|able|ready}-to-gift box. This makes it {an excellent|a really perfect|a great|a super|an ideal|a perfect} gift for birthdays, assistant appreciation, Christmas, or any special occasion.
Medical Assistant Accessories - This mug is {easiest|very best|absolute best|best|best possible|highest|perfect} for the star doctor or nurse {to your|for your|on your|in your} life and makes {a super|a really perfect|an excellent|an ideal|a perfect|a great} graduation or nurse appreciation gift.
Durable Coffee Mugs For Women by Women - We certify all of our ceramic stoneware coffee cups dishwasher {secure|protected|safe}. Cup {is also|could also be|may be} hot {to touch|to the touch} after microwaving. Designed in Texas by a female owned company and imported.","[gallery]
Medical Accessories for Women - Sip your morning coffee in style with this cute, light blue camping coffee cup for nurses and doctors, lettered with the words ""Scrub Life.""
Big Coffee Mug - Holds 15-Ounces making it the perfect size to enjoy a hot beverage at any time of day. Whether you love coffee, tea, or hot cocoa, this novelty mug will make the perfect medical professional gift.
Nurse Gifts - Our mugs are individually packaged in a stylish, ready-to-gift box. This makes it a perfect gift for birthdays, assistant appreciation, Christmas, or any special occasion.
Medical Assistant Accessories - This mug is perfect for the star doctor or nurse in your life and makes a great graduation or nurse appreciation gift.
Durable Coffee Mugs For Women by Women - We certify all of our ceramic stoneware coffee cups dishwasher safe. Cup may be hot to the touch after microwaving. Designed in Texas by a female owned company and imported.",B09FRLNQJX,com,999999,amz-B09FRLNQJX,amazon,https://www.amazon.com/dp/B09FRLNQJX/,1746751723,0,0,1,345,0,346,,0,0,1778970612,invalid,25
846,external,,,"SANDJEST Nurse Gift for Women, Nutrition Facts Tumbler with Handle, Insulated Stainless Steel Travel Coffee Mug for Nursing Friends, Aprreciation Gifts for Nurse Week, Birthday, Christmas, 40oz",1,0,visible,"Please note: The final product may vary slightly in appearance from the images displayed due to differences in computer monitors or mobile color displays\nHydration in style: our 40 ounce slider tumbler with handle is big enough to conquer your thirst while adding a stylish touch to your daily routine; plus the practicality of the tumbler makes excellent gift option for cherished ones\nSavor every sip: Our double-walled stainless steel tumbler locks in flavor and temperature, keeping your drinks refreshingly cold or delightfully hot. With a generous 40-ounce capacity, enjoy extended taste without constant refill","[gallery]\nPlease note: The final product may vary rather in appearance from the images displayed as a result of differences in computer monitors or mobile color displays\nHydration in style: our 40 ounce slider tumbler with maintain is big enough to triumph over your thirst at the same time as adding a stylish touch for your day-to-day routine; plus the practicality of the tumbler makes excellent gift option for cherished ones\nSavor each and every sip: Our double-walled stainless steel tumbler locks in flavor and temperature, keeping your drinks refreshingly cold or delightfully hot. With a generous 40-ounce capacity, enjoy extended taste without constant refill\nYour perfect companion: The tumbler's comfortable maintain makes it effortless to carry, whether you're at home, work, the gym, or for your favorite adventure\nWorthwhile gift to all: with many designs to choose between, you'll easily find a tumbler that suits your taste or your love ones' taste; as for cleaning, we highly recommend washing the tumbler by hands",,,taxable,,1,,,0,0,,,,,1,,19.95,24.95,"Home and Kitchen > Kitchen and Dining > Dining and Entertaining > Glassware and Drinkware > Tumblers and Water Glasses",,,"https://m.media-amazon.com/images/I/31AJiKFZxlL.jpg, https://m.media-amazon.com/images/I/31AJiKFZxlL.jpg",,,,,,,https://4anurse.com/?redirectAmzASIN=B0DQXR98BM&redirect_prodid=amz-B0DQXR98BM,,0,,,,0,,"[gallery]
Please note: The final product may vary {slightly|rather|quite|somewhat|fairly|relatively|moderately|reasonably} in appearance from the images displayed {due to|as a result of|because of} differences in computer monitors or mobile color displays
Hydration in style: our 40 ounce slider tumbler with {handle|take care of|care for|deal with|maintain} is big enough {to conquer|to triumph over|to overcome} your thirst {while|at the same time as|whilst|even as} adding a stylish touch {to your|for your|on your|in your} {daily|day by day|day-to-day} routine; plus the practicality of the tumbler makes excellent gift option for cherished ones
Savor {every|each and every|each} sip: Our double-walled stainless steel tumbler locks in flavor and temperature, keeping your drinks refreshingly cold or delightfully hot. With a generous 40-ounce capacity, enjoy extended taste without constant refill
Your perfect companion: The tumbler's comfortable {handle|take care of|care for|deal with|maintain} makes it effortless to carry, whether you're at home, work, the gym, or {on your|for your|in your|to your} favorite adventure
Worthwhile gift to all: with many designs {to choose from|to make a choice from|to choose between}, {you can|you'll be able to|you'll} easily find a tumbler that suits your taste or your love ones' taste; as for cleaning, we highly recommend washing the tumbler by hands","[gallery]
Please note: The final product may vary {rather|moderately|fairly|somewhat|quite|relatively|reasonably|slightly} in appearance from the images displayed {as a result of|because of|due to} differences in computer monitors or mobile color displays
Hydration in style: our 40 ounce slider tumbler with {maintain|take care of|deal with|care for|handle} is big enough {to triumph over|to overcome|to conquer} your thirst {at the same time as|even as|whilst|while} adding a stylish touch {for your|in your|on your|to your} {day-to-day|day by day|daily} routine; plus the practicality of the tumbler makes excellent gift option for cherished ones
Savor {each and every|each|every} sip: Our double-walled stainless steel tumbler locks in flavor and temperature, keeping your drinks refreshingly cold or delightfully hot. With a generous 40-ounce capacity, enjoy extended taste without constant refill
Your perfect companion: The tumbler's comfortable {maintain|take care of|deal with|care for|handle} makes it effortless to carry, whether you're at home, work, the gym, or {for your|in your|to your|on your} favorite adventure
Worthwhile gift to all: with many designs {to choose between|to make a choice from|to choose from}, {you'll|you'll be able to|you can} easily find a tumbler that suits your taste or your love ones' taste; as for cleaning, we highly recommend washing the tumbler by hands","[gallery]
Please note: The final product may vary slightly in appearance from the images displayed due to differences in computer monitors or mobile color displays
Hydration in style: our 40 ounce slider tumbler with handle is big enough to conquer your thirst while adding a stylish touch to your daily routine; plus the practicality of the tumbler makes excellent gift option for cherished ones
Savor every sip: Our double-walled stainless steel tumbler locks in flavor and temperature, keeping your drinks refreshingly cold or delightfully hot. With a generous 40-ounce capacity, enjoy extended taste without constant refill
Your perfect companion: The tumbler's comfortable handle makes it effortless to carry, whether you're at home, work, the gym, or on your favorite adventure
Worthwhile gift to all: with many designs to choose from, you can easily find a tumbler that suits your taste or your love ones' taste; as for cleaning, we highly recommend washing the tumbler by hands",B0DQXR98BM,com,999999,amz-B0DQXR98BM,amazon,https://www.amazon.com/dp/B0DQXR98BM/,1746751729,0,0,1,217,0,217,,0,0,1778970612,invalid,28
848,external,,,"Nurse Graduation Gifts for Women - Please Do Not Confuse your Google Search With My Nursing Degree - Nurse Gifts for Nurses Day 2025 Happy Nurses Week Gift 20 Ounce Stainless Steel Black Tumbler",1,0,visible,"Nurse Appreciation Gifts - Celebrate the dedication of nursing professionals with a token of appreciation. Whether it's for Nurse Practitioner Gifts for Women or Nurse Christmas Gifts, our ""Please Do Not Confuse Your Google Search With My Nursing Degree Tumbler"" stands out as an ideal choice. Tailored for nurse cups enthusiasts and designed to resonate with Nurse Gifts for Women, this tumbler is a practical and stylish accessory for everyday use, enhancing their Nurse Accessories for Work with a touch of humor and recognition.\nNurse Gifts for Men - Acknowledging the unique role of male nurses, our selection is designed to cater to their preferences with items like Gifts for Male Nurses. Emphasizing the blend of functionality and humor, these gifts, including Cool Gifts for Nurses and Male Nurse Gifts Ideas, celebrate their profession while adding a dash of fun. Whether it's during Nurses Week or any special occasion, our Funny Nurse Gifts and Male Nurses Week Gifts are tailored to bring smiles and appreciation to these hardworking healthcare heroes.\nTumbler Features - Designed for the demanding schedules of nursing professionals, our tumbler boasts features like 3 hours hot 9+ hours cold, double wall insulation, and is crafted from 18/8 food grade stainless steel. This 20-ounce nurse tumbler is not just a gift; it's a daily companion for hydration and comfort. Ideal as Nurse Graduation Gifts for Women, RN Gifts for Nurses, Nurse Graduation Gift or as a thoughtful Gift for Nurses Women, this tumbler combines functionality with a nod to their noble profession.","[gallery]\nNurse Appreciation Gifts - Celebrate the dedication of nursing professionals with a token of appreciation. Whether It is for Nurse Practitioner Gifts for Women or Nurse Christmas Gifts, our ""Please Do Not Confuse Your Google Search With My Nursing Degree Tumbler"" stands out as an ideal choice. Tailored for nurse cups enthusiasts and designed to resonate with Nurse Gifts for Women, this tumbler is a practical and stylish accessory for on a regular basis use, enhancing their Nurse Accessories for Work with a touch of humor and recognition.\nNurse Gifts for Men - Acknowledging the unique role of male nurses, our selection is designed to cater to their preferences with items like Gifts for Male Nurses. Emphasizing the blend of functionality and humor, these gifts, including Cool Gifts for Nurses and Male Nurse Gifts Ideas, celebrate their profession at the same time as adding a dash of fun. Whether It is all through Nurses Week or any special occasion, our Funny Nurse Gifts and Male Nurses Week Gifts are tailored to bring smiles and appreciation to these hardworking healthcare heroes.\nTumbler Features - Designed for the demanding schedules of nursing professionals, our tumbler boasts features like 3 hours hot 9+ hours cold, double wall insulation, and is crafted from 18/8 food grade stainless steel. This 20-ounce nurse tumbler is not only a gift; it is a day-to-day companion for hydration and comfort. Ideal as Nurse Graduation Gifts for Women, RN Gifts for Nurses, Nurse Graduation Gift or as a thoughtful Gift for Nurses Women, this tumbler combines functionality with a nod to their noble profession.\nEZ Slide Lid - Our Nurse Tumbler is engineered with an EZ slide lid, offering leak-resistant convenience and safety for those on the move. It is handwash protected for simple cleaning and BPA-free, ensuring health and eco-friendliness. This design consideration makes it a top choice for Nurses Gifts or as a Nurse Coffee Tumbler, reflecting our commitment to quality and the well-being of nursing professionals.\nQuality You Can Count On - At the heart of our offering is a commitment to exceeding customer expectations with superior quality. Our giftable box includes a portable 20-ounce tumbler, straw, straw cleaner, and a lid, ensuring a comprehensive package for our customers. Ideal for Nursing Graduation Gifts or School Nurse Appreciation Gifts for Women, each and every Nurse Mug is a testament to our dedication to quality and customer satisfaction, aiming to enrich the day-to-day routine of nursing professionals with practicality and style.",,,taxable,,1,,,0,0,,,,,1,,24.97,32,"Home and Kitchen > Kitchen and Dining > Dining and Entertaining > Glassware and Drinkware > Tumblers and Water Glasses",,,"https://m.media-amazon.com/images/I/41Zp4xZwvcL.jpg, https://m.media-amazon.com/images/I/41Zp4xZwvcL.jpg",,,,,,,https://4anurse.com/?redirectAmzASIN=B08748Y9RM&redirect_prodid=amz-B08748Y9RM,,0,,,,0,,"[gallery]
Nurse Appreciation Gifts - Celebrate the dedication of nursing professionals with a token of appreciation. Whether {It's|It is} for Nurse Practitioner Gifts for Women or Nurse Christmas Gifts, our ""Please Do Not Confuse Your Google Search With My Nursing Degree Tumbler"" stands out as an ideal choice. Tailored for nurse cups enthusiasts and designed to resonate with Nurse Gifts for Women, this tumbler is a practical and stylish accessory for {everyday|on a regular basis} use, enhancing their Nurse Accessories for Work with a touch of humor and recognition.
Nurse Gifts for Men - Acknowledging the unique role of male nurses, our selection is designed to cater to their preferences with items like Gifts for Male Nurses. Emphasizing the blend of functionality and humor, these gifts, including Cool Gifts for Nurses and Male Nurse Gifts Ideas, celebrate their profession {while|at the same time as|whilst|even as} adding a dash of fun. Whether {It's|It is} {during|all the way through|throughout|all through|right through|all over} Nurses Week or any special occasion, our Funny Nurse Gifts and Male Nurses Week Gifts are tailored to bring smiles and appreciation to these hardworking healthcare heroes.
Tumbler Features - Designed for the demanding schedules of nursing professionals, our tumbler boasts features like 3 hours hot 9+ hours cold, double wall insulation, and is crafted from 18/8 food grade stainless steel. This 20-ounce nurse tumbler {is not just|isn't just|is not only} a gift; {it's a|it is a} {daily|day by day|day-to-day} companion for hydration and comfort. Ideal as Nurse Graduation Gifts for Women, RN Gifts for Nurses, Nurse Graduation Gift or as a thoughtful Gift for Nurses Women, this tumbler combines functionality with a nod to their noble profession.
EZ Slide Lid - Our Nurse Tumbler is engineered with an EZ slide lid, offering leak-resistant convenience and safety for those on the move. {It's|It is} handwash {safe|protected|secure} {for easy|for simple} cleaning and BPA-free, ensuring health and eco-friendliness. This design consideration makes it a top choice for Nurses Gifts or as a Nurse Coffee Tumbler, reflecting our commitment to quality and the well-being of nursing professionals.
Quality You Can Count On - At the heart of our offering is a commitment to exceeding customer expectations with superior quality. Our giftable box includes a portable 20-ounce tumbler, straw, straw cleaner, and a lid, ensuring a comprehensive package for our customers. Ideal for Nursing Graduation Gifts or School Nurse Appreciation Gifts for Women, {each|each and every|every} Nurse Mug is a testament to our dedication to quality and customer satisfaction, aiming to enrich the {daily|day by day|day-to-day} routine of nursing professionals with practicality and style.","[gallery]
Nurse Appreciation Gifts - Celebrate the dedication of nursing professionals with a token of appreciation. Whether {It is|It's} for Nurse Practitioner Gifts for Women or Nurse Christmas Gifts, our ""Please Do Not Confuse Your Google Search With My Nursing Degree Tumbler"" stands out as an ideal choice. Tailored for nurse cups enthusiasts and designed to resonate with Nurse Gifts for Women, this tumbler is a practical and stylish accessory for {on a regular basis|everyday} use, enhancing their Nurse Accessories for Work with a touch of humor and recognition.
Nurse Gifts for Men - Acknowledging the unique role of male nurses, our selection is designed to cater to their preferences with items like Gifts for Male Nurses. Emphasizing the blend of functionality and humor, these gifts, including Cool Gifts for Nurses and Male Nurse Gifts Ideas, celebrate their profession {at the same time as|even as|whilst|while} adding a dash of fun. Whether {It is|It's} {all through|throughout|all the way through|all over|right through|during} Nurses Week or any special occasion, our Funny Nurse Gifts and Male Nurses Week Gifts are tailored to bring smiles and appreciation to these hardworking healthcare heroes.
Tumbler Features - Designed for the demanding schedules of nursing professionals, our tumbler boasts features like 3 hours hot 9+ hours cold, double wall insulation, and is crafted from 18/8 food grade stainless steel. This 20-ounce nurse tumbler {is not only|isn't just|is not just} a gift; {it is a|it's a} {day-to-day|day by day|daily} companion for hydration and comfort. Ideal as Nurse Graduation Gifts for Women, RN Gifts for Nurses, Nurse Graduation Gift or as a thoughtful Gift for Nurses Women, this tumbler combines functionality with a nod to their noble profession.
EZ Slide Lid - Our Nurse Tumbler is engineered with an EZ slide lid, offering leak-resistant convenience and safety for those on the move. {It is|It's} handwash {protected|secure|safe} {for simple|for easy} cleaning and BPA-free, ensuring health and eco-friendliness. This design consideration makes it a top choice for Nurses Gifts or as a Nurse Coffee Tumbler, reflecting our commitment to quality and the well-being of nursing professionals.
Quality You Can Count On - At the heart of our offering is a commitment to exceeding customer expectations with superior quality. Our giftable box includes a portable 20-ounce tumbler, straw, straw cleaner, and a lid, ensuring a comprehensive package for our customers. Ideal for Nursing Graduation Gifts or School Nurse Appreciation Gifts for Women, {each and every|every|each} Nurse Mug is a testament to our dedication to quality and customer satisfaction, aiming to enrich the {day-to-day|day by day|daily} routine of nursing professionals with practicality and style.","[gallery]
Nurse Appreciation Gifts - Celebrate the dedication of nursing professionals with a token of appreciation. Whether it's for Nurse Practitioner Gifts for Women or Nurse Christmas Gifts, our ""Please Do Not Confuse Your Google Search With My Nursing Degree Tumbler"" stands out as an ideal choice. Tailored for nurse cups enthusiasts and designed to resonate with Nurse Gifts for Women, this tumbler is a practical and stylish accessory for everyday use, enhancing their Nurse Accessories for Work with a touch of humor and recognition.
Nurse Gifts for Men - Acknowledging the unique role of male nurses, our selection is designed to cater to their preferences with items like Gifts for Male Nurses. Emphasizing the blend of functionality and humor, these gifts, including Cool Gifts for Nurses and Male Nurse Gifts Ideas, celebrate their profession while adding a dash of fun. Whether it's during Nurses Week or any special occasion, our Funny Nurse Gifts and Male Nurses Week Gifts are tailored to bring smiles and appreciation to these hardworking healthcare heroes.
Tumbler Features - Designed for the demanding schedules of nursing professionals, our tumbler boasts features like 3 hours hot 9+ hours cold, double wall insulation, and is crafted from 18/8 food grade stainless steel. This 20-ounce nurse tumbler is not just a gift; it's a daily companion for hydration and comfort. Ideal as Nurse Graduation Gifts for Women, RN Gifts for Nurses, Nurse Graduation Gift or as a thoughtful Gift for Nurses Women, this tumbler combines functionality with a nod to their noble profession.
EZ Slide Lid - Our Nurse Tumbler is engineered with an EZ slide lid, offering leak-resistant convenience and safety for those on the move. It's handwash safe for easy cleaning and BPA-free, ensuring health and eco-friendliness. This design consideration makes it a top choice for Nurses Gifts or as a Nurse Coffee Tumbler, reflecting our commitment to quality and the well-being of nursing professionals.
Quality You Can Count On - At the heart of our offering is a commitment to exceeding customer expectations with superior quality. Our giftable box includes a portable 20-ounce tumbler, straw, straw cleaner, and a lid, ensuring a comprehensive package for our customers. Ideal for Nursing Graduation Gifts or School Nurse Appreciation Gifts for Women, each Nurse Mug is a testament to our dedication to quality and customer satisfaction, aiming to enrich the daily routine of nursing professionals with practicality and style.",B08748Y9RM,com,999999,amz-B08748Y9RM,amazon,https://www.amazon.com/dp/B08748Y9RM/,1746751730,0,0,1,221,0,221,,0,0,1778970612,invalid,14
850,external,,,"Nurses Week Gifts - Nurse Gifts For Women - Best Nurse Ever Mug - Nursing Graduation Gift - Birthday Christmas, Mothers Day for Nurses - Funny Nursing Ceramic Mug 11 Oz",1,0,visible,"NURSE GIFTS FOR WOMEN: Our ""Best Nurse Ever"" Mug is the perfect gift to celebrate the dedication and compassion of nurses. Whether it's for Nurses Week, nursing graduation, Mother's Day, birthday, or Christmas, this mug is sure to show your appreciation.\nNURSE WEEK GIFTS: Specifically designed as nurse gifts for women, our mug is a heartfelt way to express your gratitude to female nurses who go above and beyond in their care. It's a meaningful gesture they'll truly appreciate.\nNURSE CERAMIC MUG 11 OZ: Made from durable ceramic, our mug is built to last. Its 11oz capacity makes it perfect for their favorite coffee, tea, or hot cocoa, while its comfortable handle ensures easy gripping and sipping.","[gallery]\n<!-- show up to 2 reviews by default --> <p> </p><p><span>NURSE GIFTS FOR WOMEN:<br>Express your appreciation for the hard work and dedication of nurses with our ""Best Nurse Ever"" Mug, a thoughtful and humorous gift that's perfect for any occasion. Whether it's Nurses Week, nursing graduation, Mother's Day, their birthday, Christmas, or simply a token of thanks, this ceramic mug is sure to make them smile.<br>Crafted with care and attention to detail, our mug features a charming and witty design that celebrates the compassion and professionalism of nurses. It's a heartfelt way to show your gratitude for their tireless efforts in providing exceptional care to patients.</span></p><p><span>NURSE CERAMIC MUG 11OZ:<br>Made from high-quality ceramic, our mug is durable and built to last. Its 11oz capacity makes it perfect for their favorite coffee, tea, or hot cocoa, whilst its comfortable care for ensures easy gripping and sipping all the way through those busy shifts.<br>This versatile gift is suitable for nurses of all ages and specialties. Whether they work in hospitals, clinics, or nursing homes, our ""Best Nurse Ever"" Mug is sure to develop into a cherished a part of their daily routine.</span></p> <p></p>\nNURSE GIFTS FOR WOMEN: Our ""Best Nurse Ever"" Mug is the easiest gift to celebrate the dedication and compassion of nurses. Whether it's for Nurses Week, nursing graduation, Mother's Day, birthday, or Christmas, this mug is sure to show your appreciation.\nNURSE WEEK GIFTS: Specifically designed as nurse gifts for women, our mug is a heartfelt way to express your gratitude to female nurses who go above and beyond in their care. It's a meaningful gesture they will in point of fact appreciate.\nNURSE CERAMIC MUG 11 OZ: Made from durable ceramic, our mug is built to last. Its 11oz capacity makes it perfect for their favorite coffee, tea, or hot cocoa, whilst its comfortable care for ensures easy gripping and sipping.\nUNIQUE GIFT FOR ANY OCCASIONS: Funny Gifts For Your Family, Friends, Coworkers On Birthday, Father's Day, Christmas, New Year, Halloween. Gifts for Anniversary, Wedding, Retirement, Graduation, First Day, Last Day Of Schools\nUSED INDOOR AND OUTDOOR: The Nurse mug is good for coffee, water, tea,... It is suitable for both indoor and out of doors. Nurses will enjoy their drinks at the places like home, office, party or beach, lake, pool, camping, hiking, picnic, BBQ and the like.",,,taxable,,1,,,0,0,,,,,1,,,18.95,"Home and Kitchen > Kitchen and Dining > Dining and Entertaining > Novelty",,,"https://m.media-amazon.com/images/I/41Fg1RBBgVL.jpg, https://m.media-amazon.com/images/I/41Fg1RBBgVL.jpg",,,,,,,https://4anurse.com/?redirectAmzASIN=B0CX5P99C3&redirect_prodid=amz-B0CX5P99C3,,0,,,,0,,"[gallery]
<!-- show up to 2 reviews by default --> <p> </p><p><span>NURSE GIFTS FOR WOMEN:<br>Express your appreciation for the hard work and dedication of nurses with our ""Best Nurse Ever"" Mug, a thoughtful and humorous gift that's perfect for any occasion. Whether it's Nurses Week, nursing graduation, Mother's Day, their birthday, Christmas, or simply a token of thanks, this ceramic mug is sure to make them smile.<br>Crafted with care and attention to detail, our mug features a charming and witty design that celebrates the compassion and professionalism of nurses. It's a heartfelt way to show your gratitude for their tireless efforts in providing exceptional care to patients.</span></p><p><span>NURSE CERAMIC MUG 11OZ:<br>Made from high-quality ceramic, our mug is durable and built to last. Its 11oz capacity makes it perfect for their favorite coffee, tea, or hot cocoa, {while|at the same time as|whilst|even as} its comfortable {handle|take care of|care for|deal with|maintain} ensures easy gripping and sipping {during|all the way through|throughout|all through|right through|all over} those busy shifts.<br>This versatile gift is suitable for nurses of all ages and specialties. Whether they work in hospitals, clinics, or nursing homes, our ""Best Nurse Ever"" Mug is sure to {become|turn out to be|turn into|develop into|grow to be|transform|change into} a cherished {part of|a part of} their daily routine.</span></p> <p></p>
NURSE GIFTS FOR WOMEN: Our ""Best Nurse Ever"" Mug is {the perfect|the very best|the easiest} gift to celebrate the dedication and compassion of nurses. Whether it's for Nurses Week, nursing graduation, Mother's Day, birthday, or Christmas, this mug is sure to show your appreciation.
NURSE WEEK GIFTS: Specifically designed as nurse gifts for women, our mug is a heartfelt way to express your gratitude to female nurses who go above and beyond in their care. It's a meaningful gesture {they'll|they are going to|they will|they're going to} {truly|in point of fact|actually|really|in reality} appreciate.
NURSE CERAMIC MUG 11 OZ: Made from durable ceramic, our mug is built to last. Its 11oz capacity makes it perfect for their favorite coffee, tea, or hot cocoa, {while|at the same time as|whilst|even as} its comfortable {handle|take care of|care for|deal with|maintain} ensures easy gripping and sipping.
UNIQUE GIFT FOR ANY OCCASIONS: Funny Gifts For Your Family, Friends, Coworkers On Birthday, Father's Day, Christmas, New Year, Halloween. Gifts for Anniversary, Wedding, Retirement, Graduation, First Day, Last Day Of Schools
USED INDOOR AND OUTDOOR: The Nurse mug is good for coffee, water, tea,... It is suitable for both indoor and {outdoor|out of doors|outside}. Nurses will enjoy their drinks at the places like home, office, party or beach, lake, pool, camping, hiking, picnic, BBQ {etc|and so on|and so forth|and the like}.","[gallery]
<!-- show up to 2 reviews by default --> <p> </p><p><span>NURSE GIFTS FOR WOMEN:<br>Express your appreciation for the hard work and dedication of nurses with our ""Best Nurse Ever"" Mug, a thoughtful and humorous gift that's perfect for any occasion. Whether it's Nurses Week, nursing graduation, Mother's Day, their birthday, Christmas, or simply a token of thanks, this ceramic mug is sure to make them smile.<br>Crafted with care and attention to detail, our mug features a charming and witty design that celebrates the compassion and professionalism of nurses. It's a heartfelt way to show your gratitude for their tireless efforts in providing exceptional care to patients.</span></p><p><span>NURSE CERAMIC MUG 11OZ:<br>Made from high-quality ceramic, our mug is durable and built to last. Its 11oz capacity makes it perfect for their favorite coffee, tea, or hot cocoa, {whilst|at the same time as|even as|while} its comfortable {care for|maintain|deal with|take care of|handle} ensures easy gripping and sipping {all the way through|right through|throughout|all over|all through|during} those busy shifts.<br>This versatile gift is suitable for nurses of all ages and specialties. Whether they work in hospitals, clinics, or nursing homes, our ""Best Nurse Ever"" Mug is sure to {develop into|turn out to be|grow to be|transform|change into|turn into|become} a cherished {a part of|part of} their daily routine.</span></p> <p></p>
NURSE GIFTS FOR WOMEN: Our ""Best Nurse Ever"" Mug is {the easiest|the very best|the perfect} gift to celebrate the dedication and compassion of nurses. Whether it's for Nurses Week, nursing graduation, Mother's Day, birthday, or Christmas, this mug is sure to show your appreciation.
NURSE WEEK GIFTS: Specifically designed as nurse gifts for women, our mug is a heartfelt way to express your gratitude to female nurses who go above and beyond in their care. It's a meaningful gesture {they will|they are going to|they're going to|they'll} {in point of fact|really|actually|in reality|truly} appreciate.
NURSE CERAMIC MUG 11 OZ: Made from durable ceramic, our mug is built to last. Its 11oz capacity makes it perfect for their favorite coffee, tea, or hot cocoa, {whilst|at the same time as|even as|while} its comfortable {care for|maintain|deal with|take care of|handle} ensures easy gripping and sipping.
UNIQUE GIFT FOR ANY OCCASIONS: Funny Gifts For Your Family, Friends, Coworkers On Birthday, Father's Day, Christmas, New Year, Halloween. Gifts for Anniversary, Wedding, Retirement, Graduation, First Day, Last Day Of Schools
USED INDOOR AND OUTDOOR: The Nurse mug is good for coffee, water, tea,... It is suitable for both indoor and {out of doors|outside|outdoor}. Nurses will enjoy their drinks at the places like home, office, party or beach, lake, pool, camping, hiking, picnic, BBQ {and the like|and so forth|and so on|etc}.","[gallery]
<!-- show up to 2 reviews by default --> <p> </p><p><span>NURSE GIFTS FOR WOMEN:<br>Express your appreciation for the hard work and dedication of nurses with our ""Best Nurse Ever"" Mug, a thoughtful and humorous gift that's perfect for any occasion. Whether it's Nurses Week, nursing graduation, Mother's Day, their birthday, Christmas, or simply a token of thanks, this ceramic mug is sure to make them smile.<br>Crafted with care and attention to detail, our mug features a charming and witty design that celebrates the compassion and professionalism of nurses. It's a heartfelt way to show your gratitude for their tireless efforts in providing exceptional care to patients.</span></p><p><span>NURSE CERAMIC MUG 11OZ:<br>Made from high-quality ceramic, our mug is durable and built to last. Its 11oz capacity makes it perfect for their favorite coffee, tea, or hot cocoa, while its comfortable handle ensures easy gripping and sipping during those busy shifts.<br>This versatile gift is suitable for nurses of all ages and specialties. Whether they work in hospitals, clinics, or nursing homes, our ""Best Nurse Ever"" Mug is sure to become a cherished part of their daily routine.</span></p> <p></p>
NURSE GIFTS FOR WOMEN: Our ""Best Nurse Ever"" Mug is the perfect gift to celebrate the dedication and compassion of nurses. Whether it's for Nurses Week, nursing graduation, Mother's Day, birthday, or Christmas, this mug is sure to show your appreciation.
NURSE WEEK GIFTS: Specifically designed as nurse gifts for women, our mug is a heartfelt way to express your gratitude to female nurses who go above and beyond in their care. It's a meaningful gesture they'll truly appreciate.
NURSE CERAMIC MUG 11 OZ: Made from durable ceramic, our mug is built to last. Its 11oz capacity makes it perfect for their favorite coffee, tea, or hot cocoa, while its comfortable handle ensures easy gripping and sipping.
UNIQUE GIFT FOR ANY OCCASIONS: Funny Gifts For Your Family, Friends, Coworkers On Birthday, Father's Day, Christmas, New Year, Halloween. Gifts for Anniversary, Wedding, Retirement, Graduation, First Day, Last Day Of Schools
USED INDOOR AND OUTDOOR: The Nurse mug is good for coffee, water, tea,... It is suitable for both indoor and outdoor. Nurses will enjoy their drinks at the places like home, office, party or beach, lake, pool, camping, hiking, picnic, BBQ etc.",B0CX5P99C3,com,999999,amz-B0CX5P99C3,amazon,https://www.amazon.com/dp/B0CX5P99C3/,1746751746,0,0,1,206,0,206,,0,0,1778970612,invalid,31
852,external,,,"Nurse Gifts for Women - Nurses Week Gifts - Gift for Nurses - Nurse Rn Lpn Practitioner Gift for Women - Retirement, Birthday, Graduation Appreciation Nursing Student Ideas - 16 Oz Can Glass",1,0,visible,"NURSE GIFTS FOR WOMEN: Let this Nurse Gift Can Glass express your heartfelt appreciation for the tireless dedication and hard work of the nurses in your life. Ideal for nursing school essentials, nursing student essentials, nursing essentials for nurses, nursing student gifts for doctors, registered nurse practitioner gifts for women, nursing gifts for new nurses, rn gifts for nurses, nicu nurse gifts, new nurse gifts, lpn gifts for nurses, gifts for nurses cna, bsn gifts for nurses,...\nNURSE APPRECIATION GIFTS ON ANY OCCASION: This Nurse Glass will be sure to be a lovely gift for your beloved nurses on any milestone. This will be a daily reminder of your love and a cherished keepsake that she can enjoy for years to come. Ideal for nurse graduation gift ideas, doctor day gift, nurse graduation gift, nursing school graduation gifts, nurse week gifts, nurses week decorations, nurse retirement gifts for women, ...\nCONVENIENT & PORTABLE: With dimensions of 2.96"" W x 5.3"" H, this Nurse Cup is compact, allowing it to fit snugly in most cup holders. It is excellent for use in various settings, including homes, kitchens, cafes, and bars. With its versatility, it can be used for a wide range of beverages, including cocktails, tea, morning coffee, smoothies, soda, and beer. Also, this is used for nurse office decor, nurse decorations for party, school nurse essentials for work, ...","[gallery]\nNURSE GIFTS FOR WOMEN: Let this Nurse Gift Can Glass express your heartfelt appreciation for the tireless dedication and hard work of the nurses in your life. Ideal for nursing school essentials, nursing student essentials, nursing essentials for nurses, nursing student gifts for doctors, registered nurse practitioner gifts for women, nursing gifts for new nurses, rn gifts for nurses, nicu nurse gifts, new nurse gifts, lpn gifts for nurses, gifts for nurses cna, bsn gifts for nurses,...\nNURSE APPRECIATION GIFTS ON ANY OCCASION: This Nurse Glass will make sure you be a lovely gift for the one you love nurses on any milestone. This will be a daily reminder of your love and a cherished keepsake that she can enjoy for future years. Ideal for nurse graduation gift ideas, doctor day gift, nurse graduation gift, nursing school graduation gifts, nurse week gifts, nurses week decorations, nurse retirement gifts for women, ...\nCONVENIENT & PORTABLE: With dimensions of 2.96"" W x 5.3"" H, this Nurse Cup is compact, allowing it to fit snugly in most cup holders. It is excellent for use in quite a lot of settings, including homes, kitchens, cafes, and bars. With its versatility, it may be used for quite a lot of beverages, including cocktails, tea, morning coffee, smoothies, soda, and beer. Also, this is used for nurse office decor, nurse decorations for party, school nurse essentials for work, ...\nHIGH-QUALITY MATERIAL: Our can glass is made from 100% high-density borosilicate and is entirely free of lead, toxins, BPA, BPS, phthalates, and cadmium. Whether you prefer warm or cold beverages, our glass bottles are suitable for both, withstanding temperatures of up to 70-80 degrees Celsius. This cup glass is aesthetically pleasing, with a sleek and modern design that is sure to impress your guests.\nNURSE VALENTINES GIFT-BOX INCLUDES: This set includes 1 x 16 Oz Can Glass, 1 x Leak-proof Bamboo Lid, 2 x Reusable Glass Straws, and 1 x Cleaning Straw Brush. The straw brush helps you clean the inside of the drinking straw thoroughly, ensuring that you'll all the time enjoy your drinks without any unwanted residue. In addition, the lid helps protect against spills, guaranteed to keep your drink secure and protected.",,,taxable,,1,,,0,0,,,,,1,,,20.99,"Home and Kitchen > Kitchen and Dining",,,"https://m.media-amazon.com/images/I/51OAKZfx0cL.jpg, https://m.media-amazon.com/images/I/51OAKZfx0cL.jpg",,,,,,,https://4anurse.com/?redirectAmzASIN=B0BXWXYJXG&redirect_prodid=amz-B0BXWXYJXG,,0,,,,0,,"[gallery]
NURSE GIFTS FOR WOMEN: Let this Nurse Gift Can Glass express your heartfelt appreciation for the tireless dedication and hard work of the nurses in your life. Ideal for nursing school essentials, nursing student essentials, nursing essentials for nurses, nursing student gifts for doctors, registered nurse practitioner gifts for women, nursing gifts for new nurses, rn gifts for nurses, nicu nurse gifts, new nurse gifts, lpn gifts for nurses, gifts for nurses cna, bsn gifts for nurses,...
NURSE APPRECIATION GIFTS ON ANY OCCASION: This Nurse Glass will {be sure to|make sure to|remember to|make sure you|you'll want to|be sure you|you should definitely} be a lovely gift for {your beloved|your loved one|the one you love} nurses on any milestone. This will be a daily reminder of your love and a cherished keepsake that she can enjoy for {years to come|years yet to come|future years}. Ideal for nurse graduation gift ideas, doctor day gift, nurse graduation gift, nursing school graduation gifts, nurse week gifts, nurses week decorations, nurse retirement gifts for women, ...
CONVENIENT & PORTABLE: With dimensions of 2.96"" W x 5.3"" H, this Nurse Cup is compact, allowing it to fit snugly in most cup holders. It is excellent for use in {various|more than a few|quite a lot of} settings, including homes, kitchens, cafes, and bars. With its versatility, {it can be|it may be} used for {a wide range of|a variety of|quite a lot of} beverages, including cocktails, tea, morning coffee, smoothies, soda, and beer. Also, this is used for nurse office decor, nurse decorations for party, school nurse essentials for work, ...
HIGH-QUALITY MATERIAL: Our can glass is made from 100% high-density borosilicate and is entirely free of lead, toxins, BPA, BPS, phthalates, and cadmium. Whether you prefer warm or cold beverages, our glass bottles are suitable for both, withstanding temperatures of up to 70-80 degrees Celsius. This cup glass is aesthetically pleasing, with a sleek and modern design that is sure to impress your guests.
NURSE VALENTINES GIFT-BOX INCLUDES: This set includes 1 x 16 Oz Can Glass, 1 x Leak-proof Bamboo Lid, 2 x Reusable Glass Straws, and 1 x Cleaning Straw Brush. The straw brush helps you clean the inside of the drinking straw thoroughly, ensuring that {you can|you'll be able to|you'll} {always|all the time|at all times} enjoy your drinks without any unwanted residue. In addition, the lid helps protect against spills, guaranteed to keep your drink {safe|protected|secure} and {secure|safe|protected}.","[gallery]
NURSE GIFTS FOR WOMEN: Let this Nurse Gift Can Glass express your heartfelt appreciation for the tireless dedication and hard work of the nurses in your life. Ideal for nursing school essentials, nursing student essentials, nursing essentials for nurses, nursing student gifts for doctors, registered nurse practitioner gifts for women, nursing gifts for new nurses, rn gifts for nurses, nicu nurse gifts, new nurse gifts, lpn gifts for nurses, gifts for nurses cna, bsn gifts for nurses,...
NURSE APPRECIATION GIFTS ON ANY OCCASION: This Nurse Glass will {make sure you|you should definitely|be sure you|remember to|make sure to|you'll want to|be sure to} be a lovely gift for {the one you love|your loved one|your beloved} nurses on any milestone. This will be a daily reminder of your love and a cherished keepsake that she can enjoy for {future years|years yet to come|years to come}. Ideal for nurse graduation gift ideas, doctor day gift, nurse graduation gift, nursing school graduation gifts, nurse week gifts, nurses week decorations, nurse retirement gifts for women, ...
CONVENIENT & PORTABLE: With dimensions of 2.96"" W x 5.3"" H, this Nurse Cup is compact, allowing it to fit snugly in most cup holders. It is excellent for use in {quite a lot of|more than a few|various} settings, including homes, kitchens, cafes, and bars. With its versatility, {it may be|it can be} used for {quite a lot of|a variety of|a wide range of} beverages, including cocktails, tea, morning coffee, smoothies, soda, and beer. Also, this is used for nurse office decor, nurse decorations for party, school nurse essentials for work, ...
HIGH-QUALITY MATERIAL: Our can glass is made from 100% high-density borosilicate and is entirely free of lead, toxins, BPA, BPS, phthalates, and cadmium. Whether you prefer warm or cold beverages, our glass bottles are suitable for both, withstanding temperatures of up to 70-80 degrees Celsius. This cup glass is aesthetically pleasing, with a sleek and modern design that is sure to impress your guests.
NURSE VALENTINES GIFT-BOX INCLUDES: This set includes 1 x 16 Oz Can Glass, 1 x Leak-proof Bamboo Lid, 2 x Reusable Glass Straws, and 1 x Cleaning Straw Brush. The straw brush helps you clean the inside of the drinking straw thoroughly, ensuring that {you'll|you'll be able to|you can} {all the time|at all times|always} enjoy your drinks without any unwanted residue. In addition, the lid helps protect against spills, guaranteed to keep your drink {secure|protected|safe} and {protected|safe|secure}.","[gallery]
NURSE GIFTS FOR WOMEN: Let this Nurse Gift Can Glass express your heartfelt appreciation for the tireless dedication and hard work of the nurses in your life. Ideal for nursing school essentials, nursing student essentials, nursing essentials for nurses, nursing student gifts for doctors, registered nurse practitioner gifts for women, nursing gifts for new nurses, rn gifts for nurses, nicu nurse gifts, new nurse gifts, lpn gifts for nurses, gifts for nurses cna, bsn gifts for nurses,...
NURSE APPRECIATION GIFTS ON ANY OCCASION: This Nurse Glass will be sure to be a lovely gift for your beloved nurses on any milestone. This will be a daily reminder of your love and a cherished keepsake that she can enjoy for years to come. Ideal for nurse graduation gift ideas, doctor day gift, nurse graduation gift, nursing school graduation gifts, nurse week gifts, nurses week decorations, nurse retirement gifts for women, ...
CONVENIENT & PORTABLE: With dimensions of 2.96"" W x 5.3"" H, this Nurse Cup is compact, allowing it to fit snugly in most cup holders. It is excellent for use in various settings, including homes, kitchens, cafes, and bars. With its versatility, it can be used for a wide range of beverages, including cocktails, tea, morning coffee, smoothies, soda, and beer. Also, this is used for nurse office decor, nurse decorations for party, school nurse essentials for work, ...
HIGH-QUALITY MATERIAL: Our can glass is made from 100% high-density borosilicate and is entirely free of lead, toxins, BPA, BPS, phthalates, and cadmium. Whether you prefer warm or cold beverages, our glass bottles are suitable for both, withstanding temperatures of up to 70-80 degrees Celsius. This cup glass is aesthetically pleasing, with a sleek and modern design that is sure to impress your guests.
NURSE VALENTINES GIFT-BOX INCLUDES: This set includes 1 x 16 Oz Can Glass, 1 x Leak-proof Bamboo Lid, 2 x Reusable Glass Straws, and 1 x Cleaning Straw Brush. The straw brush helps you clean the inside of the drinking straw thoroughly, ensuring that you can always enjoy your drinks without any unwanted residue. In addition, the lid helps protect against spills, guaranteed to keep your drink safe and secure.",B0BXWXYJXG,com,999999,amz-B0BXWXYJXG,amazon,https://www.amazon.com/dp/B0BXWXYJXG/,1746751747,0,0,1,260,0,260,,0,0,1778970612,invalid,19
854,external,,,"Best Nurse Mug 11 Ounce, Nurse Gift Mug, Gifts Nurses, Best Nurse Gifts, Favorite Nurse Gifts, Best Nurse Ever Mug, Best Nurse Ever Coffee Mug, Best Nurse Ever Gifts Nurse Cup Nurse Coffee Mug",1,0,visible,"SIP & SMILE - Tickle your nurses' funny bone with our Best Nurse Ever coffee mug; Put a smile on their faces as they sip their favorite beverage using our best nurse ever coffee cup\nPERFECT GIFT - An ideal present for every event, our best nurse gift coffee mug makes special events and coffee sessions at home or in the office a lot more enjoyable\nFADE-RESISTANT - Imprinted text does not fade on our best nurse mug; Novelty nurse gift mug with saying will help you get through the week","[gallery]\nSIP & SMILE - Tickle your nurses' funny bone with our Best Nurse Ever coffee mug; Put a smile on their faces as they sip their favorite beverage the use of our best nurse ever coffee cup\nPERFECT GIFT - An ideal present for each and every event, our best nurse gift coffee mug makes special events and coffee sessions at home or in the office much more enjoyable\nFADE-RESISTANT - Imprinted text does not fade on our best nurse mug; Novelty nurse gift mug with saying will will let you get through the week\nDURABLE CERAMIC CHARM - Our microwave-protected, dishwasher-protected nurse cup is made of high-quality ceramic that doesn't easily break\nPROUDLY DESIGNED IN THE USA - Our best nurse ever gift coffee mug designed in america and made with the best quality and safest materials is a perfect ceramic mug for cold and hot drinks",,,taxable,,1,,,0,0,,,,,1,,,13.95,"Home and Kitchen > Kitchen and Dining > Dining and Entertaining > Novelty",,,"https://m.media-amazon.com/images/I/415FBwgmLsL.jpg, https://m.media-amazon.com/images/I/415FBwgmLsL.jpg",,,,,,,https://4anurse.com/?redirectAmzASIN=B09PVKXKJD&redirect_prodid=amz-B09PVKXKJD,,0,,,,0,,"[gallery]
SIP & SMILE - Tickle your nurses' funny bone with our Best Nurse Ever coffee mug; Put a smile on their faces as they sip their favorite beverage {using|the use of|the usage of} our best nurse ever coffee cup
PERFECT GIFT - An ideal present for {every|each and every|each} event, our best nurse gift coffee mug makes special events and coffee sessions at home or in the office {a lot more|much more} enjoyable
FADE-RESISTANT - Imprinted text does not fade on our best nurse mug; Novelty nurse gift mug with saying will {help you|allow you to|let you|permit you to|will let you|can help you|assist you to|mean you can} get through the week
DURABLE CERAMIC CHARM - Our microwave-{safe|protected|secure}, dishwasher-{safe|protected|secure} nurse cup is made of high-quality ceramic {that does not|that doesn't} easily break
PROUDLY DESIGNED IN THE USA - Our best nurse ever gift coffee mug designed in {the USA|the united states|the us|america} and made with {the highest quality|the best quality|the very best quality} and safest materials {is an ideal|is a perfect} ceramic mug for {hot and cold|cold and hot|cold and warm} drinks","[gallery]
SIP & SMILE - Tickle your nurses' funny bone with our Best Nurse Ever coffee mug; Put a smile on their faces as they sip their favorite beverage {the use of|the usage of|using} our best nurse ever coffee cup
PERFECT GIFT - An ideal present for {each and every|each|every} event, our best nurse gift coffee mug makes special events and coffee sessions at home or in the office {much more|a lot more} enjoyable
FADE-RESISTANT - Imprinted text does not fade on our best nurse mug; Novelty nurse gift mug with saying will {will let you|permit you to|can help you|assist you to|mean you can|allow you to|let you|help you} get through the week
DURABLE CERAMIC CHARM - Our microwave-{protected|secure|safe}, dishwasher-{protected|secure|safe} nurse cup is made of high-quality ceramic {that doesn't|that does not} easily break
PROUDLY DESIGNED IN THE USA - Our best nurse ever gift coffee mug designed in {america|the us|the united states|the USA} and made with {the best quality|the very best quality|the highest quality} and safest materials {is a perfect|is an ideal} ceramic mug for {cold and hot|cold and warm|hot and cold} drinks","[gallery]
SIP & SMILE - Tickle your nurses' funny bone with our Best Nurse Ever coffee mug; Put a smile on their faces as they sip their favorite beverage using our best nurse ever coffee cup
PERFECT GIFT - An ideal present for every event, our best nurse gift coffee mug makes special events and coffee sessions at home or in the office a lot more enjoyable
FADE-RESISTANT - Imprinted text does not fade on our best nurse mug; Novelty nurse gift mug with saying will help you get through the week
DURABLE CERAMIC CHARM - Our microwave-safe, dishwasher-safe nurse cup is made of high-quality ceramic that does not easily break
PROUDLY DESIGNED IN THE USA - Our best nurse ever gift coffee mug designed in the USA and made with the highest quality and safest materials is an ideal ceramic mug for hot and cold drinks",B09PVKXKJD,com,999999,amz-B09PVKXKJD,amazon,https://www.amazon.com/dp/B09PVKXKJD/,1746751750,0,0,1,210,0,210,,0,0,1778970612,invalid,13
856,external,,,"Brooke & Jess Designs Coffee Scrubs 14 oz Coffee Cup Tumbler Mug with Lid - Gift for Nurse, RN, CNA, LPN, Nursing Student, Doctor, Nurses Week",1,0,visible,"Superior Insulation: This 14 oz nurse tumbler keeps drinks cold for up to 12 hours and hot for up to 8. Ideal for iced coffee, coffee mug, or iced tea. A great choice for nurse accessories for work who need their beverages at the perfect temperature.\nDurable & Safe Materials: Made from premium stainless steel, this insulated coffee mug with lid is rust-resistant and safe for all beverages. Perfect for nurse gifts or new mom gifts who appreciate durability and quality.\nConvenient Design: Features a sturdy handle and a lid with a straw hole, making it easy to use on the go. This tumbler with lid and straw is ideal for travel coffee mug needs and suits nurses who require a reliable, spill-proof mug.","[gallery]\nSuperior Insulation: This 14 oz nurse tumbler helps to keep drinks cold for up to 12 hours and hot for up to 8. Ideal for iced coffee, coffee mug, or iced tea. A great choice for nurse accessories for work who need their beverages at the very best temperature.\nDurable & Secure Materials: Created from premium stainless steel, this insulated coffee mug with lid is rust-resistant and Secure for all beverages. Perfect for nurse gifts or new mom gifts who appreciate durability and quality.\nConvenient Design: Features a sturdy deal with and a lid with a straw hole, making it easy to use at the go. This tumbler with lid and straw is ideal for trip coffee mug needs and suits nurses who require a reliable, spill-proof mug.\nStylish & Functional: The powder-coated exterior offers a non-slip grip and a sleek, stylish look. This tumbler with deal with combines functionality with style—ideal for both nurse essentials and a touch of personal flair.\nPersonalized Style: Custom designs add a personal touch to this personalized tumbler, making it a thoughtful gift for nurses or someone who loves simple brand new accessories in their day by day routine.",,,taxable,,1,,,0,0,,,,,1,,,22.95,"Home and Kitchen > Kitchen and Dining > Dining and Entertaining > Glassware and Drinkware > Tumblers and Water Glasses",,,"https://m.media-amazon.com/images/I/41Q+J0frMiL.jpg, https://m.media-amazon.com/images/I/41Q+J0frMiL.jpg",,,,,,,https://4anurse.com/?redirectAmzASIN=B088R2GMSV&redirect_prodid=amz-B088R2GMSV,,0,,,,0,,"[gallery]
Superior Insulation: This 14 oz nurse tumbler {keeps|assists in keeping|helps to keep} drinks cold for up to 12 hours and hot for up to 8. Ideal for iced coffee, coffee mug, or iced tea. A great choice for nurse accessories for work who need their beverages at {the perfect|the very best|the easiest} temperature.
Durable & {Safe|Protected|Secure} Materials: {Made from|Produced from|Created from|Made out of|Comprised of|Constructed from|Constituted of} premium stainless steel, this insulated coffee mug with lid is rust-resistant and {Safe|Protected|Secure} for all beverages. Perfect for nurse gifts or new mom gifts who appreciate durability and quality.
Convenient Design: Features a sturdy {handle|take care of|care for|deal with|maintain} and a lid with a straw hole, making it easy to use {on the|at the} go. This tumbler with lid and straw is ideal for {travel|go back and forth|commute|trip|shuttle} coffee mug needs and suits nurses who require a reliable, spill-proof mug.
Stylish & Functional: The powder-coated exterior offers a non-slip grip and a sleek, stylish look. This tumbler with {handle|take care of|care for|deal with|maintain} combines functionality with style—ideal for both nurse essentials and a touch of personal flair.
Personalized Style: Custom designs add a personal touch to this personalized tumbler, making it a thoughtful gift for nurses or {anyone|somebody|someone|any person|any individual} who loves simple {modern|up to date|brand new} accessories in their {daily|day by day|day-to-day} routine.","[gallery]
Superior Insulation: This 14 oz nurse tumbler {helps to keep|assists in keeping|keeps} drinks cold for up to 12 hours and hot for up to 8. Ideal for iced coffee, coffee mug, or iced tea. A great choice for nurse accessories for work who need their beverages at {the very best|the easiest|the perfect} temperature.
Durable & {Secure|Protected|Safe} Materials: {Created from|Produced from|Constructed from|Made out of|Constituted of|Comprised of|Made from} premium stainless steel, this insulated coffee mug with lid is rust-resistant and {Secure|Protected|Safe} for all beverages. Perfect for nurse gifts or new mom gifts who appreciate durability and quality.
Convenient Design: Features a sturdy {deal with|maintain|care for|take care of|handle} and a lid with a straw hole, making it easy to use {at the|on the} go. This tumbler with lid and straw is ideal for {trip|commute|go back and forth|shuttle|travel} coffee mug needs and suits nurses who require a reliable, spill-proof mug.
Stylish & Functional: The powder-coated exterior offers a non-slip grip and a sleek, stylish look. This tumbler with {deal with|maintain|care for|take care of|handle} combines functionality with style—ideal for both nurse essentials and a touch of personal flair.
Personalized Style: Custom designs add a personal touch to this personalized tumbler, making it a thoughtful gift for nurses or {someone|any individual|somebody|any person|anyone} who loves simple {brand new|up to date|modern} accessories in their {day by day|day-to-day|daily} routine.","[gallery]
Superior Insulation: This 14 oz nurse tumbler keeps drinks cold for up to 12 hours and hot for up to 8. Ideal for iced coffee, coffee mug, or iced tea. A great choice for nurse accessories for work who need their beverages at the perfect temperature.
Durable & Safe Materials: Made from premium stainless steel, this insulated coffee mug with lid is rust-resistant and safe for all beverages. Perfect for nurse gifts or new mom gifts who appreciate durability and quality.
Convenient Design: Features a sturdy handle and a lid with a straw hole, making it easy to use on the go. This tumbler with lid and straw is ideal for travel coffee mug needs and suits nurses who require a reliable, spill-proof mug.
Stylish & Functional: The powder-coated exterior offers a non-slip grip and a sleek, stylish look. This tumbler with handle combines functionality with style—ideal for both nurse essentials and a touch of personal flair.
Personalized Style: Custom designs add a personal touch to this personalized tumbler, making it a thoughtful gift for nurses or anyone who loves simple modern accessories in their daily routine.",B088R2GMSV,com,999999,amz-B088R2GMSV,amazon,https://www.amazon.com/dp/B088R2GMSV/,1746751751,0,0,1,233,1,233,,0,0,1778970612,invalid,6
858,external,,,"Best Gifts For Nurses - New Nurse Gifts For Women-Nursing Student Gifts- Nurse Practitioner- Nurse Appreciation Gifts-Nurse Graduation Gifts-Nutrition Facts 20Oz Nurse Cup Tumbler",1,0,visible,"✅ HIGH INSULATION TECHNOLOGY: Equipped with triple insulation technology to ensure the best nurse ever gifts! With double-walled, vacuum-sealed, and copper-coated insulation, this tumbler keeps drinks cold for up to 24 hours and hot for up to 12 hours—making it the perfect addition to any nurse gift basket. Available in bulk for nurse week gifts bulk, this tumbler also makes for funny nurse gifts that are both practical and stylish.\n✅ PREMIUM MATERIAL: Our Nurse Nutrition Facts Tumbler is made of premium materials, a combination of heavy-duty non-BPA, BPS-free, phthalate-free, cadmium-free, and composed of 100% high-density borosilicate. They have a sturdy, unbreakable, sweatproof, and rust-resistant construction and can be easily cleaned with soap and water. With its double-wall insulation, it keeps your beverages hot or cold for longer, ensuring you stay hydrated and energized no matter how hectic your schedule gets\n✅ BEST NURSE EVER GIFTS: Our high-quality tumbler, featuring heart-touching designs, is an ideal choice for Christmas gifts or nurses week gifts. Whether it's for a nurse, RN, LPN, NICU nurse, CNA, EMT, CMA, or CRNA, this tumbler makes for a thoughtful nurse appreciation gift. It's also a great idea for future nurse gifts, nurse graduation gift, making it a memorable present from mom, dad, son, daughter, or friends. With its stylish design, it's a cool gift for nurses of all ages.","[gallery]\n✅ HIGH INSULATION TECHNOLOGY: Equipped with triple insulation technology to make sure the most productive nurse ever gifts! With double-walled, vacuum-sealed, and copper-coated insulation, this tumbler keeps drinks cold for up to 24 hours and hot for up to 12 hours—making it the very best addition to any nurse gift basket. To be had in bulk for nurse week gifts bulk, this tumbler also makes for funny nurse gifts that are both practical and stylish.\n✅ PREMIUM MATERIAL: Our Nurse Nutrition Facts Tumbler is made of premium materials, a combination of heavy-duty non-BPA, BPS-free, phthalate-free, cadmium-free, and composed of 100% high-density borosilicate. They have got a sturdy, unbreakable, sweatproof, and rust-resistant construction and will also be easily cleaned with soap and water. With its double-wall insulation, it keeps your beverages hot or cold for longer, ensuring you stay hydrated and energized no matter how hectic your schedule gets\n✅ BEST NURSE EVER GIFTS: Our high-quality tumbler, featuring heart-touching designs, is an ideal choice for Christmas gifts or nurses week gifts. Whether it's for a nurse, RN, LPN, NICU nurse, CNA, EMT, CMA, or CRNA, this tumbler makes for a thoughtful nurse appreciation gift. It is usually a great idea for future nurse gifts, nurse graduation gift, making it a memorable present from mom, dad, son, daughter, or friends. With its stylish design, it's a cool gift for nurses of every age.\n✅ VERSATILE COMPANION: Whether you're in chaos at home, at work, or on the go, this funny tumbler is the versatile companion you wish to have. Perfect for drinking some things at the office, parties, school, camping, hiking, or throughout a barbecue. It effortlessly transitions from holding your morning coffee to keeping your water cool throughout your gym session\n✅ INSPIRATIONAL MESSAGE: This nurse nutrition fact tumbler is the very best way to celebrate the chaos-conquering spirit of healthcare professionals. Don't let chaos get the most productive of you - embrace it with the Nurse Cup Nutrition Fact Tumbler!",,,taxable,,1,,,0,0,,,,,1,,,22.99,"Home and Kitchen > Kitchen and Dining > Dining and Entertaining > Glassware and Drinkware > Tumblers and Water Glasses",,,"https://m.media-amazon.com/images/I/51baqouagvL.jpg, https://m.media-amazon.com/images/I/51baqouagvL.jpg",,,,,,,https://4anurse.com/?redirectAmzASIN=B0CWPXMFQW&redirect_prodid=amz-B0CWPXMFQW,,0,,,,0,,"[gallery]
✅ HIGH INSULATION TECHNOLOGY: Equipped with triple insulation technology {to ensure|to make sure|to verify} {the best|the most productive|the most efficient} nurse ever gifts! With double-walled, vacuum-sealed, and copper-coated insulation, this tumbler keeps drinks cold for up to 24 hours and hot for up to 12 hours—making it {the perfect|the very best|the easiest} addition to any nurse gift basket. {Available|To be had} in bulk for nurse week gifts bulk, this tumbler also makes for funny nurse gifts that are both practical and stylish.
✅ PREMIUM MATERIAL: Our Nurse Nutrition Facts Tumbler is made of premium materials, a combination of heavy-duty non-BPA, BPS-free, phthalate-free, cadmium-free, and composed of 100% high-density borosilicate. {They have|They have got|They've} a sturdy, unbreakable, sweatproof, and rust-resistant construction and {can be|can also be|may also be|will also be} easily cleaned with soap and water. With its double-wall insulation, it keeps your beverages hot or cold for longer, ensuring you stay hydrated and energized no matter how hectic your schedule gets
✅ BEST NURSE EVER GIFTS: Our high-quality tumbler, featuring heart-touching designs, is an ideal choice for Christmas gifts or nurses week gifts. Whether it's for a nurse, RN, LPN, NICU nurse, CNA, EMT, CMA, or CRNA, this tumbler makes for a thoughtful nurse appreciation gift. {It's also|It is also|Additionally it is|It is usually} a great idea for future nurse gifts, nurse graduation gift, making it a memorable present from mom, dad, son, daughter, or friends. With its stylish design, it's a cool gift for nurses {of all ages|of every age}.
✅ VERSATILE COMPANION: Whether you're in chaos at home, at work, or on the go, this funny tumbler is the versatile companion {you need|you wish to have|you want}. Perfect for drinking some things at the office, parties, school, camping, hiking, or {during|all the way through|throughout|all through|right through|all over} a barbecue. It effortlessly transitions from holding your morning coffee to keeping your water cool {during|all the way through|throughout|all through|right through|all over} your gym session
✅ INSPIRATIONAL MESSAGE: This nurse nutrition fact tumbler is {the perfect|the very best|the easiest} way to celebrate the chaos-conquering spirit of healthcare professionals. Don't let chaos get {the best|the most productive|the most efficient} of you - embrace it with the Nurse Cup Nutrition Fact Tumbler!","[gallery]
✅ HIGH INSULATION TECHNOLOGY: Equipped with triple insulation technology {to make sure|to verify|to ensure} {the most productive|the most efficient|the best} nurse ever gifts! With double-walled, vacuum-sealed, and copper-coated insulation, this tumbler keeps drinks cold for up to 24 hours and hot for up to 12 hours—making it {the very best|the easiest|the perfect} addition to any nurse gift basket. {To be had|Available} in bulk for nurse week gifts bulk, this tumbler also makes for funny nurse gifts that are both practical and stylish.
✅ PREMIUM MATERIAL: Our Nurse Nutrition Facts Tumbler is made of premium materials, a combination of heavy-duty non-BPA, BPS-free, phthalate-free, cadmium-free, and composed of 100% high-density borosilicate. {They have got|They've|They have} a sturdy, unbreakable, sweatproof, and rust-resistant construction and {will also be|may also be|can also be|can be} easily cleaned with soap and water. With its double-wall insulation, it keeps your beverages hot or cold for longer, ensuring you stay hydrated and energized no matter how hectic your schedule gets
✅ BEST NURSE EVER GIFTS: Our high-quality tumbler, featuring heart-touching designs, is an ideal choice for Christmas gifts or nurses week gifts. Whether it's for a nurse, RN, LPN, NICU nurse, CNA, EMT, CMA, or CRNA, this tumbler makes for a thoughtful nurse appreciation gift. {It is usually|Additionally it is|It is also|It's also} a great idea for future nurse gifts, nurse graduation gift, making it a memorable present from mom, dad, son, daughter, or friends. With its stylish design, it's a cool gift for nurses {of every age|of all ages}.
✅ VERSATILE COMPANION: Whether you're in chaos at home, at work, or on the go, this funny tumbler is the versatile companion {you wish to have|you want|you need}. Perfect for drinking some things at the office, parties, school, camping, hiking, or {throughout|all through|right through|all the way through|all over|during} a barbecue. It effortlessly transitions from holding your morning coffee to keeping your water cool {throughout|all through|right through|all the way through|all over|during} your gym session
✅ INSPIRATIONAL MESSAGE: This nurse nutrition fact tumbler is {the very best|the easiest|the perfect} way to celebrate the chaos-conquering spirit of healthcare professionals. Don't let chaos get {the most productive|the most efficient|the best} of you - embrace it with the Nurse Cup Nutrition Fact Tumbler!","[gallery]
✅ HIGH INSULATION TECHNOLOGY: Equipped with triple insulation technology to ensure the best nurse ever gifts! With double-walled, vacuum-sealed, and copper-coated insulation, this tumbler keeps drinks cold for up to 24 hours and hot for up to 12 hours—making it the perfect addition to any nurse gift basket. Available in bulk for nurse week gifts bulk, this tumbler also makes for funny nurse gifts that are both practical and stylish.
✅ PREMIUM MATERIAL: Our Nurse Nutrition Facts Tumbler is made of premium materials, a combination of heavy-duty non-BPA, BPS-free, phthalate-free, cadmium-free, and composed of 100% high-density borosilicate. They have a sturdy, unbreakable, sweatproof, and rust-resistant construction and can be easily cleaned with soap and water. With its double-wall insulation, it keeps your beverages hot or cold for longer, ensuring you stay hydrated and energized no matter how hectic your schedule gets
✅ BEST NURSE EVER GIFTS: Our high-quality tumbler, featuring heart-touching designs, is an ideal choice for Christmas gifts or nurses week gifts. Whether it's for a nurse, RN, LPN, NICU nurse, CNA, EMT, CMA, or CRNA, this tumbler makes for a thoughtful nurse appreciation gift. It's also a great idea for future nurse gifts, nurse graduation gift, making it a memorable present from mom, dad, son, daughter, or friends. With its stylish design, it's a cool gift for nurses of all ages.
✅ VERSATILE COMPANION: Whether you're in chaos at home, at work, or on the go, this funny tumbler is the versatile companion you need. Perfect for drinking some things at the office, parties, school, camping, hiking, or during a barbecue. It effortlessly transitions from holding your morning coffee to keeping your water cool during your gym session
✅ INSPIRATIONAL MESSAGE: This nurse nutrition fact tumbler is the perfect way to celebrate the chaos-conquering spirit of healthcare professionals. Don't let chaos get the best of you - embrace it with the Nurse Cup Nutrition Fact Tumbler!",B0CWPXMFQW,com,999999,amz-B0CWPXMFQW,amazon,https://www.amazon.com/dp/B0CWPXMFQW/,1746751754,0,0,1,275,0,275,,0,0,1778970612,invalid,13
860,external,,,"Ddaowanx Gel Pens, 6 Pcs 0.5mm Quick Dry Black Ink Pens Fine Point Smooth Writing Pens, Cute Office School Supplies Gifts for Women",1,0,visible,"Gel Pens: You will receive 6pc quick-drying ink pens with a modern minimalist design to suit your needs Daily use and replacement needs\nQuick-Drying Ink: These retractable roller ball gel pens feature reliable ink that won't fade or smudge easily; the rollerball ink dries quickly that help you keep work neat and organized\nPractical and Simple Design: The convenient clip design can firmly clip the neutral ink ballpoint pen to a book, notebook or bag, easy to carry, without worrying about losing; retractable design, gently press the cap, the pen end automatically retracts","[gallery]\nGel Pens: You'll receive 6pc quick-drying ink pens with a up to date minimalist design to fit your needs Day-to-day use and replacement needs\nQuick-Drying Ink: These retractable roller ball gel pens feature reliable ink that would possibly not fade or smudge easily; the rollerball ink dries quickly that assist you to keep work neat and organized\nPractical and Simple Design: The convenient clip design can firmly clip the neutral ink ballpoint pen to a book, notebook or bag, easy to carry, without worrying about losing; retractable design, gently press the cap, the pen end automatically retracts\nScope of use: 6pc gel pen is suitable for children and adults for writing, diary, sketching, painting, scrapbooking, making gift cards, and so forth., to meet your more than a few needs in Day-to-day study and work\nPractical Gifts: You'll give these colored gel pens as practical gifts to your circle of relatives, friends, students, classmates and colleagues to express your feelings on more than a few occasions such as birthdays, thanksgiving, Christmas stockings stuffers, graduations, classroom activities, parties, and so forth. love and blessings",,,taxable,,1,,,0,0,,,,,1,,,8.99,"Office Products > Office and School Supplies > Writing and Correction Supplies",,,"https://m.media-amazon.com/images/I/41mdSvEwNZL.jpg, https://m.media-amazon.com/images/I/41mdSvEwNZL.jpg",,,,,,,https://4anurse.com/?redirectAmzASIN=B0C9W8DD9S&redirect_prodid=amz-B0C9W8DD9S,,0,,,,0,,"[gallery]
Gel Pens: {You will|You are going to|You'll|You're going to} receive 6pc quick-drying ink pens with a {modern|up to date|brand new} minimalist design {to suit your|to fit your} needs {Daily|Day by day|Day-to-day} use and replacement needs
Quick-Drying Ink: These retractable roller ball gel pens feature reliable ink that {won't|would possibly not|may not} fade or smudge easily; the rollerball ink dries quickly that {help you|allow you to|let you|permit you to|will let you|can help you|assist you to|mean you can} keep work neat and organized
Practical and Simple Design: The convenient clip design can firmly clip the neutral ink ballpoint pen to a book, notebook or bag, easy to carry, without worrying about losing; retractable design, gently press the cap, the pen end automatically retracts
Scope of use: 6pc gel pen is suitable for children and adults for writing, diary, sketching, painting, scrapbooking, making gift cards, {etc|and so on|and so forth|and the like}., to meet your {various|more than a few|quite a lot of} needs in {Daily|Day by day|Day-to-day} study and work
Practical Gifts: {You can|You'll be able to|You'll} give these colored gel pens as practical gifts to your {family|circle of relatives}, friends, students, classmates and colleagues to express your feelings on {various|more than a few|quite a lot of} occasions such as birthdays, thanksgiving, Christmas stockings stuffers, graduations, classroom activities, parties, {etc|and so on|and so forth|and the like}. love and blessings","[gallery]
Gel Pens: {You'll|You are going to|You're going to|You will} receive 6pc quick-drying ink pens with a {up to date|brand new|modern} minimalist design {to fit your|to suit your} needs {Day-to-day|Day by day|Daily} use and replacement needs
Quick-Drying Ink: These retractable roller ball gel pens feature reliable ink that {would possibly not|may not|won't} fade or smudge easily; the rollerball ink dries quickly that {assist you to|will let you|can help you|let you|mean you can|permit you to|allow you to|help you} keep work neat and organized
Practical and Simple Design: The convenient clip design can firmly clip the neutral ink ballpoint pen to a book, notebook or bag, easy to carry, without worrying about losing; retractable design, gently press the cap, the pen end automatically retracts
Scope of use: 6pc gel pen is suitable for children and adults for writing, diary, sketching, painting, scrapbooking, making gift cards, {and so forth|and so on|and the like|etc}., to meet your {more than a few|quite a lot of|various} needs in {Day-to-day|Day by day|Daily} study and work
Practical Gifts: {You'll|You'll be able to|You can} give these colored gel pens as practical gifts to your {circle of relatives|family}, friends, students, classmates and colleagues to express your feelings on {more than a few|quite a lot of|various} occasions such as birthdays, thanksgiving, Christmas stockings stuffers, graduations, classroom activities, parties, {and so forth|and so on|and the like|etc}. love and blessings","[gallery]
Gel Pens: You will receive 6pc quick-drying ink pens with a modern minimalist design to suit your needs Daily use and replacement needs
Quick-Drying Ink: These retractable roller ball gel pens feature reliable ink that won't fade or smudge easily; the rollerball ink dries quickly that help you keep work neat and organized
Practical and Simple Design: The convenient clip design can firmly clip the neutral ink ballpoint pen to a book, notebook or bag, easy to carry, without worrying about losing; retractable design, gently press the cap, the pen end automatically retracts
Scope of use: 6pc gel pen is suitable for children and adults for writing, diary, sketching, painting, scrapbooking, making gift cards, etc., to meet your various needs in daily study and work
Practical Gifts: You can give these colored gel pens as practical gifts to your family, friends, students, classmates and colleagues to express your feelings on various occasions such as birthdays, thanksgiving, Christmas stockings stuffers, graduations, classroom activities, parties, etc. love and blessings",B0C9W8DD9S,com,999999,amz-B0C9W8DD9S,amazon,https://www.amazon.com/dp/B0C9W8DD9S/,1746751757,0,0,1,249,1,249,,0,0,1778970612,invalid,15
862,external,,,"SANDJEST Nurse Tumbler 40oz, Cool Club Coffee Travel Mug With Straw - Perfect Nurse Gift for Any Occasion",1,0,visible,"Please note: The final product may vary slightly in appearance from the images displayed due to differences in computer monitors or mobile color displays\nydration in style: our 40 ounce slider tumbler with handle is big enough to conquer your thirst while adding a stylish touch to your daily routine; plus the practicality of the tumbler makes excellent gift option for cherished ones\nSavor every sip: Our double-walled stainless steel tumbler locks in flavor and temperature, keeping your drinks refreshingly cold or delightfully hot. With a generous 40-ounce capacity, enjoy extended taste without constant refill","[gallery]\nPlease note: The final product may vary fairly in appearance from the images displayed as a result of differences in computer monitors or mobile color displays\nydration in style: our 40 ounce slider tumbler with maintain is big enough to overcome your thirst at the same time as adding a stylish touch in your day by day routine; plus the practicality of the tumbler makes excellent gift option for cherished ones\nSavor each and every sip: Our double-walled stainless steel tumbler locks in flavor and temperature, keeping your drinks refreshingly cold or delightfully hot. With a generous 40-ounce capacity, enjoy extended taste without constant refill\nYour perfect companion: The tumbler's comfortable maintain makes it effortless to carry, whether you're at home, work, the gym, or in your favorite adventure\nWorthwhile gift to all: with many designs to make a choice from, you'll be able to easily find a tumbler that suits your taste or your love ones' taste; as for cleaning, we highly recommend washing the tumbler by hands",,,taxable,,1,,,0,0,,,,,1,,19.95,24.95,"Home and Kitchen > Kitchen and Dining > Dining and Entertaining > Glassware and Drinkware > Tumblers and Water Glasses",,,"https://m.media-amazon.com/images/I/31v6V8Ae2tL.jpg, https://m.media-amazon.com/images/I/31v6V8Ae2tL.jpg",,,,,,,https://4anurse.com/?redirectAmzASIN=B0DCVZBL88&redirect_prodid=amz-B0DCVZBL88,,0,,,,0,,"[gallery]
Please note: The final product may vary {slightly|rather|quite|somewhat|fairly|relatively|moderately|reasonably} in appearance from the images displayed {due to|as a result of|because of} differences in computer monitors or mobile color displays
ydration in style: our 40 ounce slider tumbler with {handle|take care of|care for|deal with|maintain} is big enough {to conquer|to triumph over|to overcome} your thirst {while|at the same time as|whilst|even as} adding a stylish touch {to your|for your|on your|in your} {daily|day by day|day-to-day} routine; plus the practicality of the tumbler makes excellent gift option for cherished ones
Savor {every|each and every|each} sip: Our double-walled stainless steel tumbler locks in flavor and temperature, keeping your drinks refreshingly cold or delightfully hot. With a generous 40-ounce capacity, enjoy extended taste without constant refill
Your perfect companion: The tumbler's comfortable {handle|take care of|care for|deal with|maintain} makes it effortless to carry, whether you're at home, work, the gym, or {on your|for your|in your|to your} favorite adventure
Worthwhile gift to all: with many designs {to choose from|to make a choice from|to choose between}, {you can|you'll be able to|you'll} easily find a tumbler that suits your taste or your love ones' taste; as for cleaning, we highly recommend washing the tumbler by hands","[gallery]
Please note: The final product may vary {fairly|somewhat|quite|relatively|moderately|reasonably|rather|slightly} in appearance from the images displayed {as a result of|because of|due to} differences in computer monitors or mobile color displays
ydration in style: our 40 ounce slider tumbler with {maintain|take care of|care for|deal with|handle} is big enough {to overcome|to triumph over|to conquer} your thirst {at the same time as|even as|whilst|while} adding a stylish touch {in your|to your|for your|on your} {day by day|day-to-day|daily} routine; plus the practicality of the tumbler makes excellent gift option for cherished ones
Savor {each and every|each|every} sip: Our double-walled stainless steel tumbler locks in flavor and temperature, keeping your drinks refreshingly cold or delightfully hot. With a generous 40-ounce capacity, enjoy extended taste without constant refill
Your perfect companion: The tumbler's comfortable {maintain|take care of|care for|deal with|handle} makes it effortless to carry, whether you're at home, work, the gym, or {in your|to your|for your|on your} favorite adventure
Worthwhile gift to all: with many designs {to make a choice from|to choose between|to choose from}, {you'll be able to|you'll|you can} easily find a tumbler that suits your taste or your love ones' taste; as for cleaning, we highly recommend washing the tumbler by hands","[gallery]
Please note: The final product may vary slightly in appearance from the images displayed due to differences in computer monitors or mobile color displays
ydration in style: our 40 ounce slider tumbler with handle is big enough to conquer your thirst while adding a stylish touch to your daily routine; plus the practicality of the tumbler makes excellent gift option for cherished ones
Savor every sip: Our double-walled stainless steel tumbler locks in flavor and temperature, keeping your drinks refreshingly cold or delightfully hot. With a generous 40-ounce capacity, enjoy extended taste without constant refill
Your perfect companion: The tumbler's comfortable handle makes it effortless to carry, whether you're at home, work, the gym, or on your favorite adventure
Worthwhile gift to all: with many designs to choose from, you can easily find a tumbler that suits your taste or your love ones' taste; as for cleaning, we highly recommend washing the tumbler by hands",B0DCVZBL88,com,999999,amz-B0DCVZBL88,amazon,https://www.amazon.com/dp/B0DCVZBL88/,1746751758,0,0,1,215,0,215,,0,0,1778970612,invalid,9
876,external,,,"JioJio Chan Nurse Wine Bags, Graduation LPN Gifts for Appreciation, Funny Nurses Week, Burlap Drawstring Wine Bag, Personalized",1,0,visible,"Dimension: 13.5""Length x 5.5""Width, accommodate a regular 750 ml or 1 L wine bottle champagne bottle, fit all standard size Wine bottles, use these wine bottle bag as decor at your party, It will be the top talking point of the whole neighborhood; Beside for the wine bottle, use your imagination, you can put any things you want in it.\nQty: 1 Pcs per Package. Color: Natural Cotton Linen color. Drawstring design: comes with a drawstring, which makes the bag easy to close and open.\nQuality material: made of eco-friendly 100% natural cotton linen material, the material makes the wine bags have long service time, durable for daily use; Please hand wash, spot clean with mild soap and water.","[gallery]\n<!-- show up to 2 reviews by default --> <p> <span>Dimension: 13.5""Length x 5.5""Width, accommodate a regular 750 ml or 1 L wine bottle champagne bottle. Color: Natural Cotton Linen color. Drawstring design: comes with a drawstring, which makes the bag easy to close and open. Quality material: made of eco-friendly 100% natural cotton linen material. These wine bags are suitable for house owner gift ideas, Father’s Day, Mother’s Day, Graduation, Teacher’s Day, Nurse’s Day, Nurse’s Graduation, Christmas, Valentine’s Day, Christmas and gift exchanges, and send them to your relatives and friends to show your best wishes concern. You can continue to browse other wine bag in our store, there is always one that suits you!</span> </p>\nDimension: 13.5""Length x 5.5""Width, accommodate a regular 750 ml or 1 L wine bottle champagne bottle, fit all standard size Wine bottles, use these wine bottle bag as decor at your party, It will be the top talking point of the whole neighborhood; Beside for the wine bottle, use your imagination, you can put any things you want in it.\nQty: 1 Pcs per Package. Color: Natural Cotton Linen color. Drawstring design: comes with a drawstring, which makes the bag easy to close and open.\nQuality material: made of eco-friendly 100% natural cotton linen material, the material makes the wine bags have long service time, durable for daily use; Please hand wash, spot clean with mild soap and water.\nThese wine bags are suitable for house owner gift ideas, Father’s Day, Mother’s Day, Graduation, Teacher’s Day, Nurse’s Day, Nurse’s Graduation, Christmas, Valentine’s Day, Christmas and gift exchanges, and send them to your relatives and friends to show your best wishes. concern.\nYou can continue to browse other wine bag in our store, there is always one that suits you!",,,taxable,,1,,,0,0,,,,,1,,,9.99,"Home and Kitchen > Kitchen and Dining > Wine Accessories > Wine Accessory Sets",,,"https://m.media-amazon.com/images/I/4154u7WumBS.jpg, https://m.media-amazon.com/images/I/4154u7WumBS.jpg",,,,,,,https://4anurse.com/?redirectAmzASIN=B092M88GKB&redirect_prodid=amz-B092M88GKB,,0,,,,,,,,,B092M88GKB,com,999999,amz-B092M88GKB,amazon,https://www.amazon.com/dp/B092M88GKB/,1747058041,0,0,1,228,0,228,,0,0,1778970612,invalid,14
878,external,,,"Nurse Life Funny Nurses Cosmetic Bag, for Travel Toiletry Zipper Storage Pouch Makeup Bag, Nurse Birthday Gifts, Nurse Graduation Gifts, Registered Nurse Appreciation Gifts, Nurses Day Gifts",1,0,visible,"Dimension:9.4(Length) x 6.3(Height) x 2(Bottom width) inches;Weight: 43g /1.5oz,Foldable Storage Large Capacity Cosmetic bag,Zipper Cosmetic Bag.\nPractical Materials:Made of high-quality canvas material and reliable metal zipper,soft and comfortable,durable,Foldable Storage Large Capacity Cosmetic bag.\nProduct Feature:The high-quality canvas is soft and comfortable to touch,the metal zipper is not easy to damage,and the side is added with a small rope for easy carrying,Zipper Cosmetic Bag.","[gallery]\nDimension:9.4(Length) x 6.3(Height) x 2(Bottom width) inches;Weight: 43g /1.5oz,Foldable Storage Large Capacity Cosmetic bag,Zipper Cosmetic Bag.\nPractical Materials:Made of high-quality canvas material and reliable metal zipper,soft and comfortable,durable,Foldable Storage Large Capacity Cosmetic bag.\nProduct Feature:The high-quality canvas is soft and comfortable to touch,the metal zipper is not easy to damage,and the side is added with a small rope for easy carrying,Zipper Cosmetic Bag.\nWidely Used:This Foldable Storage Large Capacity Zipper Cosmetic bag,Independent design,novel theme,you can carry it when you party,travel,It's really a special and attractive gift,or as a birthday gift for your friend,mom,auntie,daughter,sister,teacher, nurse,doctor,wife,family.\nFunctional and Practical:This Foldable Storage Large Capacity Zipper Cosmetic bag,is not only used to hold lipstick,eyebrow pencil,eye shadow and other cosmetics,but also can be used to hold daily necessities such as mobile phones,glasses,earphones,keys.",,,taxable,,1,,,0,0,,,,,1,,,11.99,"Beauty and Personal Care > Tools and Accessories",,,"https://m.media-amazon.com/images/I/41pvLBaPtmL.jpg, https://m.media-amazon.com/images/I/41pvLBaPtmL.jpg",,,,,,,https://4anurse.com/?redirectAmzASIN=B09KC4L51X&redirect_prodid=amz-B09KC4L51X,,0,,,,,,,,,B09KC4L51X,com,999999,amz-B09KC4L51X,amazon,https://www.amazon.com/dp/B09KC4L51X/,1747058042,0,0,1,196,0,196,,0,0,1778970612,invalid,18
880,external,,,"LOVEVOOK Laptop Backpack for Women, 15.6 Inch Teacher Nurse Bag Work Travel Computer Backpacks Purse, College Bookbag for School, Water Resistant Daypack, 15.6 inch",1,0,visible,"Wide Opening Design: Inspired by nurse bags, this women's laptop backpack features a wide opening that allows you to easily see all your items inside and quickly access what you need! Made with high-quality polyester, thick shoulder straps, elegant custom zippers, and reinforced stitching, this backpack ensures a perfect user experience\nWomen Travel Backpack: Traveling with this personal item travel bag is a breeze, thanks to the trolley strap that can attach to your luggage. The stretchy side pockets are perfect for holding water bottles, and with a hidden anti-theft pocket, you can travel with peace of mind\nBackpack Purse for Women: With plenty of internal pockets and a large storage capacity, this work backpack woman is perfect for organizing your belongings. The added small purse is great for storing small items like a laptop charger or other accessories","[gallery]\nWide Opening Design: Inspired by nurse bags, this women's laptop backpack features a wide opening that permits you to easily see your whole items inside and quickly access what you wish to have! Made with high-quality polyester, thick shoulder straps, elegant custom zippers, and reinforced stitching, this backpack ensures a perfect user experience\nWomen Commute Backpack: Traveling with this personal item Commute bag is a breeze, thanks to the trolley strap that can attach to your luggage. The stretchy side pockets are ideal for holding water bottles, and with a hidden anti-theft pocket, you'll be able to Commute with peace of mind\nBackpack Purse for Women: With various internal pockets and a large storage capacity, this work backpack woman is perfect for organizing your belongings. The added small purse is great for storing small items like a laptop charger or other accessories\nConvenient Charging Port: This laptop backpack has a USB port to charge your device anytime, anywhere ( you will have to put it in your power bank ). It's the easiest companion for work, Commute, commuting, college, or on a regular basis use\nAesthetic Backpack: Don't miss out on the easiest gift for yourself or someone special on Teacher's Day, Valentine's Day, Mother’s Day, Christmas, or any other occasion. Upgrade your backpack today with this versatile and stylish laptop backpack",,,taxable,,1,,,0,0,,,,,1,,27.98,39.99,"Electronics > Computers and Accessories > Laptop Accessories",,,"https://m.media-amazon.com/images/I/41eMWUaN01L.jpg, https://m.media-amazon.com/images/I/41eMWUaN01L.jpg",,,,,,,https://4anurse.com/?redirectAmzASIN=B0BB29W7YJ&redirect_prodid=amz-B0BB29W7YJ,,0,,,,,,"[gallery]
Wide Opening Design: Inspired by nurse bags, this women's laptop backpack features a wide opening {that allows you to|that permits you to|that lets you} easily see {all your|all of your|your whole|your entire} items inside and quickly access what {you need|you wish to have|you want}! Made with high-quality polyester, thick shoulder straps, elegant custom zippers, and reinforced stitching, this backpack ensures a perfect user experience
Women {Travel|Go back and forth|Commute|Trip|Shuttle} Backpack: Traveling with this personal item {Travel|Go back and forth|Commute|Trip|Shuttle} bag is a breeze, thanks to the trolley strap that can attach to your luggage. The stretchy side pockets {are perfect for|are ideal for} holding water bottles, and with a hidden anti-theft pocket, {you can|you'll be able to|you'll} {Travel|Go back and forth|Commute|Trip|Shuttle} with peace of mind
Backpack Purse for Women: With {plenty of|a number of|numerous|a variety of|quite a few|various|quite a lot of|a lot of} internal pockets and a large storage capacity, this work backpack woman is perfect for organizing your belongings. The added small purse is great for storing small items like a laptop charger or other accessories
Convenient Charging Port: This laptop backpack has a USB port to charge your device anytime, anywhere ( you {must|will have to|should} put it in your power bank ). It's {the perfect|the very best|the easiest} companion for work, {Travel|Go back and forth|Commute|Trip|Shuttle}, commuting, college, or {everyday|on a regular basis} use
Aesthetic Backpack: Don't miss out on {the perfect|the very best|the easiest} gift for yourself or someone special on Teacher's Day, Valentine's Day, Mother’s Day, Christmas, or any other occasion. Upgrade your backpack today with this versatile and stylish laptop backpack","[gallery]
Wide Opening Design: Inspired by nurse bags, this women's laptop backpack features a wide opening {that permits you to|that lets you|that allows you to} easily see {your whole|all of your|your entire|all your} items inside and quickly access what {you wish to have|you want|you need}! Made with high-quality polyester, thick shoulder straps, elegant custom zippers, and reinforced stitching, this backpack ensures a perfect user experience
Women {Commute|Shuttle|Go back and forth|Trip|Travel} Backpack: Traveling with this personal item {Commute|Shuttle|Go back and forth|Trip|Travel} bag is a breeze, thanks to the trolley strap that can attach to your luggage. The stretchy side pockets {are ideal for|are perfect for} holding water bottles, and with a hidden anti-theft pocket, {you'll be able to|you'll|you can} {Commute|Shuttle|Go back and forth|Trip|Travel} with peace of mind
Backpack Purse for Women: With {various|quite a lot of|quite a few|a number of|a lot of|a variety of|numerous|plenty of} internal pockets and a large storage capacity, this work backpack woman is perfect for organizing your belongings. The added small purse is great for storing small items like a laptop charger or other accessories
Convenient Charging Port: This laptop backpack has a USB port to charge your device anytime, anywhere ( you {will have to|should|must} put it in your power bank ). It's {the easiest|the very best|the perfect} companion for work, {Commute|Shuttle|Go back and forth|Trip|Travel}, commuting, college, or {on a regular basis|everyday} use
Aesthetic Backpack: Don't miss out on {the easiest|the very best|the perfect} gift for yourself or someone special on Teacher's Day, Valentine's Day, Mother’s Day, Christmas, or any other occasion. Upgrade your backpack today with this versatile and stylish laptop backpack","[gallery]
Wide Opening Design: Inspired by nurse bags, this women's laptop backpack features a wide opening that allows you to easily see all your items inside and quickly access what you need! Made with high-quality polyester, thick shoulder straps, elegant custom zippers, and reinforced stitching, this backpack ensures a perfect user experience
Women Travel Backpack: Traveling with this personal item travel bag is a breeze, thanks to the trolley strap that can attach to your luggage. The stretchy side pockets are perfect for holding water bottles, and with a hidden anti-theft pocket, you can travel with peace of mind
Backpack Purse for Women: With plenty of internal pockets and a large storage capacity, this work backpack woman is perfect for organizing your belongings. The added small purse is great for storing small items like a laptop charger or other accessories
Convenient Charging Port: This laptop backpack has a USB port to charge your device anytime, anywhere ( you must put it in your power bank ). It's the perfect companion for work, travel, commuting, college, or everyday use
Aesthetic Backpack: Don't miss out on the perfect gift for yourself or someone special on Teacher's Day, Valentine's Day, Mother’s Day, Christmas, or any other occasion. Upgrade your backpack today with this versatile and stylish laptop backpack",B0BB29W7YJ,com,999999,amz-B0BB29W7YJ,amazon,https://www.amazon.com/dp/B0BB29W7YJ/,1747058047,0,0,1,217,0,217,,0,0,1778970612,invalid,10
882,external,,,"fkovcdy Gifts for Nurses Nicu Nurse Definition Makeup Bag for Neonatal Nurse Appreciation Nurse's Day Christmas Gifts for Women Her Friend Coworkers Nurse Gifts Nursing Bag for Women",1,0,visible,"Premium material: The cosmetic bag is made of premium cotton and linen fabric, which is soft to touch, light weight and durable. It's easy for you to wash and carry.\nMeasurement of makeup bag: 9.7 x 7 inches\nUnique design: It is double-sided printed with high quality Images, beautiful elegant and adorable. The black zipper can ensure your items not easy to fall off.","[gallery]\n<!-- show up to 2 reviews by default --> <p> <span>The bag is not only used as a makeup bag, but also used as Commute toiletry bag, washing bag, pouch. It is a perfect gift for Valentine's Day, Mother's Day, Birthdays Christmas Halloween, or just share them with your bestie best friends sister mom aunt wife daughter teacher boss niece coworker and so forth. The size of this bag is big enough and great for storing and organizing your whole traveling essentials and the entire small things your carry on trips, you'll be able to take it with you whenever you Commute. These bags are great gifts for Women, her, female, girls, Wife, Girls, Female, Mom, Grandma, Aunt, Sister, Cousin, Bestie, Godmother, Sister-in-law, Bride, Mother of the Bride, Mother of the Groom, Maid of Honor, Teacher, Classmates, Lawyer, Doctor, Nurse, Boss, Coworker, Employee, that are simple and standout. For Birthday Gifts, Christmas Gifts, Thanksgiving Gifts, Graduation Gifts, Retirement Gifts, New Year Gifts, Wedding Gifts, Baby Shower Gifts, Bridal Shower Gifts, Bachelor Party Gifts, Halloween Gifts.</span> </p>\nPremium material: The cosmetic bag is made of premium cotton and linen fabric, which is soft to touch, light weight and durable. It's easy so that you can wash and carry.\nMeasurement of makeup bag: 9.7 x 7 inches\nUnique design: It is double-sided printed with prime quality Images, beautiful elegant and adorable. The black zipper can ensure your items not easy to fall off.\nPortable bag: It is a very useful and large capacity bag, which holds plenty, such as cosmetics sunglasses brushes eyebrow s mascara lipstick pen.\nEasy to clean: The bag is waterproof and easy to wipe down, you no wish to worry about the color transfer of makeup residual stains. This bag can be as a Makeup Bag, Cosmetic Bag, Commute Toiletry Bag Accessories Organizer, Pouch, Purse.",,,taxable,,1,,,0,0,,,,,1,,,9.99,"Beauty and Personal Care > Tools and Accessories",,,"https://m.media-amazon.com/images/I/41q4qkzzATL.jpg, https://m.media-amazon.com/images/I/41q4qkzzATL.jpg",,,,,,,https://4anurse.com/?redirectAmzASIN=B0BNKG3QN4&redirect_prodid=amz-B0BNKG3QN4,,0,,,,,,"[gallery]
<!-- show up to 2 reviews by default --> <p> <span>The bag is not only used as a makeup bag, but also used as {Travel|Go back and forth|Commute|Trip|Shuttle} toiletry bag, washing bag, pouch. {It is a|This is a|This can be a} perfect gift for Valentine's Day, Mother's Day, Birthdays Christmas Halloween, or just share them with your bestie best friends sister mom aunt wife daughter teacher boss niece coworker {and so on|and so forth}. The size of this bag is big enough and great for storing and organizing {all your|all of your|your whole|your entire} traveling essentials and {all the|all of the|the entire} small things your carry on trips, {you can|you'll be able to|you'll} take it with you whenever you {Travel|Go back and forth|Commute|Trip|Shuttle}. These bags are great gifts for Women, her, female, girls, Wife, Girls, Female, Mom, Grandma, Aunt, Sister, Cousin, Bestie, Godmother, Sister-in-law, Bride, Mother of the Bride, Mother of the Groom, Maid of Honor, Teacher, Classmates, Lawyer, Doctor, Nurse, Boss, Coworker, Employee, that are simple and standout. For Birthday Gifts, Christmas Gifts, Thanksgiving Gifts, Graduation Gifts, Retirement Gifts, New Year Gifts, Wedding Gifts, Baby Shower Gifts, Bridal Shower Gifts, Bachelor Party Gifts, Halloween Gifts.</span> </p>
Premium material: The cosmetic bag is made of premium cotton and linen fabric, which is soft to touch, light weight and durable. It's easy {for you to|so that you can} wash and carry.
Measurement of makeup bag: 9.7 x 7 inches
Unique design: It is double-sided printed with {high quality|top of the range|prime quality|top quality} Images, beautiful elegant and adorable. The black zipper can ensure your items not easy to fall off.
Portable bag: {This is a|This can be a|It is a} very useful and large capacity bag, which holds plenty, such as cosmetics sunglasses brushes eyebrow s mascara lipstick pen.
Easy to clean: The bag is waterproof and easy to wipe down, you no {need to|want to|wish to} worry about the color transfer of makeup residual stains. This bag can be as a Makeup Bag, Cosmetic Bag, {Travel|Go back and forth|Commute|Trip|Shuttle} Toiletry Bag Accessories Organizer, Pouch, Purse.","[gallery]
<!-- show up to 2 reviews by default --> <p> <span>The bag is not only used as a makeup bag, but also used as {Commute|Shuttle|Trip|Go back and forth|Travel} toiletry bag, washing bag, pouch. {It is a|This can be a|This is a} perfect gift for Valentine's Day, Mother's Day, Birthdays Christmas Halloween, or just share them with your bestie best friends sister mom aunt wife daughter teacher boss niece coworker {and so forth|and so on}. The size of this bag is big enough and great for storing and organizing {your whole|your entire|all of your|all your} traveling essentials and {the entire|all of the|all the} small things your carry on trips, {you'll be able to|you'll|you can} take it with you whenever you {Commute|Shuttle|Trip|Go back and forth|Travel}. These bags are great gifts for Women, her, female, girls, Wife, Girls, Female, Mom, Grandma, Aunt, Sister, Cousin, Bestie, Godmother, Sister-in-law, Bride, Mother of the Bride, Mother of the Groom, Maid of Honor, Teacher, Classmates, Lawyer, Doctor, Nurse, Boss, Coworker, Employee, that are simple and standout. For Birthday Gifts, Christmas Gifts, Thanksgiving Gifts, Graduation Gifts, Retirement Gifts, New Year Gifts, Wedding Gifts, Baby Shower Gifts, Bridal Shower Gifts, Bachelor Party Gifts, Halloween Gifts.</span> </p>
Premium material: The cosmetic bag is made of premium cotton and linen fabric, which is soft to touch, light weight and durable. It's easy {so that you can|for you to} wash and carry.
Measurement of makeup bag: 9.7 x 7 inches
Unique design: It is double-sided printed with {prime quality|top of the range|top quality|high quality} Images, beautiful elegant and adorable. The black zipper can ensure your items not easy to fall off.
Portable bag: {It is a|This can be a|This is a} very useful and large capacity bag, which holds plenty, such as cosmetics sunglasses brushes eyebrow s mascara lipstick pen.
Easy to clean: The bag is waterproof and easy to wipe down, you no {wish to|want to|need to} worry about the color transfer of makeup residual stains. This bag can be as a Makeup Bag, Cosmetic Bag, {Commute|Shuttle|Trip|Go back and forth|Travel} Toiletry Bag Accessories Organizer, Pouch, Purse.","[gallery]
<!-- show up to 2 reviews by default --> <p> <span>The bag is not only used as a makeup bag, but also used as travel toiletry bag, washing bag, pouch. It is a perfect gift for Valentine's Day, Mother's Day, Birthdays Christmas Halloween, or just share them with your bestie best friends sister mom aunt wife daughter teacher boss niece coworker and so on. The size of this bag is big enough and great for storing and organizing all your traveling essentials and all the small things your carry on trips, you can take it with you whenever you travel. These bags are great gifts for Women, her, female, girls, Wife, Girls, Female, Mom, Grandma, Aunt, Sister, Cousin, Bestie, Godmother, Sister-in-law, Bride, Mother of the Bride, Mother of the Groom, Maid of Honor, Teacher, Classmates, Lawyer, Doctor, Nurse, Boss, Coworker, Employee, that are simple and standout. For Birthday Gifts, Christmas Gifts, Thanksgiving Gifts, Graduation Gifts, Retirement Gifts, New Year Gifts, Wedding Gifts, Baby Shower Gifts, Bridal Shower Gifts, Bachelor Party Gifts, Halloween Gifts.</span> </p>
Premium material: The cosmetic bag is made of premium cotton and linen fabric, which is soft to touch, light weight and durable. It's easy for you to wash and carry.
Measurement of makeup bag: 9.7 x 7 inches
Unique design: It is double-sided printed with high quality Images, beautiful elegant and adorable. The black zipper can ensure your items not easy to fall off.
Portable bag: This is a very useful and large capacity bag, which holds plenty, such as cosmetics sunglasses brushes eyebrow s mascara lipstick pen.
Easy to clean: The bag is waterproof and easy to wipe down, you no need to worry about the color transfer of makeup residual stains. This bag can be as a Makeup Bag, Cosmetic Bag, Travel Toiletry Bag Accessories Organizer, Pouch, Purse.",B0BNKG3QN4,com,999999,amz-B0BNKG3QN4,amazon,https://www.amazon.com/dp/B0BNKG3QN4/,1747058051,0,0,1,181,0,181,,0,0,1778970612,invalid,8
884,external,,,"LOVEVOOK Teacher Tote Bag for Women Work, Nurse Laptop Bag for Women, Utility Everything Tote For Work/Travel/College/Daily, Professional Computer Purse Large Handbag With Multi Pockets",1,0,visible,"Multi-pocket Design for Versatile Use: Our work tote bag for women boasts 10 interior pockets, making it perfect for organizing your work essentials. Whether you're a nurse, teacher, or professional, this tote bag ensures everything has its place.\nDurable and Waterproof: Built to withstand daily use, this laptop bag for women features strong, waterproof materials that keep your items safe in any weather, ideal for work or weekend travel.\nEnhanced Security: The fully enclosed zipper top of the laptop tote bag for women offers maximum security, preventing items from falling out and keeping them dry in the rain. Perfect for both professional and casual settings.","[gallery]\nMulti-pocket Design for Versatile Use: Our work tote bag for women boasts 10 interior pockets, making it perfect for organizing your work essentials. Whether you are a nurse, teacher, or professional, this tote bag ensures the whole lot has its place.\nDurable and Waterproof: Built to resist day-to-day use, this laptop bag for women features strong, waterproof materials that keep your items protected in any weather, ideal for work or weekend shuttle.\nEnhanced Security: The fully enclosed zipper top of the laptop tote bag for women offers maximum security, preventing items from falling out and keeping them dry in the rain. Perfect for both professional and casual settings.\nStylish and Functional: With elastic side pockets that may hold large water bottles, this work tote bags for women combines style and serve as, ensuring you look good even as staying prepared for any situation.\nPerfect for More than a few Scenarios: This bag is ideal not just as a work bag, but also as a teacher bag, nurse bag, gym bag for women, diaper bag, computer bags for laptops for women, the whole lot tote bag, shuttle tote bags for women, or beach tote. Its stylish design makes it great gifts for teachers, working women and busy moms alike.",,,taxable,,1,,,0,0,,,,,1,,,31.99,"Electronics > Computers and Accessories > Laptop Accessories > Bags\, Cases and Sleeves > Messenger and Shoulder Bags",,,"https://m.media-amazon.com/images/I/41P6mVaBKZL.jpg, https://m.media-amazon.com/images/I/41P6mVaBKZL.jpg",,,,,,,https://4anurse.com/?redirectAmzASIN=B0D1RDL6T8&redirect_prodid=amz-B0D1RDL6T8,,0,,,,,,"[gallery]
Multi-pocket Design for Versatile Use: Our work tote bag for women boasts 10 interior pockets, making it perfect for organizing your work essentials. Whether {you're a|you are a} nurse, teacher, or professional, this tote bag ensures {everything|the whole thing|the whole lot} has its place.
Durable and Waterproof: Built {to withstand|to resist} {daily|day by day|day-to-day} use, this laptop bag for women features strong, waterproof materials that keep your items {safe|protected|secure} in any weather, ideal for work or weekend {travel|go back and forth|commute|trip|shuttle}.
Enhanced Security: The fully enclosed zipper top of the laptop tote bag for women offers maximum security, preventing items from falling out and keeping them dry in the rain. Perfect for both professional and casual settings.
Stylish and Functional: With elastic side pockets {that can|that may} hold large water bottles, this work tote bags for women combines style {and function|and serve as}, ensuring you look good {while|at the same time as|whilst|even as} staying prepared for any situation.
Perfect for {Various|More than a few|Quite a lot of} Scenarios: This bag is ideal not just as a work bag, but also as a teacher bag, nurse bag, gym bag for women, diaper bag, computer bags for laptops for women, {everything|the whole thing|the whole lot} tote bag, {travel|go back and forth|commute|trip|shuttle} tote bags for women, or beach tote. Its stylish design makes it great gifts for teachers, working women and busy moms alike.","[gallery]
Multi-pocket Design for Versatile Use: Our work tote bag for women boasts 10 interior pockets, making it perfect for organizing your work essentials. Whether {you are a|you're a} nurse, teacher, or professional, this tote bag ensures {the whole lot|the whole thing|everything} has its place.
Durable and Waterproof: Built {to resist|to withstand} {day-to-day|day by day|daily} use, this laptop bag for women features strong, waterproof materials that keep your items {protected|secure|safe} in any weather, ideal for work or weekend {shuttle|commute|go back and forth|trip|travel}.
Enhanced Security: The fully enclosed zipper top of the laptop tote bag for women offers maximum security, preventing items from falling out and keeping them dry in the rain. Perfect for both professional and casual settings.
Stylish and Functional: With elastic side pockets {that may|that can} hold large water bottles, this work tote bags for women combines style {and serve as|and function}, ensuring you look good {even as|at the same time as|whilst|while} staying prepared for any situation.
Perfect for {More than a few|Quite a lot of|Various} Scenarios: This bag is ideal not just as a work bag, but also as a teacher bag, nurse bag, gym bag for women, diaper bag, computer bags for laptops for women, {the whole lot|the whole thing|everything} tote bag, {shuttle|commute|go back and forth|trip|travel} tote bags for women, or beach tote. Its stylish design makes it great gifts for teachers, working women and busy moms alike.","[gallery]
Multi-pocket Design for Versatile Use: Our work tote bag for women boasts 10 interior pockets, making it perfect for organizing your work essentials. Whether you're a nurse, teacher, or professional, this tote bag ensures everything has its place.
Durable and Waterproof: Built to withstand daily use, this laptop bag for women features strong, waterproof materials that keep your items safe in any weather, ideal for work or weekend travel.
Enhanced Security: The fully enclosed zipper top of the laptop tote bag for women offers maximum security, preventing items from falling out and keeping them dry in the rain. Perfect for both professional and casual settings.
Stylish and Functional: With elastic side pockets that can hold large water bottles, this work tote bags for women combines style and function, ensuring you look good while staying prepared for any situation.
Perfect for Various Scenarios: This bag is ideal not just as a work bag, but also as a teacher bag, nurse bag, gym bag for women, diaper bag, computer bags for laptops for women, everything tote bag, travel tote bags for women, or beach tote. Its stylish design makes it great gifts for teachers, working women and busy moms alike.",B0D1RDL6T8,com,999999,amz-B0D1RDL6T8,amazon,https://www.amazon.com/dp/B0D1RDL6T8/,1747058052,0,0,1,201,0,201,,0,0,1778970612,invalid,19
886,external,,,"Kolewo4ever 8 Pieces Nurse Survival Kit Makeup Bags Nurse Appreciation Gifts Nurses Week Gifts, Funny Cosmetic Bag, Practitioner Gifts, Toiletry Bag for Supplies",1,0,visible,"What you get : you will receive 8 pieces nurse survival kit bags, which can serve as nice presents for nurses in various department, like nursing assistant and your nursing friends, girlfriend, coworker, grandma, daughter, mom, aunt, wife, sister or neighbor\nNurses Design : cosmetic bag for nurses, colorfully printed with Nurse Survival Kit and nurse theme patterns, which makes it a cute Christmas gift for nurse, graduation gift, gift for nurses week, nurse birthday, nurse appreciation, nurse retirement, nurse preceptor gift, thank you gift, nurse gag gift, retired nurse gift, Mother's Day nurse gift, labor and delivery nurse or nurse gift for women\nVersatile application: this nurse makeup pouch can be applied as a makeup bag, travel case, pouch, organizer, purse, stationery bag, pencil case and so on, easy for you to use on any casual occasion; Compact size makes it easy to be put in your backpack or luggage, ideal for daily using or travelling","[gallery]\n<!-- show up to 2 reviews by default --> <p> <span>What you get : you are going to receive 8 pieces nurse survival kit bags, which can serve as nice presents for nurses in quite a lot of department, like nursing assistant and your nursing friends, girlfriend, coworker, grandma, daughter, mom, aunt, wife, sister or neighbor <br> <br> Nurses Design : cosmetic bag for nurses, colorfully printed with Nurse Survival Kit and nurse theme patterns, which makes it a cute Christmas gift for nurse, graduation gift, gift for nurses week, nurse birthday, nurse appreciation, nurse retirement, nurse preceptor gift, thank you gift, nurse gag gift, retired nurse gift, Mother's Day nurse gift, labor and delivery nurse or nurse gift for women <br> <br> Versatile application: this nurse makeup pouch may also be applied as a makeup bag, commute case, pouch, organizer, purse, stationery bag, pencil case and so forth, easy so that you can use on any casual occasion; Compact size makes it easy to be put in your backpack or luggage, ideal for day by day the use of or travelling <br> <br> About size: every nursing makeup pouch bag measures approx. 25 x 19 cm/ 9.8 x 7.5 inches on size, not too big or small so that you can hold some small things in day by day life, you'll collect the cosmetic supplies together and no worry about losing or spending much time on finding <br> <br> Quality material: our nursing makeup bags are made of polyester cotton material with plastic zipper, durable and come with delicate designed patterns, the zipper design makes it safer to hold things without worrying about falling off, very considerate and practical.THIS ITEM IS NOT INTENDED FOR USE BY CHILDREN 12 AND UNDER.</span> </p>\nWhat you get : you are going to receive 8 pieces nurse survival kit bags, which can serve as nice presents for nurses in quite a lot of department, like nursing assistant and your nursing friends, girlfriend, coworker, grandma, daughter, mom, aunt, wife, sister or neighbor\nNurses Design : cosmetic bag for nurses, colorfully printed with Nurse Survival Kit and nurse theme patterns, which makes it a cute Christmas gift for nurse, graduation gift, gift for nurses week, nurse birthday, nurse appreciation, nurse retirement, nurse preceptor gift, thank you gift, nurse gag gift, retired nurse gift, Mother's Day nurse gift, labor and delivery nurse or nurse gift for women\nVersatile application: this nurse makeup pouch may also be applied as a makeup bag, commute case, pouch, organizer, purse, stationery bag, pencil case and so forth, easy so that you can use on any casual occasion; Compact size makes it easy to be put in your backpack or luggage, ideal for day by day the use of or travelling\nAbout size: every nursing makeup pouch bag measures approx. 25 x 19 cm/ 9.8 x 7.5 inches on size, not too big or small so that you can hold some small things in day by day life, you'll collect the cosmetic supplies together and no worry about losing or spending much time on finding\nQuality material: our nursing makeup bags are made of polyester cotton material with plastic zipper, durable and come with delicate designed patterns, the zipper design makes it safer to hold things without worrying about falling off, very considerate and practical.THIS ITEM IS NOT INTENDED FOR USE BY CHILDREN 12 AND UNDER.",,,taxable,,1,,,0,0,,,,,1,,,15.99,"Beauty and Personal Care > Tools and Accessories",,,"https://m.media-amazon.com/images/I/5158OqD7fXL.jpg, https://m.media-amazon.com/images/I/5158OqD7fXL.jpg",,,,,,,https://4anurse.com/?redirectAmzASIN=B08ZLYVW42&redirect_prodid=amz-B08ZLYVW42,,0,,,,,,"[gallery]
<!-- show up to 2 reviews by default --> <p> <span>What you get : {you will|you are going to|you'll|you're going to} receive 8 pieces nurse survival kit bags, which can serve as nice presents for nurses in {various|more than a few|quite a lot of} department, like nursing assistant and your nursing friends, girlfriend, coworker, grandma, daughter, mom, aunt, wife, sister or neighbor <br> <br> Nurses Design : cosmetic bag for nurses, colorfully printed with Nurse Survival Kit and nurse theme patterns, which makes it a cute Christmas gift for nurse, graduation gift, gift for nurses week, nurse birthday, nurse appreciation, nurse retirement, nurse preceptor gift, thank you gift, nurse gag gift, retired nurse gift, Mother's Day nurse gift, labor and delivery nurse or nurse gift for women <br> <br> Versatile application: this nurse makeup pouch {can be|can also be|may also be|will also be} applied as a makeup bag, {travel|go back and forth|commute|trip|shuttle} case, pouch, organizer, purse, stationery bag, pencil case {and so on|and so forth}, easy {for you to|so that you can} use on any casual occasion; Compact size makes it easy to be put in your backpack or luggage, ideal for {daily|day by day|day-to-day} {using|the use of|the usage of} or travelling <br> <br> About size: {each|each and every|every} nursing makeup pouch bag measures approx. 25 x 19 cm/ 9.8 x 7.5 inches on size, not too big or small {for you to|so that you can} hold some small things in {daily|day by day|day-to-day} life, {you can|you'll be able to|you'll} collect the cosmetic supplies together and no worry about losing or spending much time on finding <br> <br> Quality material: our nursing makeup bags are made of polyester cotton material with plastic zipper, durable and come with delicate designed patterns, the zipper design makes it safer to hold things without worrying about falling off, very considerate and practical.THIS ITEM IS NOT INTENDED FOR USE BY CHILDREN 12 AND UNDER.</span> </p>
What you get : {you will|you are going to|you'll|you're going to} receive 8 pieces nurse survival kit bags, which can serve as nice presents for nurses in {various|more than a few|quite a lot of} department, like nursing assistant and your nursing friends, girlfriend, coworker, grandma, daughter, mom, aunt, wife, sister or neighbor
Nurses Design : cosmetic bag for nurses, colorfully printed with Nurse Survival Kit and nurse theme patterns, which makes it a cute Christmas gift for nurse, graduation gift, gift for nurses week, nurse birthday, nurse appreciation, nurse retirement, nurse preceptor gift, thank you gift, nurse gag gift, retired nurse gift, Mother's Day nurse gift, labor and delivery nurse or nurse gift for women
Versatile application: this nurse makeup pouch {can be|can also be|may also be|will also be} applied as a makeup bag, {travel|go back and forth|commute|trip|shuttle} case, pouch, organizer, purse, stationery bag, pencil case {and so on|and so forth}, easy {for you to|so that you can} use on any casual occasion; Compact size makes it easy to be put in your backpack or luggage, ideal for {daily|day by day|day-to-day} {using|the use of|the usage of} or travelling
About size: {each|each and every|every} nursing makeup pouch bag measures approx. 25 x 19 cm/ 9.8 x 7.5 inches on size, not too big or small {for you to|so that you can} hold some small things in {daily|day by day|day-to-day} life, {you can|you'll be able to|you'll} collect the cosmetic supplies together and no worry about losing or spending much time on finding
Quality material: our nursing makeup bags are made of polyester cotton material with plastic zipper, durable and come with delicate designed patterns, the zipper design makes it safer to hold things without worrying about falling off, very considerate and practical.THIS ITEM IS NOT INTENDED FOR USE BY CHILDREN 12 AND UNDER.","[gallery]
<!-- show up to 2 reviews by default --> <p> <span>What you get : {you are going to|you're going to|you'll|you will} receive 8 pieces nurse survival kit bags, which can serve as nice presents for nurses in {quite a lot of|more than a few|various} department, like nursing assistant and your nursing friends, girlfriend, coworker, grandma, daughter, mom, aunt, wife, sister or neighbor <br> <br> Nurses Design : cosmetic bag for nurses, colorfully printed with Nurse Survival Kit and nurse theme patterns, which makes it a cute Christmas gift for nurse, graduation gift, gift for nurses week, nurse birthday, nurse appreciation, nurse retirement, nurse preceptor gift, thank you gift, nurse gag gift, retired nurse gift, Mother's Day nurse gift, labor and delivery nurse or nurse gift for women <br> <br> Versatile application: this nurse makeup pouch {may also be|will also be|can also be|can be} applied as a makeup bag, {commute|shuttle|go back and forth|trip|travel} case, pouch, organizer, purse, stationery bag, pencil case {and so forth|and so on}, easy {so that you can|for you to} use on any casual occasion; Compact size makes it easy to be put in your backpack or luggage, ideal for {day by day|day-to-day|daily} {the use of|the usage of|using} or travelling <br> <br> About size: {every|each and every|each} nursing makeup pouch bag measures approx. 25 x 19 cm/ 9.8 x 7.5 inches on size, not too big or small {so that you can|for you to} hold some small things in {day by day|day-to-day|daily} life, {you'll|you'll be able to|you can} collect the cosmetic supplies together and no worry about losing or spending much time on finding <br> <br> Quality material: our nursing makeup bags are made of polyester cotton material with plastic zipper, durable and come with delicate designed patterns, the zipper design makes it safer to hold things without worrying about falling off, very considerate and practical.THIS ITEM IS NOT INTENDED FOR USE BY CHILDREN 12 AND UNDER.</span> </p>
What you get : {you are going to|you're going to|you'll|you will} receive 8 pieces nurse survival kit bags, which can serve as nice presents for nurses in {quite a lot of|more than a few|various} department, like nursing assistant and your nursing friends, girlfriend, coworker, grandma, daughter, mom, aunt, wife, sister or neighbor
Nurses Design : cosmetic bag for nurses, colorfully printed with Nurse Survival Kit and nurse theme patterns, which makes it a cute Christmas gift for nurse, graduation gift, gift for nurses week, nurse birthday, nurse appreciation, nurse retirement, nurse preceptor gift, thank you gift, nurse gag gift, retired nurse gift, Mother's Day nurse gift, labor and delivery nurse or nurse gift for women
Versatile application: this nurse makeup pouch {may also be|will also be|can also be|can be} applied as a makeup bag, {commute|shuttle|go back and forth|trip|travel} case, pouch, organizer, purse, stationery bag, pencil case {and so forth|and so on}, easy {so that you can|for you to} use on any casual occasion; Compact size makes it easy to be put in your backpack or luggage, ideal for {day by day|day-to-day|daily} {the use of|the usage of|using} or travelling
About size: {every|each and every|each} nursing makeup pouch bag measures approx. 25 x 19 cm/ 9.8 x 7.5 inches on size, not too big or small {so that you can|for you to} hold some small things in {day by day|day-to-day|daily} life, {you'll|you'll be able to|you can} collect the cosmetic supplies together and no worry about losing or spending much time on finding
Quality material: our nursing makeup bags are made of polyester cotton material with plastic zipper, durable and come with delicate designed patterns, the zipper design makes it safer to hold things without worrying about falling off, very considerate and practical.THIS ITEM IS NOT INTENDED FOR USE BY CHILDREN 12 AND UNDER.","[gallery]
<!-- show up to 2 reviews by default --> <p> <span>What you get : you will receive 8 pieces nurse survival kit bags, which can serve as nice presents for nurses in various department, like nursing assistant and your nursing friends, girlfriend, coworker, grandma, daughter, mom, aunt, wife, sister or neighbor <br> <br> Nurses Design : cosmetic bag for nurses, colorfully printed with Nurse Survival Kit and nurse theme patterns, which makes it a cute Christmas gift for nurse, graduation gift, gift for nurses week, nurse birthday, nurse appreciation, nurse retirement, nurse preceptor gift, thank you gift, nurse gag gift, retired nurse gift, Mother's Day nurse gift, labor and delivery nurse or nurse gift for women <br> <br> Versatile application: this nurse makeup pouch can be applied as a makeup bag, travel case, pouch, organizer, purse, stationery bag, pencil case and so on, easy for you to use on any casual occasion; Compact size makes it easy to be put in your backpack or luggage, ideal for daily using or travelling <br> <br> About size: each nursing makeup pouch bag measures approx. 25 x 19 cm/ 9.8 x 7.5 inches on size, not too big or small for you to hold some small things in daily life, you can collect the cosmetic supplies together and no worry about losing or spending much time on finding <br> <br> Quality material: our nursing makeup bags are made of polyester cotton material with plastic zipper, durable and come with delicate designed patterns, the zipper design makes it safer to hold things without worrying about falling off, very considerate and practical.THIS ITEM IS NOT INTENDED FOR USE BY CHILDREN 12 AND UNDER.</span> </p>
What you get : you will receive 8 pieces nurse survival kit bags, which can serve as nice presents for nurses in various department, like nursing assistant and your nursing friends, girlfriend, coworker, grandma, daughter, mom, aunt, wife, sister or neighbor
Nurses Design : cosmetic bag for nurses, colorfully printed with Nurse Survival Kit and nurse theme patterns, which makes it a cute Christmas gift for nurse, graduation gift, gift for nurses week, nurse birthday, nurse appreciation, nurse retirement, nurse preceptor gift, thank you gift, nurse gag gift, retired nurse gift, Mother's Day nurse gift, labor and delivery nurse or nurse gift for women
Versatile application: this nurse makeup pouch can be applied as a makeup bag, travel case, pouch, organizer, purse, stationery bag, pencil case and so on, easy for you to use on any casual occasion; Compact size makes it easy to be put in your backpack or luggage, ideal for daily using or travelling
About size: each nursing makeup pouch bag measures approx. 25 x 19 cm/ 9.8 x 7.5 inches on size, not too big or small for you to hold some small things in daily life, you can collect the cosmetic supplies together and no worry about losing or spending much time on finding
Quality material: our nursing makeup bags are made of polyester cotton material with plastic zipper, durable and come with delicate designed patterns, the zipper design makes it safer to hold things without worrying about falling off, very considerate and practical.THIS ITEM IS NOT INTENDED FOR USE BY CHILDREN 12 AND UNDER.",B08ZLYVW42,com,999999,amz-B08ZLYVW42,amazon,https://www.amazon.com/dp/B08ZLYVW42/,1747058056,0,0,1,183,0,183,,0,0,1778970612,invalid,17
888,external,,,"Nurse Tote Bag for Women, Nursing Clinical Bag - Accordion File Organizer, Nurse Work Bag for Home Healthcare",1,0,visible,,"[gallery]\n<!-- show up to 2 reviews by default --> <p> <span>Prokva Nurse Tote Bag for Girls, Nursing Medical Bag with Accordion Report Organizer, Nurse Equipment for Paintings and House Healthcare</span> </p>",,,taxable,,1,,,0,0,,,,,1,,,39.99,"Clothing\, Shoes and Jewelry > Women",,,"https://m.media-amazon.com/images/I/41Ds9UXH2pL.jpg, https://m.media-amazon.com/images/I/41Ds9UXH2pL.jpg",,,,,,,https://4anurse.com/?redirectAmzASIN=B0DQ8LDZGB&redirect_prodid=amz-B0DQ8LDZGB,,0,,,,,,"[gallery]
<!-- show up to 2 reviews by default --> <p> <span>Prokva Nurse Tote Bag for {Women|Ladies|Girls}, Nursing {Clinical|Medical|Scientific} Bag with Accordion {File|Record|Document|Report} Organizer, Nurse {Accessories|Equipment} for {Work|Paintings} and {Home|House} Healthcare</span> </p>","[gallery]
<!-- show up to 2 reviews by default --> <p> <span>Prokva Nurse Tote Bag for {Girls|Ladies|Women}, Nursing {Medical|Scientific|Clinical} Bag with Accordion {Report|Record|Document|File} Organizer, Nurse {Equipment|Accessories} for {Paintings|Work} and {House|Home} Healthcare</span> </p>","[gallery]
<!-- show up to 2 reviews by default --> <p> <span>Prokva Nurse Tote Bag for Women, Nursing Clinical Bag with Accordion File Organizer, Nurse Accessories for Work and Home Healthcare</span> </p>",B0DQ8LDZGB,com,999999,amz-B0DQ8LDZGB,amazon,https://www.amazon.com/dp/B0DQ8LDZGB/,1747058061,0,0,1,233,0,233,,0,0,1778970612,invalid,30
890,external,,,"SEAMOON Nurse Nursing Rn Graduation Gifts for Women New Future Registered Nurse Gifts,Unique Small Travel Cosmetic Makeup Bag",1,0,visible,"BEST NURSE GIFT SET:This cute gifts combination includes a makeup bag and a small mirror.This is a perfect nurse gifts for women.\nMULTI-FUNCTIONAL: Makeup pouch size: 9"" L, 6.3"" H, 1.97"" W (bottom),pocket mirror:diameter 2.72"".The small cosmetic bag has a roomy interior,suitable for storing your personal necessities,such as phones, keys and cards.In addition,it can also store cosmetics or toiletries,such as brushes and lipsticks.It is suitable for traveling or daily use.\nGREAT QUALITY:The cosmetic bag is made of durable reinforced canvas fabric.The zipper is carefully selected for its smoothness, making it easy to open and close.The printing pattern is colorful and can be washed.","[gallery]\nBEST NURSE GIFT SET:This cute gifts combination includes a makeup bag and a small mirror.This can be a perfect nurse gifts for women.\nMULTI-FUNCTIONAL: Makeup pouch size: 9"" L, 6.3"" H, 1.97"" W (bottom),pocket mirror:diameter 2.72"".The small cosmetic bag has a roomy interior,suitable for storing your personal necessities,such as phones, keys and cards.As well as,it can also store cosmetics or toiletries,such as brushes and lipsticks.It's suitable for traveling or Day-to-day use.\nGREAT QUALITY:The cosmetic bag is made of durable reinforced canvas fabric.The zipper is carefully selected for its smoothness, making it easy to open and close.The printing pattern is colorful and may also be washed.\nUNIQUE DESIGN:The makeup pouches are customized in line with the nurse theme.It is a perfect gifts for best friends women .Your bff is sure to love this funny and cute gift.\nOCCASIONS: The Unique Gifts gift bag is suitable for different occasions,such as Birthday,Christmas and Halloween,for friends,sisters,daughters,nieces,coworker,classmates,circle of relatives,teacher,and so forth.This cosmetic bag may also be applied as toiletry bag,Day-to-day use bag,makeup pouch,commute organizer,coin purse and period bag.A special gifts for nurses female.",,,taxable,,1,,,0,0,,,,,1,,,8.99,"Beauty and Personal Care > Tools and Accessories",,,"https://m.media-amazon.com/images/I/414lYIYGitL.jpg, https://m.media-amazon.com/images/I/414lYIYGitL.jpg",,,,,,,https://4anurse.com/?redirectAmzASIN=B0DT6TDKR1&redirect_prodid=amz-B0DT6TDKR1,,0,,,,,,"[gallery]
BEST NURSE GIFT SET:This cute gifts combination includes a makeup bag and a small mirror.{This is a|This can be a|It is a} perfect nurse gifts for women.
MULTI-FUNCTIONAL: Makeup pouch size: 9"" L, 6.3"" H, 1.97"" W (bottom),pocket mirror:diameter 2.72"".The small cosmetic bag has a roomy interior,suitable for storing your personal necessities,such as phones, keys and cards.{In addition|As well as},it can also store cosmetics or toiletries,such as brushes and lipsticks.{It is|It's} suitable for traveling or {Daily|Day by day|Day-to-day} use.
GREAT QUALITY:The cosmetic bag is made of durable reinforced canvas fabric.The zipper is carefully selected for its smoothness, making it easy to open and close.The printing pattern is colorful and {can be|can also be|may also be|will also be} washed.
UNIQUE DESIGN:The makeup pouches are customized {according to|in line with|consistent with|in keeping with|in step with} the nurse theme.{It's a|It is a} perfect gifts for best friends women .Your bff is sure to love this funny and cute gift.
OCCASIONS: The Unique Gifts gift bag is suitable for different occasions,such as Birthday,Christmas and Halloween,for friends,sisters,daughters,nieces,coworker,classmates,{family|circle of relatives},teacher,{etc|and so on|and so forth|and the like}.This cosmetic bag {can be|can also be|may also be|will also be} applied as toiletry bag,{Daily|Day by day|Day-to-day} use bag,makeup pouch,{travel|go back and forth|commute|trip|shuttle} organizer,coin purse and period bag.A special gifts for nurses female.","[gallery]
BEST NURSE GIFT SET:This cute gifts combination includes a makeup bag and a small mirror.{This can be a|It is a|This is a} perfect nurse gifts for women.
MULTI-FUNCTIONAL: Makeup pouch size: 9"" L, 6.3"" H, 1.97"" W (bottom),pocket mirror:diameter 2.72"".The small cosmetic bag has a roomy interior,suitable for storing your personal necessities,such as phones, keys and cards.{As well as|In addition},it can also store cosmetics or toiletries,such as brushes and lipsticks.{It's|It is} suitable for traveling or {Day-to-day|Day by day|Daily} use.
GREAT QUALITY:The cosmetic bag is made of durable reinforced canvas fabric.The zipper is carefully selected for its smoothness, making it easy to open and close.The printing pattern is colorful and {may also be|can also be|will also be|can be} washed.
UNIQUE DESIGN:The makeup pouches are customized {in line with|in step with|consistent with|in keeping with|according to} the nurse theme.{It is a|It's a} perfect gifts for best friends women .Your bff is sure to love this funny and cute gift.
OCCASIONS: The Unique Gifts gift bag is suitable for different occasions,such as Birthday,Christmas and Halloween,for friends,sisters,daughters,nieces,coworker,classmates,{circle of relatives|family},teacher,{and so forth|and so on|and the like|etc}.This cosmetic bag {may also be|can also be|will also be|can be} applied as toiletry bag,{Day-to-day|Day by day|Daily} use bag,makeup pouch,{commute|shuttle|trip|go back and forth|travel} organizer,coin purse and period bag.A special gifts for nurses female.","[gallery]
BEST NURSE GIFT SET:This cute gifts combination includes a makeup bag and a small mirror.This is a perfect nurse gifts for women.
MULTI-FUNCTIONAL: Makeup pouch size: 9"" L, 6.3"" H, 1.97"" W (bottom),pocket mirror:diameter 2.72"".The small cosmetic bag has a roomy interior,suitable for storing your personal necessities,such as phones, keys and cards.In addition,it can also store cosmetics or toiletries,such as brushes and lipsticks.It is suitable for traveling or daily use.
GREAT QUALITY:The cosmetic bag is made of durable reinforced canvas fabric.The zipper is carefully selected for its smoothness, making it easy to open and close.The printing pattern is colorful and can be washed.
UNIQUE DESIGN:The makeup pouches are customized according to the nurse theme.It's a perfect gifts for best friends women .Your bff is sure to love this funny and cute gift.
OCCASIONS: The Unique Gifts gift bag is suitable for different occasions,such as Birthday,Christmas and Halloween,for friends,sisters,daughters,nieces,coworker,classmates,family,teacher,etc.This cosmetic bag can be applied as toiletry bag,Daily use bag,makeup pouch,travel organizer,coin purse and period bag.A special gifts for nurses female.",B0DT6TDKR1,com,999999,amz-B0DT6TDKR1,amazon,https://www.amazon.com/dp/B0DT6TDKR1/,1747058062,0,0,1,193,0,193,,0,0,1778970612,invalid,33
892,external,,,"Funny Nurse Gifts Cosmetic Bag, Nurse Nursing Gifts for Women, Nursing Graduation Gifts for Nurses Week Her Women Makeup Bag for Purse, Caffeine Po Q4h Prn Travel Toiletry Bag 477",1,0,visible,"Organize Your Beauty Essentials: Keep all your cosmetics in one convenient place with this makeup bag, perfect for on-the-go makeup and touch-ups.\nEasy Access: With a size of 7.5×10 inches, this bag is perfectly sized to fit all your makeup essentials while still being portable enough to take everywhere with you.\nHigh-Quality Linen Material: Made of durable linen material, this bag is both sturdy and easy to clean, ensuring longevity and practicality for everyday use.","[gallery]\n<!-- show up to 2 reviews by default --> <p> <span>This makeup bag offers maximum convenience, and ours is a should-have for somebody who likes to stay organized.</span> </p>\nOrganize Your Beauty Essentials: Keep your entire cosmetics in one convenient place with this makeup bag, perfect for on-the-go makeup and touch-ups.\nEasy Access: With a size of 7.5×10 inches, this bag is perfectly sized to fit your entire makeup essentials whilst still being portable enough to take in all places with you.\nHigh-Quality Linen Material: Made of durable linen material, this bag is both sturdy and easy to clean, ensuring longevity and practicality for on a regular basis use.\nDouble-sided printing: The bag are designed with double-sided design to develop into a fashionable accessory and complete your look.\nPerfect Gift Idea: Can be utilized as a makeup bag, shuttle accessories, grocery storage bag or case bag for day-to-day use. Whether it's for a birthday, anniversary, or any other special occasion, this cosmetic bag makes a thoughtful and practical gift for any beauty lover in your life.",,,taxable,,1,,,0,0,,,,,1,,,11.99,"Beauty and Personal Care > Tools and Accessories",,,"https://m.media-amazon.com/images/I/41oeaaSJhbL.jpg, https://m.media-amazon.com/images/I/41oeaaSJhbL.jpg",,,,,,,https://4anurse.com/?redirectAmzASIN=B0CX1S9HRR&redirect_prodid=amz-B0CX1S9HRR,,0,,,,,,"[gallery]
<!-- show up to 2 reviews by default --> <p> <span>This makeup bag offers maximum convenience, and ours is a {must|will have to|should}-have for {anyone|somebody|someone|any person|any individual} who likes to stay organized.</span> </p>
Organize Your Beauty Essentials: Keep {all your|all of your|your whole|your entire} cosmetics in one convenient place with this makeup bag, perfect for on-the-go makeup and touch-ups.
Easy Access: With a size of 7.5×10 inches, this bag is perfectly sized to fit {all your|all of your|your whole|your entire} makeup essentials {while|at the same time as|whilst|even as} still being portable enough to take {everywhere|all over the place|all over|in all places|far and wide|in every single place} with you.
High-Quality Linen Material: Made of durable linen material, this bag is both sturdy and easy to clean, ensuring longevity and practicality for {everyday|on a regular basis} use.
Double-sided printing: The bag are designed with double-sided design to {become|turn out to be|turn into|develop into|grow to be|transform|change into} a fashionable accessory and complete your look.
Perfect Gift Idea: {Can be used|Can be utilized} as a makeup bag, {travel|go back and forth|commute|trip|shuttle} accessories, grocery storage bag or case bag for {daily|day by day|day-to-day} use. Whether it's for a birthday, anniversary, or any other special occasion, this cosmetic bag makes a thoughtful and practical gift for any beauty lover in your life.","[gallery]
<!-- show up to 2 reviews by default --> <p> <span>This makeup bag offers maximum convenience, and ours is a {should|will have to|must}-have for {somebody|someone|any person|any individual|anyone} who likes to stay organized.</span> </p>
Organize Your Beauty Essentials: Keep {your entire|all of your|your whole|all your} cosmetics in one convenient place with this makeup bag, perfect for on-the-go makeup and touch-ups.
Easy Access: With a size of 7.5×10 inches, this bag is perfectly sized to fit {your entire|all of your|your whole|all your} makeup essentials {whilst|at the same time as|even as|while} still being portable enough to take {in all places|all over the place|in every single place|far and wide|all over|everywhere} with you.
High-Quality Linen Material: Made of durable linen material, this bag is both sturdy and easy to clean, ensuring longevity and practicality for {on a regular basis|everyday} use.
Double-sided printing: The bag are designed with double-sided design to {develop into|grow to be|transform|turn out to be|turn into|change into|become} a fashionable accessory and complete your look.
Perfect Gift Idea: {Can be utilized|Can be used} as a makeup bag, {shuttle|go back and forth|trip|commute|travel} accessories, grocery storage bag or case bag for {day-to-day|day by day|daily} use. Whether it's for a birthday, anniversary, or any other special occasion, this cosmetic bag makes a thoughtful and practical gift for any beauty lover in your life.","[gallery]
<!-- show up to 2 reviews by default --> <p> <span>This makeup bag offers maximum convenience, and ours is a must-have for anyone who likes to stay organized.</span> </p>
Organize Your Beauty Essentials: Keep all your cosmetics in one convenient place with this makeup bag, perfect for on-the-go makeup and touch-ups.
Easy Access: With a size of 7.5×10 inches, this bag is perfectly sized to fit all your makeup essentials while still being portable enough to take everywhere with you.
High-Quality Linen Material: Made of durable linen material, this bag is both sturdy and easy to clean, ensuring longevity and practicality for everyday use.
Double-sided printing: The bag are designed with double-sided design to become a fashionable accessory and complete your look.
Perfect Gift Idea: Can be used as a makeup bag, travel accessories, grocery storage bag or case bag for daily use. Whether it's for a birthday, anniversary, or any other special occasion, this cosmetic bag makes a thoughtful and practical gift for any beauty lover in your life.",B0CX1S9HRR,com,999999,amz-B0CX1S9HRR,amazon,https://www.amazon.com/dp/B0CX1S9HRR/,1747058065,0,0,1,199,0,199,,0,0,1778970612,invalid,8
894,external,,,"TOPDesign Utility Water Resistant Tote Bag with 13 Pockets, Top Zipper Closure & Thick Bottom Support, for Working Women",1,0,visible,,[gallery],,,taxable,,1,,,0,0,,,,,1,,,24.99,"Clothing\, Shoes and Jewelry > Luggage and Travel Gear > Travel Totes",,,"https://m.media-amazon.com/images/I/41TEH9eY5UL.jpg, https://m.media-amazon.com/images/I/41TEH9eY5UL.jpg",,,,,,,https://4anurse.com/?redirectAmzASIN=B0D66M339V&redirect_prodid=amz-B0D66M339V,,0,,,,,,[gallery],[gallery],[gallery],B0D66M339V,com,999999,amz-B0D66M339V,amazon,https://www.amazon.com/dp/B0D66M339V/,1747058067,0,0,1,205,0,205,,0,0,1778970612,invalid,13
896,external,,,"Tote Bag for Women With Compartments,Large Canvas Tote Women's Purse Crossbody Bags Work Laptop Book Bag Satchels Handbags",1,0,visible,,[gallery],,,taxable,,1,,,0,0,,,,,1,,19.99,24.99,"Clothing\, Shoes and Jewelry > Luggage and Travel Gear > Travel Totes",,,"https://m.media-amazon.com/images/I/411M3mlk4qL.jpg, https://m.media-amazon.com/images/I/411M3mlk4qL.jpg",,,,,,,https://4anurse.com/?redirectAmzASIN=B0CP816215&redirect_prodid=amz-B0CP816215,,0,,,,,,[gallery],[gallery],[gallery],B0CP816215,com,999999,amz-B0CP816215,amazon,https://www.amazon.com/dp/B0CP816215/,1747058070,0,0,1,181,0,181,,0,0,1778970612,invalid,18
898,external,,,"Nurse Makeup Bags,Nurse Gifts for Women,Nurse Cosmetic Bags With Zipper,Nurse Gifts for Nursing Student,Student Nurse Gifts",1,0,visible,"1.QGFM Makeup Bag your ultimate beauty companion for organizing and carrying your cosmetics. Made for the modern woman, this makeup bag combines functionality with unique design elements.\n2.Size: 7.5’’X10’’,With its spacious compartments, this makeup bag is designed to keep your beauty essentials neatly organized and easily accessible. The high-quality materials ensure durability and long-lasting use.\n3.Whether you're traveling, going to the gym, or simply need a convenient way to store your makeup at home, the QGFM Makeup Bag has got you covered. Its compact size makes it perfect for carrying in your handbag or suitcase, while the sturdy handle allows for easy carrying.","[gallery]\n1.QGFM Makeup Bag your ultimate beauty companion for organizing and carrying your cosmetics. Made for the brand new woman, this makeup bag combines functionality with unique design elements.\n2.Size: 7.5’’X10’’,With its spacious compartments, this makeup bag is designed to keep your beauty essentials neatly organized and easily accessible. The high-quality materials ensure durability and long-lasting use.\n3.Whether you're traveling, going to the gym, or simply need a convenient way to store your makeup at home, the QGFM Makeup Bag has got you covered. Its compact size makes it perfect for carrying in your handbag or suitcase, even as the sturdy maintain allows for simple carrying.\n4.Not only is this makeup bag a should-have for your own beauty routine, but it also makes a thoughtful gift for birthdays, holidays, or any special occasion. Show your family members how much you care by gifting them this stylish and practical makeup bag.\n5.Seize the QGFM Makeup Bag these days and elevate your beauty routine to the next level. Stay organized, stylish, and all the time able to slay wherever you go.",,,taxable,,1,,,0,0,,,,,1,,,12.99,"Beauty and Personal Care > Tools and Accessories",,,"https://m.media-amazon.com/images/I/41xVMUV-w7L.jpg, https://m.media-amazon.com/images/I/41xVMUV-w7L.jpg",,,,,,,https://4anurse.com/?redirectAmzASIN=B0CJMMZ7KM&redirect_prodid=amz-B0CJMMZ7KM,,0,,,,,,"[gallery]
1.QGFM Makeup Bag your ultimate beauty companion for organizing and carrying your cosmetics. Made for the {modern|up to date|brand new} woman, this makeup bag combines functionality with unique design elements.
2.Size: 7.5’’X10’’,With its spacious compartments, this makeup bag is designed to keep your beauty essentials neatly organized and easily accessible. The high-quality materials ensure durability and long-lasting use.
3.Whether you're traveling, going to the gym, or simply need a convenient way to store your makeup at home, the QGFM Makeup Bag has got you covered. Its compact size makes it perfect for carrying in your handbag or suitcase, {while|at the same time as|whilst|even as} the sturdy {handle|take care of|care for|deal with|maintain} allows {for easy|for simple} carrying.
4.Not only is this makeup bag a {must|will have to|should}-have for your own beauty routine, but it also makes a thoughtful gift for birthdays, holidays, or any special occasion. Show your {loved ones|family members} how much you care by gifting them this stylish and practical makeup bag.
5.{Grab|Take hold of|Clutch|Grasp|Seize|Snatch} the QGFM Makeup Bag {today|these days|nowadays|lately|as of late} and elevate your beauty routine to the next level. Stay organized, stylish, and {always|all the time|at all times} {ready|in a position|able} to slay wherever you go.","[gallery]
1.QGFM Makeup Bag your ultimate beauty companion for organizing and carrying your cosmetics. Made for the {brand new|up to date|modern} woman, this makeup bag combines functionality with unique design elements.
2.Size: 7.5’’X10’’,With its spacious compartments, this makeup bag is designed to keep your beauty essentials neatly organized and easily accessible. The high-quality materials ensure durability and long-lasting use.
3.Whether you're traveling, going to the gym, or simply need a convenient way to store your makeup at home, the QGFM Makeup Bag has got you covered. Its compact size makes it perfect for carrying in your handbag or suitcase, {even as|whilst|at the same time as|while} the sturdy {maintain|deal with|care for|take care of|handle} allows {for simple|for easy} carrying.
4.Not only is this makeup bag a {should|will have to|must}-have for your own beauty routine, but it also makes a thoughtful gift for birthdays, holidays, or any special occasion. Show your {family members|loved ones} how much you care by gifting them this stylish and practical makeup bag.
5.{Seize|Grasp|Take hold of|Snatch|Clutch|Grab} the QGFM Makeup Bag {these days|lately|as of late|nowadays|today} and elevate your beauty routine to the next level. Stay organized, stylish, and {all the time|at all times|always} {able|in a position|ready} to slay wherever you go.","[gallery]
1.QGFM Makeup Bag your ultimate beauty companion for organizing and carrying your cosmetics. Made for the modern woman, this makeup bag combines functionality with unique design elements.
2.Size: 7.5’’X10’’,With its spacious compartments, this makeup bag is designed to keep your beauty essentials neatly organized and easily accessible. The high-quality materials ensure durability and long-lasting use.
3.Whether you're traveling, going to the gym, or simply need a convenient way to store your makeup at home, the QGFM Makeup Bag has got you covered. Its compact size makes it perfect for carrying in your handbag or suitcase, while the sturdy handle allows for easy carrying.
4.Not only is this makeup bag a must-have for your own beauty routine, but it also makes a thoughtful gift for birthdays, holidays, or any special occasion. Show your loved ones how much you care by gifting them this stylish and practical makeup bag.
5.Grab the QGFM Makeup Bag today and elevate your beauty routine to the next level. Stay organized, stylish, and always ready to slay wherever you go.",B0CJMMZ7KM,com,999999,amz-B0CJMMZ7KM,amazon,https://www.amazon.com/dp/B0CJMMZ7KM/,1747058079,0,0,1,204,0,204,,0,0,1778970612,invalid,15
900,external,,,"Nurse Tote Bag Nurse Gifts RN Nursing Bag for Work, Shopping, Beach, Travel",1,0,visible,,"[gallery]\n<!-- show up to 2 reviews by default --> <p> <span>Type: canvas tote bag<br> Color: White, black<br> Length: 39cm Width: 18cm, Height: 28cm<br> Package: 1* Canvas Tote<br> NOTE:<br> 1. Item Measured by hand, it usually is 0.1-0.2cm different, your type working out shall be much appreciated.<br> 2. As different computers display colors another way, the colour of the particular item would possibly range rather from the above images.<br></span> </p>",,,taxable,,1,,,0,0,,,,,1,,17.89,19.89,"Home and Kitchen > Kitchen and Dining > Storage and Organization > Travel and To-Go Food Containers",,,"https://m.media-amazon.com/images/I/41eikIjNxOL.jpg, https://m.media-amazon.com/images/I/41eikIjNxOL.jpg",,,,,,,https://4anurse.com/?redirectAmzASIN=B09QMJSPV8&redirect_prodid=amz-B09QMJSPV8,,0,,,,,,"[gallery]
<!-- show up to 2 reviews by default --> <p> <span>Type: canvas tote bag<br> Color: White, black<br> Length: 39cm Width: 18cm, Height: 28cm<br> Package: 1* Canvas Tote<br> NOTE:<br> 1. Item Measured by hand, {it could be|it can be|it may be|it usually is|it is usually} 0.1-0.2cm different, your {kind|type|sort} {understanding|working out|figuring out} {will be|shall be|might be|will probably be|can be|will likely be} much appreciated.<br> 2. As different computers display colors {differently|in a different way|another way|otherwise}, {the color|the colour} {of the actual|of the particular} item {may|would possibly|might} {vary|range} {slightly|rather|quite|somewhat|fairly|relatively|moderately|reasonably} from the above images.<br></span> </p>","[gallery]
<!-- show up to 2 reviews by default --> <p> <span>Type: canvas tote bag<br> Color: White, black<br> Length: 39cm Width: 18cm, Height: 28cm<br> Package: 1* Canvas Tote<br> NOTE:<br> 1. Item Measured by hand, {it usually is|it can be|it is usually|it may be|it could be} 0.1-0.2cm different, your {type|sort|kind} {working out|figuring out|understanding} {shall be|can be|might be|will probably be|will likely be|will be} much appreciated.<br> 2. As different computers display colors {another way|otherwise|in a different way|differently}, {the colour|the color} {of the particular|of the actual} item {would possibly|might|may} {range|vary} {rather|relatively|moderately|fairly|quite|somewhat|reasonably|slightly} from the above images.<br></span> </p>","[gallery]
<!-- show up to 2 reviews by default --> <p> <span>Type: canvas tote bag<br> Color: White, black<br> Length: 39cm Width: 18cm, Height: 28cm<br> Package: 1* Canvas Tote<br> NOTE:<br> 1. Item Measured by hand, it could be 0.1-0.2cm different, your kind understanding will be much appreciated.<br> 2. As different computers display colors differently, the color of the actual item may vary slightly from the above images.<br></span> </p>",B09QMJSPV8,com,999999,amz-B09QMJSPV8,amazon,https://www.amazon.com/dp/B09QMJSPV8/,1747058080,0,0,1,229,0,229,,0,0,1778970612,invalid,9
902,external,,,"Mini Funny Nurse Sticky Notes CNA Gifts Nursing Essentials Medical Themed Mini Notes Assorted Pads Self Stick Cute Memo for Gifts Hospital(15 Pads)",1,0,visible,"Assorted Sticky Notes Set: there are 15 pads of mini stick pads in the package, which are available in 15 different designs, 1 pad for each design, 30 sheets for each pad; The abundant quantity and funny design can satisfy your various use and replacement needs in daily life\nAttractive Nursing Themed Design: the self stick note pads are designed with eye catching medical themed print patterns, creating a funny and attractive atmosphere, ideal for nurses, doctors, nursing and so on\nUse with Confidence: these hospital sticky notes are made of reliable quality paper material, with a smooth writing surface, not easy to tear and break, printed in bright and vivid colors, hard to fade, providing you with service for a long time","[gallery]\nAssorted Sticky Notes Set: there are 15 pads of mini stick pads in the package, which are to be had in 15 different designs, 1 pad for each and every design, 30 sheets for each and every pad; The abundant quantity and funny design can satisfy your More than a few use and replacement needs in daily life\nAttractive Nursing Themed Design: the self stick note pads are designed with eye catching medical themed print patterns, creating a funny and attractive atmosphere, ideal for nurses, doctors, nursing and so forth\nUse with Confidence: these hospital sticky notes are made of reliable quality paper material, with a smooth writing surface, not easy to tear and break, printed in bright and vivid colors, hard to fade, providing you with service for a very long time\nEnjoyable Writing Experience: our doctor sticky notes feature a smooth writing surface that enables for smooth writing, simple to peel off, and leaves no traces; Most pens, including ballpoint pens, pencils, markers, and so forth, can also be applied for writing\nFit for More than a few Occasions: suitable to be used in offices, and homes, the funny sticky notes can also be applied to record memos, messages, notes, information, footnotes, to do lists, study plans, {etc|and so forth|and the like}.; But even so, you'll use them as bookmarks or reminders, bringing you convenience",,,taxable,,1,,,0,0,,,,,1,,,19.99,"Office Products > Office and School Supplies > Paper > Notebooks and Writing Pads > Self-Stick Notes",,,"https://m.media-amazon.com/images/I/51mwlPVIJfL.jpg, https://m.media-amazon.com/images/I/51mwlPVIJfL.jpg",,,,,,,https://4anurse.com/?redirectAmzASIN=B0B741BFMX&redirect_prodid=amz-B0B741BFMX,,0,,,,,,"[gallery]
Assorted Sticky Notes Set: there are 15 pads of mini stick pads in the package, which are {available|to be had} in 15 different designs, 1 pad for {each|each and every|every} design, 30 sheets for {each|each and every|every} pad; The abundant quantity and funny design can satisfy your {Various|More than a few|Quite a lot of} use and replacement needs in daily life
Attractive Nursing Themed Design: the self stick note pads are designed with eye catching medical themed print patterns, creating a funny and attractive atmosphere, ideal for nurses, doctors, nursing {and so on|and so forth}
Use with Confidence: these hospital sticky notes are made of reliable quality paper material, with a smooth writing surface, not easy to tear and break, printed in bright and vivid colors, hard to fade, providing you with service {for a long time|for a very long time}
Enjoyable Writing Experience: our doctor sticky notes feature a smooth writing surface that enables for smooth writing, simple to peel off, and leaves no traces; Most pens, including ballpoint pens, pencils, markers, {and so on|and so forth}, {can be|can also be|may also be|will also be} applied for writing
Fit for {Various|More than a few|Quite a lot of} Occasions: suitable {for use|to be used} in offices, and homes, the funny sticky notes {can be|can also be|may also be|will also be} applied to record memos, messages, notes, information, footnotes, to do lists, study plans, {etc|and so on|and so forth|and the like}.; {Besides|But even so}, {you can|you'll be able to|you'll} use them as bookmarks or reminders, bringing you convenience","[gallery]
Assorted Sticky Notes Set: there are 15 pads of mini stick pads in the package, which are {to be had|available} in 15 different designs, 1 pad for {each and every|every|each} design, 30 sheets for {each and every|every|each} pad; The abundant quantity and funny design can satisfy your {More than a few|Quite a lot of|Various} use and replacement needs in daily life
Attractive Nursing Themed Design: the self stick note pads are designed with eye catching medical themed print patterns, creating a funny and attractive atmosphere, ideal for nurses, doctors, nursing {and so forth|and so on}
Use with Confidence: these hospital sticky notes are made of reliable quality paper material, with a smooth writing surface, not easy to tear and break, printed in bright and vivid colors, hard to fade, providing you with service {for a very long time|for a long time}
Enjoyable Writing Experience: our doctor sticky notes feature a smooth writing surface that enables for smooth writing, simple to peel off, and leaves no traces; Most pens, including ballpoint pens, pencils, markers, {and so forth|and so on}, {can also be|will also be|may also be|can be} applied for writing
Fit for {More than a few|Quite a lot of|Various} Occasions: suitable {to be used|for use} in offices, and homes, the funny sticky notes {can also be|will also be|may also be|can be} applied to record memos, messages, notes, information, footnotes, to do lists, study plans, {etc|and so forth|and so on|and the like}.; {But even so|Besides}, {you'll|you'll be able to|you can} use them as bookmarks or reminders, bringing you convenience","[gallery]
Assorted Sticky Notes Set: there are 15 pads of mini stick pads in the package, which are available in 15 different designs, 1 pad for each design, 30 sheets for each pad; The abundant quantity and funny design can satisfy your various use and replacement needs in daily life
Attractive Nursing Themed Design: the self stick note pads are designed with eye catching medical themed print patterns, creating a funny and attractive atmosphere, ideal for nurses, doctors, nursing and so on
Use with Confidence: these hospital sticky notes are made of reliable quality paper material, with a smooth writing surface, not easy to tear and break, printed in bright and vivid colors, hard to fade, providing you with service for a long time
Enjoyable Writing Experience: our doctor sticky notes feature a smooth writing surface that enables for smooth writing, simple to peel off, and leaves no traces; Most pens, including ballpoint pens, pencils, markers, and so on, can be applied for writing
Fit for Various Occasions: suitable for use in offices, and homes, the funny sticky notes can be applied to record memos, messages, notes, information, footnotes, to do lists, study plans, etc.; Besides, you can use them as bookmarks or reminders, bringing you convenience",B0B741BFMX,com,999999,amz-B0B741BFMX,amazon,https://www.amazon.com/dp/B0B741BFMX/,1747058084,0,0,1,308,0,308,,0,0,1778970612,invalid,19
904,external,,,"The BATCLIP (black) - Premium leather handmade clip-on stethoscope hip holder; no more neck carrying, loss, or misplacement. Proudly carry your high-end stethoscope with taste and style.",1,0,visible,"DISTINCTIVE, PROFESSIONAL, TOP-OF-THE-LINE QUALITY. Individually made in Maine from hand-picked cow hides, the BATCLIP holster provides an elegant carrying solution that matches the value that physicians (and all healthcare workers) place in their stethoscopes. Unlike the newer plastic hip clips, the BATCLIP simply feels better in the hand. Its lineage includes the venerable leather doctor’s bag. Both improve with age are built for a lifetime of proud distinguished use.\nDESIGNED BY AN EMERGENCY PHYSICIAN seeking a solution to repeated misplacement and loss of his own stethoscopes. His criteria for an ideal stethoscope carrying solution included extreme portability; durability against water, weather, and age; a fail-safe scope-securing mechanism; quick scope access; and simple scope re-holstering.\n>20 YEARS OF TESTING. The original prototype, from 1995, has undergone over a dozen substantive improvements based on the inventor’s use in his hospital, EMS, and rural developing world medical practices. Upgrades have included changes in materials (ballistic nylon to leather), fasteners (plastic to metal clips), shape (short to long wings), and even thread types. The fundamental driving force has always been to create the best stethoscope carrying solution for real-world medical practice.","[gallery]\n<!-- show up to 2 reviews by default --> <p> <span>The BATCLIP elegantly holds a stethoscope in a tight package securely against a waistband or on a belt. First sewn in a Louisiana leather shop in 1995, this holster has gone through over a dozen design improvements and is still used daily by the inventor (an emergency physician) himself. The best way to use the BATCLIP is to put it on your left hip with the metal clip attached to a belt (to prevent the metal from pressing on bare skin) directly along the midaxillary line. This results in the BATCLIP being out of the way when you are sitting, walking, running, or boarding an ambulance or helicopter. Too far forward and it gets in the way of things like a pants pocket, grasping hand, or doorknob. Too far back and it impedes comfortable seating. Thus, midaxillary line is on a regular basis best. (The exception is infrequently found in women with wide hips, where a longer pelvic brim make midaxillary placement awkward.) Placement on the left hip ensures that the opening flap is facing backward, so it cannot get caught on anything that may inadvertently pull it open. To impulsively unholster a stethoscope placed in the BATCLIP, use your right hand to reach across your midriff, grasp, and pull open the leather wing. At the same time, hold the stethoscope with your left hand just above the BATCLIP. When the wing opens, pull the stethoscope up and out of the holster with your left hand, and then reclose the wing with your right. The wings of the BATCLIP are eccentric allowing the holster to accommodate narrower and wider stethoscope heads. It works best with traditional stethoscopes that have a bell and diaphragm, since the indentation between the bell and diaphragm allow the earpieces to be wrapped around the bell prior to inserting the stethoscope into the holster. Then again, it does work with single diaphragm and electronic scopes as stated in the reviews.</span> </p>\nDISTINCTIVE, PROFESSIONAL, TOP-OF-THE-LINE QUALITY. Individually made in Maine from hand-picked cow hides, the BATCLIP holster provides an elegant carrying solution that matches the value that physicians (and all healthcare workers) place in their stethoscopes. Unlike the newer plastic hip clips, the BATCLIP simply feels better in the hand. Its lineage includes the venerable leather doctor’s bag. Both make stronger with age are built for a lifetime of proud distinguished use.\nDESIGNED BY AN EMERGENCY PHYSICIAN seeking a solution to repeated misplacement and loss of his own stethoscopes. His criteria for an ideal stethoscope carrying solution included extreme portability; durability against water, weather, and age; a fail-secure scope-securing mechanism; quick scope access; and simple scope re-holstering.\n>20 YEARS OF TESTING. The original prototype, from 1995, has undergone over a dozen substantive improvements based on the inventor’s use in his hospital, EMS, and rural developing world medical practices. Upgrades have included changes in materials (ballistic nylon to leather), fasteners (plastic to metal clips), shape (short to long wings), and even thread types. The fundamental driving force has at all times been to create the best stethoscope carrying solution for real-world medical practice.\nMANY STETHOSCOPE VARIANTS, ONE BATCLIP. Based on feedback from doctors, nurses, paramedics, veterinarians, and medical students, the BATCLIP is designed to accommodate many variations in scope design. Originally sized to work with the Littman Classic, the holder was redesigned in 2012 to work with scopes having a variety of head sizes. The BATCLIP now fits most types of adult and pediatric stethoscopes, including the single-head Cardiology and electronic or amplified stethoscopes.\nNO HASSLE WARRANTY. We’re proud of our products. (Our other one, the BATCLIP SHEARS, includes titanium trauma scissors.) Unlike the makers of once-use disposable medical goods, we make BATCLIPs to last for a lifetime. Made with love and care in a small multi-generation family-owned leather shop, the BATCLIP works better, lasts longer, and has achieved a superior reputation as a result of its success in actual use. Thus, if anything ever goes incorrect with your BATCLIP, we can repair or replace it.",,,taxable,,1,,,0,0,,,,,1,,,29.5,"Industrial and Scientific > Professional Medical Supplies > Diagnostics and Screening > Stethoscopes",,,"https://m.media-amazon.com/images/I/41TlqSDjB9L.jpg, https://m.media-amazon.com/images/I/41TlqSDjB9L.jpg",,,,,,,https://4anurse.com/?redirectAmzASIN=B0038S8E9U&redirect_prodid=amz-B0038S8E9U,,0,,,,,,"[gallery]
<!-- show up to 2 reviews by default --> <p> <span>The BATCLIP elegantly holds a stethoscope in a tight package securely against a waistband or on a belt. First sewn in a Louisiana leather shop in 1995, this holster has gone through over a dozen design improvements and is still used daily by the inventor (an emergency physician) himself. The best way to use the BATCLIP is to put it on your left hip with the metal clip attached to a belt (to prevent the metal from pressing on bare skin) directly along the midaxillary line. This results in the BATCLIP being out of the way when you are sitting, walking, running, or boarding an ambulance or helicopter. Too far forward and it gets in the way of things like a pants pocket, grasping hand, or doorknob. Too far back and it impedes comfortable seating. Thus, midaxillary line is {usually|on a regular basis|frequently|regularly} best. (The exception is {occasionally|from time to time|once in a while|every so often|every now and then|now and again|sometimes|on occasion|infrequently} found in women with wide hips, where a longer pelvic brim make midaxillary placement awkward.) Placement on the left hip ensures that the opening flap is facing backward, so it cannot get caught on anything that may inadvertently pull it open. To {rapidly|all of a sudden|unexpectedly|abruptly|swiftly|hastily|impulsively} unholster a stethoscope placed in the BATCLIP, use your right hand to reach across your midriff, grasp, and pull open the leather wing. At the same time, hold the stethoscope with your left hand just above the BATCLIP. When the wing opens, pull the stethoscope up and out of the holster with your left hand, and then reclose the wing with your right. The wings of the BATCLIP are eccentric allowing the holster to accommodate narrower and wider stethoscope heads. It works best with traditional stethoscopes that have a bell and diaphragm, since the indentation between the bell and diaphragm allow the earpieces to be wrapped around the bell prior to inserting the stethoscope into the holster. {However|On the other hand|Then again|Alternatively}, it does work with single diaphragm and electronic scopes as stated in the reviews.</span> </p>
DISTINCTIVE, PROFESSIONAL, TOP-OF-THE-LINE QUALITY. Individually made in Maine from hand-picked cow hides, the BATCLIP holster provides an elegant carrying solution that matches the value that physicians (and all healthcare workers) place in their stethoscopes. Unlike the newer plastic hip clips, the BATCLIP simply feels better in the hand. Its lineage includes the venerable leather doctor’s bag. Both {improve|give a boost to|beef up|strengthen|enhance|reinforce|make stronger|support|fortify|toughen} with age are built for a lifetime of proud distinguished use.
DESIGNED BY AN EMERGENCY PHYSICIAN seeking a solution to repeated misplacement and loss of his own stethoscopes. His criteria for an ideal stethoscope carrying solution included extreme portability; durability against water, weather, and age; a fail-{safe|protected|secure} scope-securing mechanism; quick scope access; and simple scope re-holstering.
>20 YEARS OF TESTING. The original prototype, from 1995, has undergone over a dozen substantive improvements based on the inventor’s use in his hospital, EMS, and rural developing world medical practices. Upgrades have included changes in materials (ballistic nylon to leather), fasteners (plastic to metal clips), shape (short to long wings), and even thread types. The fundamental driving force has {always|all the time|at all times} been to create the best stethoscope carrying solution for real-world medical practice.
MANY STETHOSCOPE VARIANTS, ONE BATCLIP. Based on feedback from doctors, nurses, paramedics, veterinarians, and medical students, the BATCLIP is designed to accommodate many variations in scope design. Originally sized to work with the Littman Classic, the holder was redesigned in 2012 to work with scopes having a variety of head sizes. The BATCLIP now fits most types of adult and pediatric stethoscopes, including the single-head Cardiology and electronic or amplified stethoscopes.
NO HASSLE WARRANTY. We’re proud of our products. (Our other one, the BATCLIP SHEARS, includes titanium trauma scissors.) Unlike the makers of once-use disposable medical goods, we make BATCLIPs to last for a lifetime. Made with love and care in a small multi-generation family-owned leather shop, the BATCLIP works better, lasts longer, and has achieved a superior reputation {because of|as a result of|on account of} its success in actual use. Thus, if anything ever goes {wrong|incorrect|mistaken|flawed|fallacious|improper|unsuitable} with your BATCLIP, {we will|we will be able to|we can} repair or replace it.","[gallery]
<!-- show up to 2 reviews by default --> <p> <span>The BATCLIP elegantly holds a stethoscope in a tight package securely against a waistband or on a belt. First sewn in a Louisiana leather shop in 1995, this holster has gone through over a dozen design improvements and is still used daily by the inventor (an emergency physician) himself. The best way to use the BATCLIP is to put it on your left hip with the metal clip attached to a belt (to prevent the metal from pressing on bare skin) directly along the midaxillary line. This results in the BATCLIP being out of the way when you are sitting, walking, running, or boarding an ambulance or helicopter. Too far forward and it gets in the way of things like a pants pocket, grasping hand, or doorknob. Too far back and it impedes comfortable seating. Thus, midaxillary line is {on a regular basis|frequently|regularly|usually} best. (The exception is {infrequently|every now and then|once in a while|from time to time|every so often|on occasion|now and again|sometimes|occasionally} found in women with wide hips, where a longer pelvic brim make midaxillary placement awkward.) Placement on the left hip ensures that the opening flap is facing backward, so it cannot get caught on anything that may inadvertently pull it open. To {impulsively|abruptly|all of a sudden|unexpectedly|swiftly|hastily|rapidly} unholster a stethoscope placed in the BATCLIP, use your right hand to reach across your midriff, grasp, and pull open the leather wing. At the same time, hold the stethoscope with your left hand just above the BATCLIP. When the wing opens, pull the stethoscope up and out of the holster with your left hand, and then reclose the wing with your right. The wings of the BATCLIP are eccentric allowing the holster to accommodate narrower and wider stethoscope heads. It works best with traditional stethoscopes that have a bell and diaphragm, since the indentation between the bell and diaphragm allow the earpieces to be wrapped around the bell prior to inserting the stethoscope into the holster. {Then again|Alternatively|On the other hand|However}, it does work with single diaphragm and electronic scopes as stated in the reviews.</span> </p>
DISTINCTIVE, PROFESSIONAL, TOP-OF-THE-LINE QUALITY. Individually made in Maine from hand-picked cow hides, the BATCLIP holster provides an elegant carrying solution that matches the value that physicians (and all healthcare workers) place in their stethoscopes. Unlike the newer plastic hip clips, the BATCLIP simply feels better in the hand. Its lineage includes the venerable leather doctor’s bag. Both {make stronger|toughen|beef up|give a boost to|support|reinforce|strengthen|fortify|enhance|improve} with age are built for a lifetime of proud distinguished use.
DESIGNED BY AN EMERGENCY PHYSICIAN seeking a solution to repeated misplacement and loss of his own stethoscopes. His criteria for an ideal stethoscope carrying solution included extreme portability; durability against water, weather, and age; a fail-{secure|protected|safe} scope-securing mechanism; quick scope access; and simple scope re-holstering.
>20 YEARS OF TESTING. The original prototype, from 1995, has undergone over a dozen substantive improvements based on the inventor’s use in his hospital, EMS, and rural developing world medical practices. Upgrades have included changes in materials (ballistic nylon to leather), fasteners (plastic to metal clips), shape (short to long wings), and even thread types. The fundamental driving force has {at all times|all the time|always} been to create the best stethoscope carrying solution for real-world medical practice.
MANY STETHOSCOPE VARIANTS, ONE BATCLIP. Based on feedback from doctors, nurses, paramedics, veterinarians, and medical students, the BATCLIP is designed to accommodate many variations in scope design. Originally sized to work with the Littman Classic, the holder was redesigned in 2012 to work with scopes having a variety of head sizes. The BATCLIP now fits most types of adult and pediatric stethoscopes, including the single-head Cardiology and electronic or amplified stethoscopes.
NO HASSLE WARRANTY. We’re proud of our products. (Our other one, the BATCLIP SHEARS, includes titanium trauma scissors.) Unlike the makers of once-use disposable medical goods, we make BATCLIPs to last for a lifetime. Made with love and care in a small multi-generation family-owned leather shop, the BATCLIP works better, lasts longer, and has achieved a superior reputation {as a result of|on account of|because of} its success in actual use. Thus, if anything ever goes {incorrect|mistaken|unsuitable|fallacious|improper|flawed|wrong} with your BATCLIP, {we can|we will be able to|we will} repair or replace it.","[gallery]
<!-- show up to 2 reviews by default --> <p> <span>The BATCLIP elegantly holds a stethoscope in a tight package securely against a waistband or on a belt. First sewn in a Louisiana leather shop in 1995, this holster has gone through over a dozen design improvements and is still used daily by the inventor (an emergency physician) himself. The best way to use the BATCLIP is to put it on your left hip with the metal clip attached to a belt (to prevent the metal from pressing on bare skin) directly along the midaxillary line. This results in the BATCLIP being out of the way when you are sitting, walking, running, or boarding an ambulance or helicopter. Too far forward and it gets in the way of things like a pants pocket, grasping hand, or doorknob. Too far back and it impedes comfortable seating. Thus, midaxillary line is usually best. (The exception is occasionally found in women with wide hips, where a longer pelvic brim make midaxillary placement awkward.) Placement on the left hip ensures that the opening flap is facing backward, so it cannot get caught on anything that may inadvertently pull it open. To rapidly unholster a stethoscope placed in the BATCLIP, use your right hand to reach across your midriff, grasp, and pull open the leather wing. At the same time, hold the stethoscope with your left hand just above the BATCLIP. When the wing opens, pull the stethoscope up and out of the holster with your left hand, and then reclose the wing with your right. The wings of the BATCLIP are eccentric allowing the holster to accommodate narrower and wider stethoscope heads. It works best with traditional stethoscopes that have a bell and diaphragm, since the indentation between the bell and diaphragm allow the earpieces to be wrapped around the bell prior to inserting the stethoscope into the holster. However, it does work with single diaphragm and electronic scopes as stated in the reviews.</span> </p>
DISTINCTIVE, PROFESSIONAL, TOP-OF-THE-LINE QUALITY. Individually made in Maine from hand-picked cow hides, the BATCLIP holster provides an elegant carrying solution that matches the value that physicians (and all healthcare workers) place in their stethoscopes. Unlike the newer plastic hip clips, the BATCLIP simply feels better in the hand. Its lineage includes the venerable leather doctor’s bag. Both improve with age are built for a lifetime of proud distinguished use.
DESIGNED BY AN EMERGENCY PHYSICIAN seeking a solution to repeated misplacement and loss of his own stethoscopes. His criteria for an ideal stethoscope carrying solution included extreme portability; durability against water, weather, and age; a fail-safe scope-securing mechanism; quick scope access; and simple scope re-holstering.
>20 YEARS OF TESTING. The original prototype, from 1995, has undergone over a dozen substantive improvements based on the inventor’s use in his hospital, EMS, and rural developing world medical practices. Upgrades have included changes in materials (ballistic nylon to leather), fasteners (plastic to metal clips), shape (short to long wings), and even thread types. The fundamental driving force has always been to create the best stethoscope carrying solution for real-world medical practice.
MANY STETHOSCOPE VARIANTS, ONE BATCLIP. Based on feedback from doctors, nurses, paramedics, veterinarians, and medical students, the BATCLIP is designed to accommodate many variations in scope design. Originally sized to work with the Littman Classic, the holder was redesigned in 2012 to work with scopes having a variety of head sizes. The BATCLIP now fits most types of adult and pediatric stethoscopes, including the single-head Cardiology and electronic or amplified stethoscopes.
NO HASSLE WARRANTY. We’re proud of our products. (Our other one, the BATCLIP SHEARS, includes titanium trauma scissors.) Unlike the makers of once-use disposable medical goods, we make BATCLIPs to last for a lifetime. Made with love and care in a small multi-generation family-owned leather shop, the BATCLIP works better, lasts longer, and has achieved a superior reputation because of its success in actual use. Thus, if anything ever goes wrong with your BATCLIP, we will repair or replace it.",B0038S8E9U,com,999999,amz-B0038S8E9U,amazon,https://www.amazon.com/dp/B0038S8E9U/,1747058089,0,0,1,249,0,249,,0,0,1778970612,invalid,9
906,external,,,"ETRONIK Lunch Backpack, 15.6 Inch Laptop Backpack with USB Port, Stylish Nurse, Teacher Work Bag with Insulated Cooler Lunch Box for Women Men/Travel, Grey Blue",1,0,visible,"This laptop backpack includes a detachable insulated lunch bag, it is made of cleanable aluminum foil and high-quality Oxford cloth to keep the food warm but also keep cold drinks about 3-5 hours. Allow you to enjoy delicious food at any time\nThe nurse backpack has 1 big main compartment with laptop sleeve compartment, which can provide excellent protection for a 15.6-inch laptop. Separated compartments and mesh pockets are roomy for tablet, power bank, A4 files, clothes, wallet and more your items. A elastic pocket at each side can hold your umbrella, water bottle, etc. The insulated lunch bag can carry lunch box, fruits, drinks etc\n2-in-1 design backpack for women can be used as a lunch bag or a laptop backpack. When you store food or fruit on the lunch bag, main compartment area will be reduced to provide more space for food container compartment. The inner folding board has a built-in support to prevent food from being crushed by heavy objects. When you don't need to carry food, the insulated layer can be folded so that you can carry more items in main pocket. The detachable carry lunch bag is also a nice touch","[gallery]\nThis laptop backpack includes a detachable insulated lunch bag, it is made of cleanable aluminum foil and high-quality Oxford cloth to keep the food warm but also keep cold drinks about 3-5 hours. Will let you enjoy delicious food at any time\nThe nurse backpack has 1 big main compartment with laptop sleeve compartment, which can provide excellent protection for a 15.6-inch laptop. Separated compartments and mesh pockets are roomy for tablet, power bank, A4 files, clothes, wallet and more your items. A elastic pocket at each side can hold your umbrella, water bottle, etc. The insulated lunch bag can carry lunch box, fruits, drinks etc\n2-in-1 design backpack for women can be utilized as a lunch bag or a laptop backpack. When you store food or fruit on the lunch bag, main compartment area will be reduced to provide more space for food container compartment. The inner folding board has a built-in give a boost to to prevent food from being crushed by heavy objects. When you don't want to carry food, the insulated layer can also be folded so as to carry more items in main pocket. The detachable carry lunch bag is also a nice touch\nWith a USB charging port extended on the side of the backpack and built-in a charging cable inside, it offers an easy access to charge your phone on the go(POWER BANK is not included). The backpack is perfect for plenty of purposes, including as a lunch bag, nurse bag, laptop backpack, teacher backpack, shuttle backpack, and hiking backpack\nThis laptop backpack is made of firmly made fabric with metal zippers, so as to not rip, tear or scratch. The shoulder straps are breathable and wide enough to release your shoulder stress in long-term use, and will not let the back feel hot.This lunch bag is perfect for work, shuttle, and everyday use. It is also a great gift.This item is intended for use by Over 12 years old",,,taxable,,1,,,0,0,,,,,1,,29.99,49.99,"Electronics > Computers and Accessories > Laptop Accessories",,,"https://m.media-amazon.com/images/I/41oH-0zAEXL.jpg, https://m.media-amazon.com/images/I/41oH-0zAEXL.jpg",,,,,,,https://4anurse.com/?redirectAmzASIN=B09F3MGLLQ&redirect_prodid=amz-B09F3MGLLQ,,0,,,,,,"[gallery]
This laptop backpack includes a detachable insulated lunch bag, it is made of cleanable aluminum foil and high-quality Oxford cloth to keep the food warm but also keep cold drinks about 3-5 hours. {Allow you to|Let you|Permit you to|Will let you|Can help you|Assist you to|Help you|Mean you can} enjoy delicious food at any time
The nurse backpack has 1 big main compartment with laptop sleeve compartment, which can provide excellent protection for a 15.6-inch laptop. Separated compartments and mesh pockets are roomy for tablet, power bank, A4 files, clothes, wallet and more your items. A elastic pocket at each side can hold your umbrella, water bottle, etc. The insulated lunch bag can carry lunch box, fruits, drinks etc
2-in-1 design backpack for women {can be used|can be utilized} as a lunch bag or a laptop backpack. When you store food or fruit on the lunch bag, main compartment area will be reduced to provide more space for food container compartment. The inner folding board has a built-in {support|give a boost to|beef up|strengthen|improve|enhance|reinforce|make stronger|fortify|toughen} to prevent food from being crushed by heavy objects. When you don't {need to|want to|wish to} carry food, the insulated layer {can be|can also be|may also be|will also be} folded {so that you can|so as to|to be able to|so to|in an effort to|as a way to|with the intention to|so that you could} carry more items in main pocket. The detachable carry lunch bag is also a nice touch
With a USB charging port extended on the side of the backpack and built-in a charging cable inside, it offers an easy access to charge your phone on the go(POWER BANK is not included). The backpack is perfect for {a variety of|a number of|numerous|quite a few|various|quite a lot of|a lot of|plenty of} purposes, including as a lunch bag, nurse bag, laptop backpack, teacher backpack, {travel|go back and forth|commute|trip|shuttle} backpack, and hiking backpack
This laptop backpack is made of firmly made fabric with metal zippers, {which will|in order to|to be able to|so as to|that allows you to|with a view to|on the way to|with the intention to|with a purpose to|as a way to|so one can|in an effort to|so that it will|for you to} not rip, tear or scratch. The shoulder straps are breathable and wide enough to release your shoulder stress in long-term use, and will not let the back feel hot.This lunch bag is perfect for work, {travel|go back and forth|commute|trip|shuttle}, and everyday use. {It's also|It is also|Additionally it is|It is usually} a great gift.This item is intended for use by Over 12 years old","[gallery]
This laptop backpack includes a detachable insulated lunch bag, it is made of cleanable aluminum foil and high-quality Oxford cloth to keep the food warm but also keep cold drinks about 3-5 hours. {Will let you|Help you|Assist you to|Can help you|Permit you to|Let you|Mean you can|Allow you to} enjoy delicious food at any time
The nurse backpack has 1 big main compartment with laptop sleeve compartment, which can provide excellent protection for a 15.6-inch laptop. Separated compartments and mesh pockets are roomy for tablet, power bank, A4 files, clothes, wallet and more your items. A elastic pocket at each side can hold your umbrella, water bottle, etc. The insulated lunch bag can carry lunch box, fruits, drinks etc
2-in-1 design backpack for women {can be utilized|can be used} as a lunch bag or a laptop backpack. When you store food or fruit on the lunch bag, main compartment area will be reduced to provide more space for food container compartment. The inner folding board has a built-in {give a boost to|enhance|beef up|toughen|improve|make stronger|fortify|strengthen|reinforce|support} to prevent food from being crushed by heavy objects. When you don't {want to|wish to|need to} carry food, the insulated layer {can also be|may also be|will also be|can be} folded {so as to|to be able to|in an effort to|with the intention to|so that you could|as a way to|so to|so that you can} carry more items in main pocket. The detachable carry lunch bag is also a nice touch
With a USB charging port extended on the side of the backpack and built-in a charging cable inside, it offers an easy access to charge your phone on the go(POWER BANK is not included). The backpack is perfect for {plenty of|a lot of|numerous|quite a lot of|quite a few|various|a number of|a variety of} purposes, including as a lunch bag, nurse bag, laptop backpack, teacher backpack, {shuttle|go back and forth|commute|trip|travel} backpack, and hiking backpack
This laptop backpack is made of firmly made fabric with metal zippers, {so as to|on the way to|in an effort to|as a way to|with a view to|so that it will|so one can|to be able to|for you to|in order to|with the intention to|that allows you to|with a purpose to|which will} not rip, tear or scratch. The shoulder straps are breathable and wide enough to release your shoulder stress in long-term use, and will not let the back feel hot.This lunch bag is perfect for work, {shuttle|go back and forth|commute|trip|travel}, and everyday use. {It is also|It is usually|Additionally it is|It's also} a great gift.This item is intended for use by Over 12 years old","[gallery]
This laptop backpack includes a detachable insulated lunch bag, it is made of cleanable aluminum foil and high-quality Oxford cloth to keep the food warm but also keep cold drinks about 3-5 hours. Allow you to enjoy delicious food at any time
The nurse backpack has 1 big main compartment with laptop sleeve compartment, which can provide excellent protection for a 15.6-inch laptop. Separated compartments and mesh pockets are roomy for tablet, power bank, A4 files, clothes, wallet and more your items. A elastic pocket at each side can hold your umbrella, water bottle, etc. The insulated lunch bag can carry lunch box, fruits, drinks etc
2-in-1 design backpack for women can be used as a lunch bag or a laptop backpack. When you store food or fruit on the lunch bag, main compartment area will be reduced to provide more space for food container compartment. The inner folding board has a built-in support to prevent food from being crushed by heavy objects. When you don't need to carry food, the insulated layer can be folded so that you can carry more items in main pocket. The detachable carry lunch bag is also a nice touch
With a USB charging port extended on the side of the backpack and built-in a charging cable inside, it offers an easy access to charge your phone on the go(POWER BANK is not included). The backpack is perfect for a variety of purposes, including as a lunch bag, nurse bag, laptop backpack, teacher backpack, travel backpack, and hiking backpack
This laptop backpack is made of firmly made fabric with metal zippers, which will not rip, tear or scratch. The shoulder straps are breathable and wide enough to release your shoulder stress in long-term use, and will not let the back feel hot.This lunch bag is perfect for work, travel, and everyday use. It's also a great gift.This item is intended for use by Over 12 years old",B09F3MGLLQ,com,999999,amz-B09F3MGLLQ,amazon,https://www.amazon.com/dp/B09F3MGLLQ/,1747058090,0,0,1,228,0,228,,0,0,1778970612,invalid,15
908,external,,,"Gel Pens, 12 Pcs Smooth Writing Pens No Bleed & Smear, Black Ink Cute Pens Fine Point (0.5mm), Retractable Aesthetic Journaling Pens School Office Supplies for Women & Men,Cute- Black Ink",1,0,visible,"【Super Smooth Writing】: Special double ball tip design for no skip and no smudge. Fine point tip creates vivid lines that meet your daily writing and creative needs\n【Premium Design】: Durable metal clip makes these gel pens convenient to carry. The retractable design will be easy for you to use. Our pens are of high quality and have a strict quality inspection\n【Unique Gradient Colors】: 4 Gradient colors gorgeous pen barrel, and each gradient color have 3 pcs gel pens. These are such cute colors. Wow, this is the kind of pen people will want to borrow from you","[gallery]\n【Super Smooth Writing】: Special double ball tip design for no skip and no smudge. Fine point tip creates vivid lines that meet your day by day writing and creative needs\n【Premium Design】: Durable metal clip makes these gel pens convenient to carry. The retractable design will be easy so that you can use. Our pens are of top quality and have a strict quality inspection\n【Unique Gradient Colors】: 4 Gradient colors gorgeous pen barrel, and each and every gradient color have 3 pcs gel pens. These are such cute colors. Wow, that is the type of pen people will need to borrow from you\n【Quick Drying Ink】: No smear and no bleed technology assists in keeping your hands and the paper clean. These black ink pens are also suitable for lefties\n【Ideal Present for Back to School】: For students, teachers, circle of relatives, friends, co-workers. Perfect as journal pens, planner pens, teacher pens, journaling pens, grade assignments, workplace supplies, planner accessories, classroom prizes. Great for school, home, workplace, work, business, club, party favor, and organization activities",,,taxable,,1,,,0,0,,,,,1,,,8.99,"Office Products > Office and School Supplies > Writing and Correction Supplies",,,"https://m.media-amazon.com/images/I/518daBR3wAL.jpg, https://m.media-amazon.com/images/I/518daBR3wAL.jpg",,,,,,,https://4anurse.com/?redirectAmzASIN=B0CGLJCC5Q&redirect_prodid=amz-B0CGLJCC5Q,,0,,,,,,"[gallery]
【Super Smooth Writing】: Special double ball tip design for no skip and no smudge. Fine point tip creates vivid lines that meet your {daily|day by day|day-to-day} writing and creative needs
【Premium Design】: Durable metal clip makes these gel pens convenient to carry. The retractable design will be easy {for you to|so that you can} use. Our pens are of {high quality|top of the range|prime quality|top quality} and have a strict quality inspection
【Unique Gradient Colors】: 4 Gradient colors gorgeous pen barrel, and {each|each and every|every} gradient color have 3 pcs gel pens. These are such cute colors. Wow, {this is|that is} {the kind of|the type of} pen people will {want to|need to|wish to} borrow from you
【Quick Drying Ink】: No smear and no bleed technology {keeps|assists in keeping|helps to keep} your hands and the paper clean. These black ink pens are also suitable for lefties
【Ideal Present for Back to School】: For students, teachers, {family|circle of relatives}, friends, co-workers. Perfect as journal pens, planner pens, teacher pens, journaling pens, grade assignments, {office|place of business|place of work|workplace|administrative center|place of job} supplies, planner accessories, classroom prizes. Great for school, home, {office|place of business|place of work|workplace|administrative center|place of job}, work, business, club, party favor, and organization activities","[gallery]
【Super Smooth Writing】: Special double ball tip design for no skip and no smudge. Fine point tip creates vivid lines that meet your {day by day|day-to-day|daily} writing and creative needs
【Premium Design】: Durable metal clip makes these gel pens convenient to carry. The retractable design will be easy {so that you can|for you to} use. Our pens are of {top quality|top of the range|prime quality|high quality} and have a strict quality inspection
【Unique Gradient Colors】: 4 Gradient colors gorgeous pen barrel, and {each and every|every|each} gradient color have 3 pcs gel pens. These are such cute colors. Wow, {that is|this is} {the type of|the kind of} pen people will {need to|wish to|want to} borrow from you
【Quick Drying Ink】: No smear and no bleed technology {assists in keeping|helps to keep|keeps} your hands and the paper clean. These black ink pens are also suitable for lefties
【Ideal Present for Back to School】: For students, teachers, {circle of relatives|family}, friends, co-workers. Perfect as journal pens, planner pens, teacher pens, journaling pens, grade assignments, {workplace|place of job|place of work|administrative center|place of business|office} supplies, planner accessories, classroom prizes. Great for school, home, {workplace|place of job|place of work|administrative center|place of business|office}, work, business, club, party favor, and organization activities","[gallery]
【Super Smooth Writing】: Special double ball tip design for no skip and no smudge. Fine point tip creates vivid lines that meet your daily writing and creative needs
【Premium Design】: Durable metal clip makes these gel pens convenient to carry. The retractable design will be easy for you to use. Our pens are of high quality and have a strict quality inspection
【Unique Gradient Colors】: 4 Gradient colors gorgeous pen barrel, and each gradient color have 3 pcs gel pens. These are such cute colors. Wow, this is the kind of pen people will want to borrow from you
【Quick Drying Ink】: No smear and no bleed technology keeps your hands and the paper clean. These black ink pens are also suitable for lefties
【Ideal Present for Back to School】: For students, teachers, family, friends, co-workers. Perfect as journal pens, planner pens, teacher pens, journaling pens, grade assignments, office supplies, planner accessories, classroom prizes. Great for school, home, office, work, business, club, party favor, and organization activities",B0CGLJCC5Q,com,999999,amz-B0CGLJCC5Q,amazon,https://www.amazon.com/dp/B0CGLJCC5Q/,1747058104,0,0,1,225,1,225,,0,0,1778970612,invalid,16
910,external,,,"Nurse Gifts for Women Funny Unique School Nurse Practitioner Gifts for Christmas Birthday Nurse Week Appreciation Novelty Lavender Scented Soy Candles",1,0,visible,"Natural lavender extract essential oil with a gentle fragrance can alleviate stress, anxiety, and depression. The body and mind can be relaxed, making people younger and more beautiful. It is the best gift for nurse\nShowing your appreciation with our uniquely designed candle.A perfect gifts for birthday,christmas,graduation or any other time.\nIt is an ideal aromatherapy candle or relaxation candle, which is used for reading,yoga,meditation and sleeping. It is also an ideal bathroom candle.","[gallery]\nNatural lavender extract essential oil with a gentle fragrance can alleviate stress, anxiety, and depression. The body and mind will also be relaxed, making people younger and more beautiful. It's the most efficient gift for nurse\nShowing your appreciation with our uniquely designed candle.A perfect gifts for birthday,christmas,graduation or some other time.\nIt is a perfect aromatherapy candle or relaxation candle, which is used for reading,yoga,meditation and sleeping. It's also an ideal bathroom candle.\n92% soy wax and 8% natural lavender oil,burning clean, protected and lasting burning for about 35 hours.\nWe will be able to try our best to provide the best products, when you have any complaints, please contact customer service for assistance",,,taxable,,1,,,0,0,,,,,1,,14.99,18.99,"Home and Kitchen > Home Décor Products > Candles and Holders > Candles > Jar Candles",,,"https://m.media-amazon.com/images/I/41GCbRe5uzL.jpg, https://m.media-amazon.com/images/I/41GCbRe5uzL.jpg",,,,,,,https://4anurse.com/?redirectAmzASIN=B0D97STS88&redirect_prodid=amz-B0D97STS88,,0,,,,,,"[gallery]
Natural lavender extract essential oil with a gentle fragrance can alleviate stress, anxiety, and depression. The body and mind {can be|can also be|may also be|will also be} relaxed, making people younger and more beautiful. {It is|It's} {the best|the most productive|the most efficient} gift for nurse
Showing your appreciation with our uniquely designed candle.A perfect gifts for birthday,christmas,graduation or {any other|another|some other|every other} time.
It {is an ideal|is a perfect} aromatherapy candle or relaxation candle, which is used for reading,yoga,meditation and sleeping. {It is also|Additionally it is|It's also|It is usually} an ideal bathroom candle.
92% soy wax and 8% natural lavender oil,burning clean, {safe|protected|secure} and lasting burning for about 35 hours.
{We will|We will be able to|We can} try our best to {give you the|provide the} best products, {if you have|when you have|in case you have|when you've got|if in case you have|you probably have} any complaints, please contact customer service for assistance","[gallery]
Natural lavender extract essential oil with a gentle fragrance can alleviate stress, anxiety, and depression. The body and mind {will also be|may also be|can also be|can be} relaxed, making people younger and more beautiful. {It's|It is} {the most efficient|the most productive|the best} gift for nurse
Showing your appreciation with our uniquely designed candle.A perfect gifts for birthday,christmas,graduation or {some other|every other|another|any other} time.
It {is a perfect|is an ideal} aromatherapy candle or relaxation candle, which is used for reading,yoga,meditation and sleeping. {It's also|It is usually|Additionally it is|It is also} an ideal bathroom candle.
92% soy wax and 8% natural lavender oil,burning clean, {protected|secure|safe} and lasting burning for about 35 hours.
{We will be able to|We can|We will} try our best to {provide the|give you the} best products, {when you have|in case you have|if in case you have|when you've got|you probably have|if you have} any complaints, please contact customer service for assistance","[gallery]
Natural lavender extract essential oil with a gentle fragrance can alleviate stress, anxiety, and depression. The body and mind can be relaxed, making people younger and more beautiful. It is the best gift for nurse
Showing your appreciation with our uniquely designed candle.A perfect gifts for birthday,christmas,graduation or any other time.
It is an ideal aromatherapy candle or relaxation candle, which is used for reading,yoga,meditation and sleeping. It is also an ideal bathroom candle.
92% soy wax and 8% natural lavender oil,burning clean, safe and lasting burning for about 35 hours.
We will try our best to give you the best products, if you have any complaints, please contact customer service for assistance",B0D97STS88,com,999999,amz-B0D97STS88,amazon,https://www.amazon.com/dp/B0D97STS88/,1747058105,0,0,1,252,0,252,,0,0,1778970612,invalid,26
912,external,,,"3M Littmann Classic III Monitoring Stethoscope, 5806, More Than 2X as Loud, Weighs Less, Stainless Steel Rainbow-Finish Chestpiece, 27' Raspberry Tube, Brass Stem and Headset",1,0,visible,"Monitor and assess a wide range of patients and detect normal and abnormal sounds and rhythms\nUseful in non-critical care environments such as a medical office, general ward, OB/GYN, ambulatory clinic or urgent care\nMore than twice as loud* as the next leading stethoscope. *Based on tests against globally-available comparable stethoscopes in an equivalent class using recorded heart sounds with diaphragm.","[gallery]\n<!-- show up to 2 reviews by default --> <p> </p><p><span class=""a-text-bold"">Love your stethoscope</span><span> <br> The compact and sensitive Littmann Classic III stethoscope is the perfect instrument for clinicians who monitor and assess children or adults in non-critical environments. Manufactured with strong yet lightweight materials for hours of comfortable use.<br></span></p><p><span>The 3M™ Littmann® Classic III™ Stethoscope is the recent version of the stethoscope that helps millions of medical professionals achieve their best. The Classic III stethoscope offers high acoustic sensitivity for exceptional performance, plus a versatile two-sided chestpiece with tunable diaphragms. The Classic III stethoscope is used by students and medical professionals alike to identify, listen to, and study heart, lung, and other body sounds for physical assessment, patient monitoring, and diagnosis.</span></p><p><span>Tunable diaphragm technology—a 3M invention—lets clinicians hear different frequency sounds by simply adjusting the pressure on the chestpiece. Hold the chestpiece with light pressure to hear low frequency sounds; press a little more to hear higher frequency sounds. This time-saving feature allows the healthcare provider to focus on the patient, even as the non-chill diaphragm provides patient comfort.</span></p><p><span>Headset tension is easily adjusted for head size and comfort by squeezing together or pulling apart the eartubes. Snap-tight, soft-sealing eartips conform to individual ears for an excellent acoustic seal and comfortable fit. Eartips snap firmly onto the ends of the eartubes and, for safety, require a significant effort to take away.</span></p><p><span>Resilient next-generation tubing retains its shape and flexibility even after folding tightly into a pocket. It provides longer stethoscope life because of improved resistance to skin oils and alcohol, and is less likely to pick up stains. Next-generation tubing is not made with natural rubber latex, a benefit to sensitive medical professionals and their patients. And, to play its part in the protection of human health and the environment, the next-generation tubing does not contain phthalate plasticizers.</span></p><p><span>The Classic III stethoscope is made in america for consistent quality. It comes complete with large and small soft-sealing eartips, non-chill bell sleeve, and instructions.</span></p><p><span>Put the power of improved listening in your pocket with the Littmann Learning App. This powerful app is designed to help users better recognize benign and pathological heart sounds, murmurs, and lung sounds. It reinforces learning by offering self-directed learning modules directly on your phone. You'll download the free Littmann Learning App now from the App Store® or Google Play Store®. *Expanded content is available with a subscription.</span></p> <p></p>\nMonitor and assess quite a lot of patients and detect normal and extraordinary sounds and rhythms\nUseful in non-critical care environments such as a medical office, general ward, OB/GYN, ambulatory clinic or urgent care\nMore than twice as loud* as the next leading stethoscope. *Based on tests against globally-available comparable stethoscopes in an equivalent class the usage of recorded heart sounds with diaphragm.\nPermits you to more reliably and consistently hear heart sounds at lower frequencies (below 120Hz*) like Korotkoff sounds, Mitral Stenosis and S3 and S4 Gallops when compared to other leading stethoscopes. *Based on tests against globally-available comparable stethoscopes in an equivalent class the usage of recorded heart sounds with diaphragm.\nWeighs less** than other stethoscopes. ** Based on published weights of globally-available comparable stethoscopes in an equivalent class.\nFun and vibrant; match color and finish to your personality\nDesigned for use with adult and pediatric patients\nTunable, dual-sided stainless steel chestpiece with open or closed bell and non-chill bell sleeve for greater patient comfort\nSoft-sealing ear-tips provide optimal comfort and excellent sound occlusion\nDesigned and manufactured in america with globally-sourced materials; 5-year warranty",,,taxable,,1,,,0,0,,,,,1,,98.79,118.16,"Industrial and Scientific > Professional Medical Supplies > Diagnostics and Screening > Stethoscopes",,,"https://m.media-amazon.com/images/I/41ERmPe18kL.jpg, https://m.media-amazon.com/images/I/41ERmPe18kL.jpg",,,,,,,https://4anurse.com/?redirectAmzASIN=B00573JDI0&redirect_prodid=amz-B00573JDI0,,0,,,,,,"[gallery]
<!-- show up to 2 reviews by default --> <p> </p><p><span class=""a-text-bold"">Love your stethoscope</span><span> <br> The compact and sensitive Littmann Classic III stethoscope is the perfect instrument for clinicians who monitor and assess children or adults in non-critical environments. Manufactured with strong yet lightweight materials for hours of comfortable use.<br></span></p><p><span>The 3M™ Littmann® Classic III™ Stethoscope is the {latest|up to date|recent|contemporary} version of the stethoscope that helps millions of medical professionals achieve their best. The Classic III stethoscope offers high acoustic sensitivity for exceptional performance, plus a versatile two-sided chestpiece with tunable diaphragms. The Classic III stethoscope is used by students and medical professionals alike to identify, listen to, and study heart, lung, and other body sounds for physical assessment, patient monitoring, and diagnosis.</span></p><p><span>Tunable diaphragm technology—a 3M invention—lets clinicians hear different frequency sounds by simply adjusting the pressure on the chestpiece. Hold the chestpiece with light pressure to hear low frequency sounds; press a little more to hear higher frequency sounds. This time-saving feature allows the healthcare provider to focus on the patient, {while|at the same time as|whilst|even as} the non-chill diaphragm provides patient comfort.</span></p><p><span>Headset tension is easily adjusted for head size and comfort by squeezing together or pulling apart the eartubes. Snap-tight, soft-sealing eartips conform to individual ears for an excellent acoustic seal and comfortable fit. Eartips snap firmly onto the ends of the eartubes and, for safety, require a significant effort {to remove|to take away}.</span></p><p><span>Resilient next-generation tubing retains its shape and flexibility even after folding tightly into a pocket. It provides longer stethoscope life {due to|as a result of|because of} improved resistance to skin oils and alcohol, and is less likely to pick up stains. Next-generation tubing is not made with natural rubber latex, a benefit to sensitive medical professionals and their patients. And, to play its part in the protection of human health and the environment, the next-generation tubing does not contain phthalate plasticizers.</span></p><p><span>The Classic III stethoscope is made in {the USA|the united states|the us|america} for consistent quality. It comes complete with large and small soft-sealing eartips, non-chill bell sleeve, and instructions.</span></p><p><span>Put the power of improved listening in your pocket with the Littmann Learning App. This powerful app is designed to help users better recognize benign and pathological heart sounds, murmurs, and lung sounds. It reinforces learning by offering self-directed learning modules directly on your phone. {You can|You'll be able to|You'll} download the free Littmann Learning App now from the App Store® or Google Play Store®. *Expanded content is available with a subscription.</span></p> <p></p>
Monitor and assess {a wide range of|a variety of|quite a lot of} patients and detect normal and {abnormal|ordinary|odd|strange|unusual|peculiar|bizarre|atypical|extraordinary} sounds and rhythms
Useful in non-critical care environments such as a medical office, general ward, OB/GYN, ambulatory clinic or urgent care
More than twice as loud* as the next leading stethoscope. *Based on tests against globally-available comparable stethoscopes in an equivalent class {using|the use of|the usage of} recorded heart sounds with diaphragm.
{Allows you to|Permits you to|Lets you|Means that you can} more reliably and consistently hear heart sounds at lower frequencies (below 120Hz*) like Korotkoff sounds, Mitral Stenosis and S3 and S4 Gallops when compared to other leading stethoscopes. *Based on tests against globally-available comparable stethoscopes in an equivalent class {using|the use of|the usage of} recorded heart sounds with diaphragm.
Weighs less** than other stethoscopes. ** Based on published weights of globally-available comparable stethoscopes in an equivalent class.
Fun and vibrant; match color and finish to your personality
Designed for use with adult and pediatric patients
Tunable, dual-sided stainless steel chestpiece with open or closed bell and non-chill bell sleeve for greater patient comfort
Soft-sealing ear-tips provide optimal comfort and excellent sound occlusion
Designed and manufactured in {the USA|the united states|the us|america} with globally-sourced materials; 5-year warranty","[gallery]
<!-- show up to 2 reviews by default --> <p> </p><p><span class=""a-text-bold"">Love your stethoscope</span><span> <br> The compact and sensitive Littmann Classic III stethoscope is the perfect instrument for clinicians who monitor and assess children or adults in non-critical environments. Manufactured with strong yet lightweight materials for hours of comfortable use.<br></span></p><p><span>The 3M™ Littmann® Classic III™ Stethoscope is the {recent|up to date|contemporary|latest} version of the stethoscope that helps millions of medical professionals achieve their best. The Classic III stethoscope offers high acoustic sensitivity for exceptional performance, plus a versatile two-sided chestpiece with tunable diaphragms. The Classic III stethoscope is used by students and medical professionals alike to identify, listen to, and study heart, lung, and other body sounds for physical assessment, patient monitoring, and diagnosis.</span></p><p><span>Tunable diaphragm technology—a 3M invention—lets clinicians hear different frequency sounds by simply adjusting the pressure on the chestpiece. Hold the chestpiece with light pressure to hear low frequency sounds; press a little more to hear higher frequency sounds. This time-saving feature allows the healthcare provider to focus on the patient, {even as|whilst|at the same time as|while} the non-chill diaphragm provides patient comfort.</span></p><p><span>Headset tension is easily adjusted for head size and comfort by squeezing together or pulling apart the eartubes. Snap-tight, soft-sealing eartips conform to individual ears for an excellent acoustic seal and comfortable fit. Eartips snap firmly onto the ends of the eartubes and, for safety, require a significant effort {to take away|to remove}.</span></p><p><span>Resilient next-generation tubing retains its shape and flexibility even after folding tightly into a pocket. It provides longer stethoscope life {because of|as a result of|due to} improved resistance to skin oils and alcohol, and is less likely to pick up stains. Next-generation tubing is not made with natural rubber latex, a benefit to sensitive medical professionals and their patients. And, to play its part in the protection of human health and the environment, the next-generation tubing does not contain phthalate plasticizers.</span></p><p><span>The Classic III stethoscope is made in {america|the us|the united states|the USA} for consistent quality. It comes complete with large and small soft-sealing eartips, non-chill bell sleeve, and instructions.</span></p><p><span>Put the power of improved listening in your pocket with the Littmann Learning App. This powerful app is designed to help users better recognize benign and pathological heart sounds, murmurs, and lung sounds. It reinforces learning by offering self-directed learning modules directly on your phone. {You'll|You'll be able to|You can} download the free Littmann Learning App now from the App Store® or Google Play Store®. *Expanded content is available with a subscription.</span></p> <p></p>
Monitor and assess {quite a lot of|a variety of|a wide range of} patients and detect normal and {extraordinary|peculiar|atypical|odd|unusual|bizarre|ordinary|strange|abnormal} sounds and rhythms
Useful in non-critical care environments such as a medical office, general ward, OB/GYN, ambulatory clinic or urgent care
More than twice as loud* as the next leading stethoscope. *Based on tests against globally-available comparable stethoscopes in an equivalent class {the usage of|the use of|using} recorded heart sounds with diaphragm.
{Permits you to|Lets you|Means that you can|Allows you to} more reliably and consistently hear heart sounds at lower frequencies (below 120Hz*) like Korotkoff sounds, Mitral Stenosis and S3 and S4 Gallops when compared to other leading stethoscopes. *Based on tests against globally-available comparable stethoscopes in an equivalent class {the usage of|the use of|using} recorded heart sounds with diaphragm.
Weighs less** than other stethoscopes. ** Based on published weights of globally-available comparable stethoscopes in an equivalent class.
Fun and vibrant; match color and finish to your personality
Designed for use with adult and pediatric patients
Tunable, dual-sided stainless steel chestpiece with open or closed bell and non-chill bell sleeve for greater patient comfort
Soft-sealing ear-tips provide optimal comfort and excellent sound occlusion
Designed and manufactured in {america|the us|the united states|the USA} with globally-sourced materials; 5-year warranty","[gallery]
<!-- show up to 2 reviews by default --> <p> </p><p><span class=""a-text-bold"">Love your stethoscope</span><span> <br> The compact and sensitive Littmann Classic III stethoscope is the perfect instrument for clinicians who monitor and assess children or adults in non-critical environments. Manufactured with strong yet lightweight materials for hours of comfortable use.<br></span></p><p><span>The 3M™ Littmann® Classic III™ Stethoscope is the latest version of the stethoscope that helps millions of medical professionals achieve their best. The Classic III stethoscope offers high acoustic sensitivity for exceptional performance, plus a versatile two-sided chestpiece with tunable diaphragms. The Classic III stethoscope is used by students and medical professionals alike to identify, listen to, and study heart, lung, and other body sounds for physical assessment, patient monitoring, and diagnosis.</span></p><p><span>Tunable diaphragm technology—a 3M invention—lets clinicians hear different frequency sounds by simply adjusting the pressure on the chestpiece. Hold the chestpiece with light pressure to hear low frequency sounds; press a little more to hear higher frequency sounds. This time-saving feature allows the healthcare provider to focus on the patient, while the non-chill diaphragm provides patient comfort.</span></p><p><span>Headset tension is easily adjusted for head size and comfort by squeezing together or pulling apart the eartubes. Snap-tight, soft-sealing eartips conform to individual ears for an excellent acoustic seal and comfortable fit. Eartips snap firmly onto the ends of the eartubes and, for safety, require a significant effort to remove.</span></p><p><span>Resilient next-generation tubing retains its shape and flexibility even after folding tightly into a pocket. It provides longer stethoscope life due to improved resistance to skin oils and alcohol, and is less likely to pick up stains. Next-generation tubing is not made with natural rubber latex, a benefit to sensitive medical professionals and their patients. And, to play its part in the protection of human health and the environment, the next-generation tubing does not contain phthalate plasticizers.</span></p><p><span>The Classic III stethoscope is made in the USA for consistent quality. It comes complete with large and small soft-sealing eartips, non-chill bell sleeve, and instructions.</span></p><p><span>Put the power of improved listening in your pocket with the Littmann Learning App. This powerful app is designed to help users better recognize benign and pathological heart sounds, murmurs, and lung sounds. It reinforces learning by offering self-directed learning modules directly on your phone. You can download the free Littmann Learning App now from the App Store® or Google Play Store®. *Expanded content is available with a subscription.</span></p> <p></p>
Monitor and assess a wide range of patients and detect normal and abnormal sounds and rhythms
Useful in non-critical care environments such as a medical office, general ward, OB/GYN, ambulatory clinic or urgent care
More than twice as loud* as the next leading stethoscope. *Based on tests against globally-available comparable stethoscopes in an equivalent class using recorded heart sounds with diaphragm.
Allows you to more reliably and consistently hear heart sounds at lower frequencies (below 120Hz*) like Korotkoff sounds, Mitral Stenosis and S3 and S4 Gallops when compared to other leading stethoscopes. *Based on tests against globally-available comparable stethoscopes in an equivalent class using recorded heart sounds with diaphragm.
Weighs less** than other stethoscopes. ** Based on published weights of globally-available comparable stethoscopes in an equivalent class.
Fun and vibrant; match color and finish to your personality
Designed for use with adult and pediatric patients
Tunable, dual-sided stainless steel chestpiece with open or closed bell and non-chill bell sleeve for greater patient comfort
Soft-sealing ear-tips provide optimal comfort and excellent sound occlusion
Designed and manufactured in the USA with globally-sourced materials; 5-year warranty",B00573JDI0,com,999999,amz-B00573JDI0,amazon,https://www.amazon.com/dp/B00573JDI0/,1747058110,0,0,1,238,0,238,,0,0,1778970612,invalid,8
914,external,,,"Funny Nurse Gifts for Women Men, Natural Soy Wax Lavender Scented Candle (7oz), Christmas Valentines Day Nurse Week Appreciation Graduation Retirement Gifts for School Future Nicu Nurse Doctor",1,0,visible,"【NURSE WEEK GIFTS FOR WOMEN】The SUEHHYY nurse candle is more than just a candle; it's a heartfelt message in a jar. With a custom inscription and a soothing lavender scent, it's a considerate gift that conveys your gratitude\n【PERFECT GIFT FOR NURSE】Celebrate your nurses dedication with more than just wax and wick; it's a symbol of appreciation and joy. Ideal for expressing gratitude, this candle is perfect for nurse week birthdays, Christmas, New Year, graduation season, or simply to say thank you. Illuminate their efforts with this unique scented candle\n【All-NATURAL INGREDIENTS】We are dedicated to well-being and the environment. This candle is crafted from 95% natural soy wax, and its 100% cotton wick ensures a clean, eco-friendly burn. The addition of 5% lavender essential oil enhances the ambiance and contributes to relaxation","[gallery]\n【NURSE WEEK GIFTS FOR WOMEN】The SUEHHYY nurse candle is more than only a candle; it is a heartfelt message in a jar. With a custom inscription and a soothing lavender scent, it is a considerate gift that conveys your gratitude\n【PERFECT GIFT FOR NURSE】Celebrate your nurses dedication with more than just wax and wick; it is a symbol of appreciation and joy. Ideal for expressing gratitude, this candle is perfect for nurse week birthdays, Christmas, New Year, graduation season, or simply to say thank you. Light up their efforts with this unique scented candle\n【All-NATURAL INGREDIENTS】We are dedicated to well-being and the environment. This candle is crafted from 95% natural soy wax, and its 100% cotton wick ensures a clean, eco-friendly burn. The addition of 5% lavender crucial oil enhances the ambiance and contributes to relaxation\n【RELAXATION AND IPMROVED SLEEP】Grow to be your space into a sanctuary of tranquility. Light this candle all over yoga, baths, or bedtime to create a serene atmosphere. Lavender's calming properties promote relaxation, reduce stress, and may even lend a hand fortify the quality of sleep\n【LONG-LASTING ENJOYMENT& REUSABLE JAR】With a burn time of no less than 50 hours, this 14-oz candle (7 oz of soy wax) provides enduring ambiance and relaxation. After the candle has brightened the retirement celebration, the jar is reusable for more than a few purposes, minimizing waste.Product Dimensions: 2.8 inches in width by 3.4 inches in height",,,taxable,,1,,,0,0,,,,,1,,,15.99,"Home and Kitchen > Home Décor Products > Candles and Holders > Candles > Jar Candles",,,"https://m.media-amazon.com/images/I/41X+W763yCL.jpg, https://m.media-amazon.com/images/I/41X+W763yCL.jpg",,,,,,,https://4anurse.com/?redirectAmzASIN=B0D5B8FSLW&redirect_prodid=amz-B0D5B8FSLW,,0,,,,,,"[gallery]
【NURSE WEEK GIFTS FOR WOMEN】The SUEHHYY nurse candle is more than {just a|only a} candle; {it's a|it is a} heartfelt message in a jar. With a custom inscription and a soothing lavender scent, {it's a|it is a} considerate gift that conveys your gratitude
【PERFECT GIFT FOR NURSE】Celebrate your nurses dedication with more than just wax and wick; {it's a|it is a} symbol of appreciation and joy. Ideal for expressing gratitude, this candle is perfect for nurse week birthdays, Christmas, New Year, graduation season, or simply to say thank you. {Illuminate|Remove darkness from|Light up} their efforts with this unique scented candle
【All-NATURAL INGREDIENTS】We are dedicated to well-being and the environment. This candle is crafted from 95% natural soy wax, and its 100% cotton wick ensures a clean, eco-friendly burn. The addition of 5% lavender {essential|very important|crucial} oil enhances the ambiance and contributes to relaxation
【RELAXATION AND IPMROVED SLEEP】{Transform|Turn out to be|Become|Turn into|Develop into|Grow to be|Change into} your space into a sanctuary of tranquility. Light this candle {during|all the way through|throughout|all through|right through|all over} yoga, baths, or bedtime to create a serene atmosphere. Lavender's calming properties promote relaxation, reduce stress, and may even {help|lend a hand|assist} {improve|give a boost to|beef up|strengthen|enhance|reinforce|make stronger|support|fortify|toughen} the quality of sleep
【LONG-LASTING ENJOYMENT& REUSABLE JAR】With a burn time of {at least|no less than|a minimum of} 50 hours, this 14-oz candle (7 oz of soy wax) provides enduring ambiance and relaxation. After the candle has brightened the retirement celebration, the jar is reusable for {various|more than a few|quite a lot of} purposes, minimizing waste.Product Dimensions: 2.8 inches in width by 3.4 inches in height","[gallery]
【NURSE WEEK GIFTS FOR WOMEN】The SUEHHYY nurse candle is more than {only a|just a} candle; {it is a|it's a} heartfelt message in a jar. With a custom inscription and a soothing lavender scent, {it is a|it's a} considerate gift that conveys your gratitude
【PERFECT GIFT FOR NURSE】Celebrate your nurses dedication with more than just wax and wick; {it is a|it's a} symbol of appreciation and joy. Ideal for expressing gratitude, this candle is perfect for nurse week birthdays, Christmas, New Year, graduation season, or simply to say thank you. {Light up|Remove darkness from|Illuminate} their efforts with this unique scented candle
【All-NATURAL INGREDIENTS】We are dedicated to well-being and the environment. This candle is crafted from 95% natural soy wax, and its 100% cotton wick ensures a clean, eco-friendly burn. The addition of 5% lavender {crucial|very important|essential} oil enhances the ambiance and contributes to relaxation
【RELAXATION AND IPMROVED SLEEP】{Grow to be|Develop into|Become|Change into|Turn out to be|Turn into|Transform} your space into a sanctuary of tranquility. Light this candle {all over|throughout|all through|right through|all the way through|during} yoga, baths, or bedtime to create a serene atmosphere. Lavender's calming properties promote relaxation, reduce stress, and may even {lend a hand|assist|help} {fortify|make stronger|beef up|reinforce|strengthen|support|give a boost to|toughen|enhance|improve} the quality of sleep
【LONG-LASTING ENJOYMENT& REUSABLE JAR】With a burn time of {no less than|a minimum of|at least} 50 hours, this 14-oz candle (7 oz of soy wax) provides enduring ambiance and relaxation. After the candle has brightened the retirement celebration, the jar is reusable for {more than a few|quite a lot of|various} purposes, minimizing waste.Product Dimensions: 2.8 inches in width by 3.4 inches in height","[gallery]
【NURSE WEEK GIFTS FOR WOMEN】The SUEHHYY nurse candle is more than just a candle; it's a heartfelt message in a jar. With a custom inscription and a soothing lavender scent, it's a considerate gift that conveys your gratitude
【PERFECT GIFT FOR NURSE】Celebrate your nurses dedication with more than just wax and wick; it's a symbol of appreciation and joy. Ideal for expressing gratitude, this candle is perfect for nurse week birthdays, Christmas, New Year, graduation season, or simply to say thank you. Illuminate their efforts with this unique scented candle
【All-NATURAL INGREDIENTS】We are dedicated to well-being and the environment. This candle is crafted from 95% natural soy wax, and its 100% cotton wick ensures a clean, eco-friendly burn. The addition of 5% lavender essential oil enhances the ambiance and contributes to relaxation
【RELAXATION AND IPMROVED SLEEP】Transform your space into a sanctuary of tranquility. Light this candle during yoga, baths, or bedtime to create a serene atmosphere. Lavender's calming properties promote relaxation, reduce stress, and may even help improve the quality of sleep
【LONG-LASTING ENJOYMENT& REUSABLE JAR】With a burn time of at least 50 hours, this 14-oz candle (7 oz of soy wax) provides enduring ambiance and relaxation. After the candle has brightened the retirement celebration, the jar is reusable for various purposes, minimizing waste.Product Dimensions: 2.8 inches in width by 3.4 inches in height",B0D5B8FSLW,com,999999,amz-B0D5B8FSLW,amazon,https://www.amazon.com/dp/B0D5B8FSLW/,1747058118,0,0,1,215,0,215,,0,0,1778970612,invalid,30
916,external,,,"grace & stella Award Winning Under Eye Mask Reduce Dark Circles, Puffy Eyes, Undereye Bags, Wrinkles, Gel Under Eye Patches, Nurse Gifts, Vegan Cruelty-Free Self Care (6 Pairs, Blue)",1,0,visible,"Your Under Eye Skincare Routine for Dark Circles - Eyes are the first thing people notice. Feel confident and look your best, refreshed, awake, youthful, and brightened by adding these blue under eyes patches into your daily self-care routine.\nSoothing formula for refreshed-looking eyes - Reduce puffiness, bags and swelling with these cooling under eye hydrating mask, and enjoy ""me-time"" while reducing the visibility of fine lines, smoothing undereye wrinkles, and dry under eye skin. Achieve hydrated and tightened under eye skin with these eye masks for dark circles and puffiness.\nUnique Formula - Unlike other under eye patches for puffy eyes , these are Vegan, Paraben and Sulfate-Free ingredients that are gentle on sensitive skin. Formulated with Niacinamide to Illuminate Dull Under Eyes. Eye patches for puffy eyes are simple to use and provide eye depuffing instant results to under eye dark circles.","[gallery]\nYour Under Eye Skincare Routine for Dark Circles - Eyes are the very first thing people notice. Feel confident and look your best, refreshed, awake, youthful, and brightened by adding these blue under eyes patches into your day by day self-care routine.\nSoothing formula for refreshed-having a look eyes - Reduce puffiness, bags and swelling with these cooling under eye hydrating mask, and enjoy ""me-time"" whilst reducing the visibility of fine lines, smoothing undereye wrinkles, and dry under eye skin. Achieve hydrated and tightened under eye skin with these eye masks for dark circles and puffiness.\nUnique Formula - Unlike other under eye patches for puffy eyes , these are Vegan, Paraben and Sulfate-Free ingredients that are gentle on sensitive skin. Formulated with Niacinamide to Remove darkness from Dull Under Eyes. Eye patches for puffy eyes are simple to make use of and provide eye depuffing instant results to under eye dark circles.\nCool Eye Depuffers for Women & Men as a Christmas Gift, Stocking Stuffer, Birthday Gift, Bachelorette Goodie Bag, and for Party Favors! 30 Day Feel-Good Policy, if you are not 100% happy, just tell us and we're going to make it right!\nLoved by Millions - Used by Jessica Alba, Leona Lewis, Ayra Starr, and Emma Hernan from Selling Sunsets. The very best dark circles under eye mask for women who enjoy self-care gifts, vegan, and effective beauty.",,,taxable,,1,,,0,0,,,,,1,,9.95,14,"Beauty and Personal Care > Skin Care > Eyes > Wrinkle Pads and Patches",,,"https://m.media-amazon.com/images/I/419ZafZG1AL.jpg, https://m.media-amazon.com/images/I/419ZafZG1AL.jpg",,,,,,,https://4anurse.com/?redirectAmzASIN=B0C4G16NBX&redirect_prodid=amz-B0C4G16NBX,,0,,,,,,"[gallery]
Your Under Eye Skincare Routine for Dark Circles - Eyes are {the first thing|the very first thing} people notice. Feel confident and look your best, refreshed, awake, youthful, and brightened by adding these blue under eyes patches into your {daily|day by day|day-to-day} self-care routine.
Soothing formula for refreshed-{looking|taking a look|having a look} eyes - Reduce puffiness, bags and swelling with these cooling under eye hydrating mask, and enjoy ""me-time"" {while|at the same time as|whilst|even as} reducing the visibility of fine lines, smoothing undereye wrinkles, and dry under eye skin. Achieve hydrated and tightened under eye skin with these eye masks for dark circles and puffiness.
Unique Formula - Unlike other under eye patches for puffy eyes , these are Vegan, Paraben and Sulfate-Free ingredients that are gentle on sensitive skin. Formulated with Niacinamide to {Illuminate|Remove darkness from|Light up} Dull Under Eyes. Eye patches for puffy eyes are simple {to use|to make use of} and provide eye depuffing instant results to under eye dark circles.
Cool Eye Depuffers for Women & Men as a Christmas Gift, Stocking Stuffer, Birthday Gift, Bachelorette Goodie Bag, and for Party Favors! 30 Day Feel-Good Policy, {if you're|if you are|in case you are} not 100% happy, just {let us know|tell us} and {we'll|we're going to|we will} make it right!
Loved by Millions - Used by Jessica Alba, Leona Lewis, Ayra Starr, and Emma Hernan from Selling Sunsets. {The perfect|The very best|The easiest} dark circles under eye mask for women who enjoy self-care gifts, vegan, and effective beauty.","[gallery]
Your Under Eye Skincare Routine for Dark Circles - Eyes are {the very first thing|the first thing} people notice. Feel confident and look your best, refreshed, awake, youthful, and brightened by adding these blue under eyes patches into your {day by day|day-to-day|daily} self-care routine.
Soothing formula for refreshed-{having a look|taking a look|looking} eyes - Reduce puffiness, bags and swelling with these cooling under eye hydrating mask, and enjoy ""me-time"" {whilst|even as|at the same time as|while} reducing the visibility of fine lines, smoothing undereye wrinkles, and dry under eye skin. Achieve hydrated and tightened under eye skin with these eye masks for dark circles and puffiness.
Unique Formula - Unlike other under eye patches for puffy eyes , these are Vegan, Paraben and Sulfate-Free ingredients that are gentle on sensitive skin. Formulated with Niacinamide to {Remove darkness from|Light up|Illuminate} Dull Under Eyes. Eye patches for puffy eyes are simple {to make use of|to use} and provide eye depuffing instant results to under eye dark circles.
Cool Eye Depuffers for Women & Men as a Christmas Gift, Stocking Stuffer, Birthday Gift, Bachelorette Goodie Bag, and for Party Favors! 30 Day Feel-Good Policy, {if you are|in case you are|if you're} not 100% happy, just {tell us|let us know} and {we're going to|we will|we'll} make it right!
Loved by Millions - Used by Jessica Alba, Leona Lewis, Ayra Starr, and Emma Hernan from Selling Sunsets. {The very best|The easiest|The perfect} dark circles under eye mask for women who enjoy self-care gifts, vegan, and effective beauty.","[gallery]
Your Under Eye Skincare Routine for Dark Circles - Eyes are the first thing people notice. Feel confident and look your best, refreshed, awake, youthful, and brightened by adding these blue under eyes patches into your daily self-care routine.
Soothing formula for refreshed-looking eyes - Reduce puffiness, bags and swelling with these cooling under eye hydrating mask, and enjoy ""me-time"" while reducing the visibility of fine lines, smoothing undereye wrinkles, and dry under eye skin. Achieve hydrated and tightened under eye skin with these eye masks for dark circles and puffiness.
Unique Formula - Unlike other under eye patches for puffy eyes , these are Vegan, Paraben and Sulfate-Free ingredients that are gentle on sensitive skin. Formulated with Niacinamide to Illuminate Dull Under Eyes. Eye patches for puffy eyes are simple to use and provide eye depuffing instant results to under eye dark circles.
Cool Eye Depuffers for Women & Men as a Christmas Gift, Stocking Stuffer, Birthday Gift, Bachelorette Goodie Bag, and for Party Favors! 30 Day Feel-Good Policy, if you're not 100% happy, just let us know and we'll make it right!
Loved by Millions - Used by Jessica Alba, Leona Lewis, Ayra Starr, and Emma Hernan from Selling Sunsets. The perfect dark circles under eye mask for women who enjoy self-care gifts, vegan, and effective beauty.",B0C4G16NBX,com,999999,amz-B0C4G16NBX,amazon,https://www.amazon.com/dp/B0C4G16NBX/,1747058121,0,0,1,181,0,181,,0,0,1778970612,invalid,10
918,external,,,"10 Pack Hand Cream for Dry Cracked Hands,Mothers Day Gifts,Teacher Appreciation Gifts,Nurses Week Gifts,Birthday Gifts for Women,Natural Plant Fragrance Mini Hand Lotion Moisturizing Hand Care Cream",1,0,visible,"10 PACK Hand Cream for Dry Cracked Hands:Shea Butter, Honey, Strawberry,Lavender, Coconut, Rose, Lemon, Tea Tree, Sweet Orange, Blueberry. Pick and choose your favorite scent based on your mood at the moment from our 10 natural fragrances\nNatural Hand Cream for Work:Natural plant ingredients, shea butter, sweet almond oil, aloe. This rich, deeply hydrating and moisturizing hand cream leaves hands smooth and rejuvenated. Leaves your hands hydrated and comfortable throughout the day\nFor All Skin Types:Natural vegetal extracts, non-greasy formula absorbs quickly and feels comfortable all day, works well for all skin type. Especially suitable for dry, water shortage, dry lines skin","[gallery]\n10 PACK Hand Cream for Dry Cracked Hands:Shea Butter, Honey, Strawberry,Lavender, Coconut, Rose, Lemon, Tea Tree, Sweet Orange, Blueberry. Pick and make a selection your favorite scent based on your mood these days from our 10 natural fragrances\nNatural Hand Cream for Work:Natural plant ingredients, shea butter, sweet almond oil, aloe. This rich, deeply hydrating and moisturizing hand cream leaves hands smooth and rejuvenated. Leaves your hands hydrated and comfortable all the way through the day\nFor All Skin Types:Natural vegetal extracts, non-greasy formula absorbs quickly and feels comfortable all day, works well for all skin type. Especially suitable for dry, water shortage, dry lines skin\nEasy To Carry:These are perfect when traveling because they don't take too much space and what's best is that you've got 10 fragrances to make a choice from. The size of the container is the most productive to take all over. The tubes are portable, making them easy to slot in your purse or bag\nThe Perfect Gift For Any Occasion:The ideal present for Christmas, Valentine's, Mother's Day, Birthdays and Anniversaries. A wonderful gift for yourself,parent or for a loved one",,,taxable,,1,,,0,0,,,,,1,,,9.99,"Beauty and Personal Care > Foot\, Hand and Nail Care > Foot and Hand Care > Hand Creams and Lotions",,,"https://m.media-amazon.com/images/I/51NfEv8S6NL.jpg, https://m.media-amazon.com/images/I/51NfEv8S6NL.jpg",,,,,,,https://4anurse.com/?redirectAmzASIN=B08CHBCGFL&redirect_prodid=amz-B08CHBCGFL,,0,,,,,,"[gallery]
10 PACK Hand Cream for Dry Cracked Hands:Shea Butter, Honey, Strawberry,Lavender, Coconut, Rose, Lemon, Tea Tree, Sweet Orange, Blueberry. Pick and {choose|make a selection|select|make a choice} your favorite scent based on your mood {at the moment|in this day and age|this present day|these days|nowadays|at the present time} from our 10 natural fragrances
Natural Hand Cream for Work:Natural plant ingredients, shea butter, sweet almond oil, aloe. This rich, deeply hydrating and moisturizing hand cream leaves hands smooth and rejuvenated. Leaves your hands hydrated and comfortable {throughout|all the way through|all through|right through|during|all over} the day
For All Skin Types:Natural vegetal extracts, non-greasy formula absorbs quickly and feels comfortable all day, works well for all skin type. Especially suitable for dry, water shortage, dry lines skin
Easy To Carry:These are perfect when traveling because {they do not|they don't} take too much space {and what is|and what's} best is {that you have|that you've got|that you've} 10 fragrances {to choose from|to make a choice from|to choose between}. The size of the container is {the best|the most productive|the most efficient} to take {everywhere|all over the place|all over|in all places|far and wide|in every single place}. The tubes are portable, making them easy {to fit in|to slot in} your purse or bag
The Perfect Gift For Any Occasion:The ideal present for Christmas, Valentine's, Mother's Day, Birthdays and Anniversaries. A wonderful gift for yourself,parent or for a loved one","[gallery]
10 PACK Hand Cream for Dry Cracked Hands:Shea Butter, Honey, Strawberry,Lavender, Coconut, Rose, Lemon, Tea Tree, Sweet Orange, Blueberry. Pick and {make a selection|make a choice|select|choose} your favorite scent based on your mood {these days|at the present time|this present day|in this day and age|nowadays|at the moment} from our 10 natural fragrances
Natural Hand Cream for Work:Natural plant ingredients, shea butter, sweet almond oil, aloe. This rich, deeply hydrating and moisturizing hand cream leaves hands smooth and rejuvenated. Leaves your hands hydrated and comfortable {all the way through|all over|all through|during|right through|throughout} the day
For All Skin Types:Natural vegetal extracts, non-greasy formula absorbs quickly and feels comfortable all day, works well for all skin type. Especially suitable for dry, water shortage, dry lines skin
Easy To Carry:These are perfect when traveling because {they don't|they do not} take too much space {and what's|and what is} best is {that you've got|that you've|that you have} 10 fragrances {to make a choice from|to choose between|to choose from}. The size of the container is {the most productive|the most efficient|the best} to take {all over|far and wide|in all places|all over the place|in every single place|everywhere}. The tubes are portable, making them easy {to slot in|to fit in} your purse or bag
The Perfect Gift For Any Occasion:The ideal present for Christmas, Valentine's, Mother's Day, Birthdays and Anniversaries. A wonderful gift for yourself,parent or for a loved one","[gallery]
10 PACK Hand Cream for Dry Cracked Hands:Shea Butter, Honey, Strawberry,Lavender, Coconut, Rose, Lemon, Tea Tree, Sweet Orange, Blueberry. Pick and choose your favorite scent based on your mood at the moment from our 10 natural fragrances
Natural Hand Cream for Work:Natural plant ingredients, shea butter, sweet almond oil, aloe. This rich, deeply hydrating and moisturizing hand cream leaves hands smooth and rejuvenated. Leaves your hands hydrated and comfortable throughout the day
For All Skin Types:Natural vegetal extracts, non-greasy formula absorbs quickly and feels comfortable all day, works well for all skin type. Especially suitable for dry, water shortage, dry lines skin
Easy To Carry:These are perfect when traveling because they do not take too much space and what is best is that you have 10 fragrances to choose from. The size of the container is the best to take everywhere. The tubes are portable, making them easy to fit in your purse or bag
The Perfect Gift For Any Occasion:The ideal present for Christmas, Valentine's, Mother's Day, Birthdays and Anniversaries. A wonderful gift for yourself,parent or for a loved one",B08CHBCGFL,com,999999,amz-B08CHBCGFL,amazon,https://www.amazon.com/dp/B08CHBCGFL/,1747058126,0,0,1,234,0,234,,0,0,1778970612,invalid,17
920,external,,,"6 Pack Copper Compression Socks for Women and Men Circulation-Best Support for Medical, Running,Nursing,Athletic",1,0,visible,"85% Nylon, 15% Polyester\nImported\nCOPPER COMPRESSION SOCKS-Copper fibers is a high performance materials,Copper is essential to your health,best copper embedded fibers pulls the electricity from your body to relieve your pain and allows you to heal.They keep your feet and legs fresh throughout the day by providing a mild squeezing action to support enhanced Increase circulation.These offers the most perfect settlement scheme for those who sit for long period during travel or at work or even while sleeping.","[gallery]\n85% Nylon, 15% Polyester\nImported\nCOPPER COMPRESSION SOCKS-Copper fibers is a high performance materials,Copper is essential to your health,best copper embedded fibers pulls the electricity from your body to relieve your pain and lets you heal.They keep your feet and legs fresh during the day by providing a mild squeezing action to toughen enhanced Increase circulation.These offers the most perfect settlement scheme for those who sit for long period throughout travel or at work or even at the same time as sleeping.\nGIVE LIFE TO YOUR LEGS! - More make stronger circulation means more Healthier legs and less pain+swelling.Our Graduated Compression Socks put pressure in just the right spots.Provides true graduated compression to toughen your legs,reduce fatigue,soreness,and prevent injuries at the same time.Progressive compression technology has been recognized by many users Our copper compression socks is self-care staples.Make you feel great-no matter where,no matter when,and no matter what you're up to!\nALL THIS IN A VALUE 6-PACK- Each pack includes 6 pairs of compression socks at an unbeatable price.Superlative compression hosiery does not have to be expensive-our brand provides quality comfort and toughen identical to the famous brands that cost two to three times more. Fashion look is matched with therapeutic compression.Making a decision on the assortment based on your style,age .Each bundle provide the top quality,performance and durability. Ensure the perfect fit.\nHIGH PERFORMANCE+YOU CAN WEAR IT EVERYDAY- We pride ourselves on comfort .Our products feature a unique copper-infused,breathable,moisture-Breathable high performance fabric maintains an optimal temperature and moisture for maximum level of comfort. Ensure your feet and legs remain cool in the heat,and warm in the cold.Comfortable wide top band prevents rolling,delivers 360-degree stretch for greater flexibility and durability,gives you compression without sacrificing comfort.\nGIFT IDEA & SATISFACTION GUARANTEED- What's more commendable is ...this is a very suitable compression socks for sharing,a variety of styles,suitable for all kinds of people,you'll be able to give them as a gift to your friends,families.It has universal applicability,no matter outside or inside,you'll be able to benefit enormously from our progressive compression technology.RISK free,if you don't seem to be happy with the purchase for any reasons,contact us for an exchange or refund with no questions asked.",,,taxable,,1,,,0,0,,,,,1,,,19.99,"Clothing\, Shoes and Jewelry > Women",,,"https://m.media-amazon.com/images/I/518ZU0hM4cL.jpg, https://m.media-amazon.com/images/I/518ZU0hM4cL.jpg",,,,,,,https://4anurse.com/?redirectAmzASIN=B082QTVPCM&redirect_prodid=amz-B082QTVPCM,,0,,,,,,"[gallery]
85% Nylon, 15% Polyester
Imported
COPPER COMPRESSION SOCKS-Copper fibers is a high performance materials,Copper is essential to your health,best copper embedded fibers pulls the electricity from your body to relieve your pain {and allows you to|and lets you} heal.They keep your feet and legs fresh {throughout|all the way through|all through|right through|during|all over} the day by providing a mild squeezing action to {support|give a boost to|beef up|strengthen|improve|enhance|reinforce|make stronger|fortify|toughen} enhanced Increase circulation.These offers the most perfect settlement scheme for those who sit for long period {during|all the way through|throughout|all through|right through|all over} travel or at work or even {while|at the same time as|whilst|even as} sleeping.
GIVE LIFE TO YOUR LEGS! - More {improve|give a boost to|beef up|strengthen|enhance|reinforce|make stronger|support|fortify|toughen} circulation means more Healthier legs and less pain+swelling.Our Graduated Compression Socks put pressure in just the right spots.Provides true graduated compression to {support|give a boost to|beef up|strengthen|improve|enhance|reinforce|make stronger|fortify|toughen} your legs,reduce fatigue,soreness,and prevent injuries at the same time.Progressive compression technology has been recognized by many users Our copper compression socks is self-care staples.Make you feel great-no matter where,no matter when,and no matter what you're up to!
ALL THIS IN A VALUE 6-PACK- Each pack includes 6 pairs of compression socks at an unbeatable price.Superlative compression hosiery does not have to be expensive-our brand provides quality comfort and {support|give a boost to|beef up|strengthen|improve|enhance|reinforce|make stronger|fortify|toughen} identical to the famous brands that cost two to three times more. Fashion look is matched with therapeutic compression.{You decide|You make a decision|Making a decision} on the assortment based on your style,age .Each bundle provide the {high quality|top of the range|prime quality|top quality},performance and durability. Ensure the perfect fit.
HIGH PERFORMANCE+YOU CAN WEAR IT EVERYDAY- We pride ourselves on comfort .Our products feature a unique copper-infused,breathable,moisture-Breathable high performance fabric maintains an optimal temperature and moisture for maximum level of comfort. Ensure your feet and legs remain cool in the heat,and warm in the cold.Comfortable wide top band prevents rolling,delivers 360-degree stretch for greater flexibility and durability,gives you compression without sacrificing comfort.
GIFT IDEA & SATISFACTION GUARANTEED- What's more commendable is ...this is a very suitable compression socks for sharing,a variety of styles,suitable for all kinds of people,{you can|you'll be able to|you'll} give them as a gift to your friends,families.It has universal applicability,no matter outside or inside,{you can|you'll be able to|you'll} benefit enormously from our progressive compression technology.RISK free,if you {are not|don't seem to be|aren't} happy with the purchase for any reasons,contact us for an exchange or refund with no questions asked.","[gallery]
85% Nylon, 15% Polyester
Imported
COPPER COMPRESSION SOCKS-Copper fibers is a high performance materials,Copper is essential to your health,best copper embedded fibers pulls the electricity from your body to relieve your pain {and lets you|and allows you to} heal.They keep your feet and legs fresh {during|all through|all the way through|right through|all over|throughout} the day by providing a mild squeezing action to {toughen|strengthen|give a boost to|make stronger|enhance|beef up|fortify|improve|reinforce|support} enhanced Increase circulation.These offers the most perfect settlement scheme for those who sit for long period {throughout|all through|all the way through|right through|all over|during} travel or at work or even {at the same time as|even as|whilst|while} sleeping.
GIVE LIFE TO YOUR LEGS! - More {make stronger|toughen|reinforce|strengthen|fortify|support|beef up|give a boost to|enhance|improve} circulation means more Healthier legs and less pain+swelling.Our Graduated Compression Socks put pressure in just the right spots.Provides true graduated compression to {toughen|strengthen|give a boost to|make stronger|enhance|beef up|fortify|improve|reinforce|support} your legs,reduce fatigue,soreness,and prevent injuries at the same time.Progressive compression technology has been recognized by many users Our copper compression socks is self-care staples.Make you feel great-no matter where,no matter when,and no matter what you're up to!
ALL THIS IN A VALUE 6-PACK- Each pack includes 6 pairs of compression socks at an unbeatable price.Superlative compression hosiery does not have to be expensive-our brand provides quality comfort and {toughen|strengthen|give a boost to|make stronger|enhance|beef up|fortify|improve|reinforce|support} identical to the famous brands that cost two to three times more. Fashion look is matched with therapeutic compression.{Making a decision|You make a decision|You decide} on the assortment based on your style,age .Each bundle provide the {top quality|top of the range|prime quality|high quality},performance and durability. Ensure the perfect fit.
HIGH PERFORMANCE+YOU CAN WEAR IT EVERYDAY- We pride ourselves on comfort .Our products feature a unique copper-infused,breathable,moisture-Breathable high performance fabric maintains an optimal temperature and moisture for maximum level of comfort. Ensure your feet and legs remain cool in the heat,and warm in the cold.Comfortable wide top band prevents rolling,delivers 360-degree stretch for greater flexibility and durability,gives you compression without sacrificing comfort.
GIFT IDEA & SATISFACTION GUARANTEED- What's more commendable is ...this is a very suitable compression socks for sharing,a variety of styles,suitable for all kinds of people,{you'll be able to|you'll|you can} give them as a gift to your friends,families.It has universal applicability,no matter outside or inside,{you'll be able to|you'll|you can} benefit enormously from our progressive compression technology.RISK free,if you {don't seem to be|aren't|are not} happy with the purchase for any reasons,contact us for an exchange or refund with no questions asked.","[gallery]
85% Nylon, 15% Polyester
Imported
COPPER COMPRESSION SOCKS-Copper fibers is a high performance materials,Copper is essential to your health,best copper embedded fibers pulls the electricity from your body to relieve your pain and allows you to heal.They keep your feet and legs fresh throughout the day by providing a mild squeezing action to support enhanced Increase circulation.These offers the most perfect settlement scheme for those who sit for long period during travel or at work or even while sleeping.
GIVE LIFE TO YOUR LEGS! - More improve circulation means more Healthier legs and less pain+swelling.Our Graduated Compression Socks put pressure in just the right spots.Provides true graduated compression to support your legs,reduce fatigue,soreness,and prevent injuries at the same time.Progressive compression technology has been recognized by many users Our copper compression socks is self-care staples.Make you feel great-no matter where,no matter when,and no matter what you're up to!
ALL THIS IN A VALUE 6-PACK- Each pack includes 6 pairs of compression socks at an unbeatable price.Superlative compression hosiery does not have to be expensive-our brand provides quality comfort and support identical to the famous brands that cost two to three times more. Fashion look is matched with therapeutic compression.You decide on the assortment based on your style,age .Each bundle provide the high quality,performance and durability. Ensure the perfect fit.
HIGH PERFORMANCE+YOU CAN WEAR IT EVERYDAY- We pride ourselves on comfort .Our products feature a unique copper-infused,breathable,moisture-Breathable high performance fabric maintains an optimal temperature and moisture for maximum level of comfort. Ensure your feet and legs remain cool in the heat,and warm in the cold.Comfortable wide top band prevents rolling,delivers 360-degree stretch for greater flexibility and durability,gives you compression without sacrificing comfort.
GIFT IDEA & SATISFACTION GUARANTEED- What's more commendable is ...this is a very suitable compression socks for sharing,a variety of styles,suitable for all kinds of people,you can give them as a gift to your friends,families.It has universal applicability,no matter outside or inside,you can benefit enormously from our progressive compression technology.RISK free,if you are not happy with the purchase for any reasons,contact us for an exchange or refund with no questions asked.",B082QTVPCM,com,999999,amz-B082QTVPCM,amazon,https://www.amazon.com/dp/B082QTVPCM/,1747058129,0,0,1,211,0,211,,0,0,1778970612,invalid,10
922,external,,,"8 Pack Mini Funny Nurse Sticky Notes Nursing Student Essentials School Gifts Stationary Sticky Notes Booklet Self Stick Pads for Hospital School Supplies",1,0,visible,"What's Included: the package includes a total of 8 packs of nurse sticky notes in 8 different styles, 30 sheets of each style, sufficient quantity is enough for you to use and you can also share them with your friends, family members, and more; Proper size can satisfy your variety of daily writing needs\nLovely Nurse Theme Design: the nurse sticky notes set is designed with eye catching and different print patterns, such as medicine kit, pills, etc., which can be pasted on any kind of item, easy to write and stick, applicable as a gift for nurse, doctor and so on\nWrite Smoothly and Fluently: constructed with quality paper material, these funny sticky notes for nurse are safe, sturdy, self adhesive, odorless, not easy to fall off or tear, and can serve you for a long time","[gallery]\nWhat's Included: the package includes a total of 8 packs of nurse sticky notes in 8 different styles, 30 sheets of each style, sufficient quantity is enough so that you can use and you'll also share them with your friends, members of the family, and more; Proper size can satisfy your variety of daily writing needs\nLovely Nurse Theme Design: the nurse sticky notes set is designed with eye catching and different print patterns, such as medicine kit, pills, and so forth., which will also be pasted on any kind of item, easy to write and stick, applicable as a gift for nurse, doctor and so forth\nWrite Smoothly and Fluently: constructed with quality paper material, these funny sticky notes for nurse are protected, sturdy, self adhesive, odorless, not easy to fall off or tear, and can serve you for a very long time\nSticky and Removable: coming with good adhesion, these post sticky notes are convenient for everyone to paste and remove, which will also be easily attached to smooth and flat surfaces such as textbooks, notebooks, refrigerators, walls, windows, doors, bulletin boards, and so forth.; Removal is also easy, no wish to worry about leaving residual glue\nRecord Information: the mini funny nurse sticky notes will also be applied to write memos, messages, notes, information, footnotes, to do lists, study plans, and so forth., suitable for schools, offices and homes; They may be able to also be applied as bookmarks or reminders to use",,,taxable,,1,,,0,0,,,,,1,,,13.99,"Office Products > Office and School Supplies > Paper > Notebooks and Writing Pads > Self-Stick Notes",,,"https://m.media-amazon.com/images/I/51zZUY5TdeL.jpg, https://m.media-amazon.com/images/I/51zZUY5TdeL.jpg",,,,,,,https://4anurse.com/?redirectAmzASIN=B09SB9Y5TM&redirect_prodid=amz-B09SB9Y5TM,,0,,,,,,"[gallery]
What's Included: the package includes a total of 8 packs of nurse sticky notes in 8 different styles, 30 sheets of each style, sufficient quantity is enough {for you to|so that you can} use and {you can|you'll be able to|you'll} also share them with your friends, {family members|members of the family}, and more; Proper size can satisfy your variety of daily writing needs
Lovely Nurse Theme Design: the nurse sticky notes set is designed with eye catching and different print patterns, such as medicine kit, pills, {etc|and so on|and so forth|and the like}., which {can be|can also be|may also be|will also be} pasted on any kind of item, easy to write and stick, applicable as a gift for nurse, doctor {and so on|and so forth}
Write Smoothly and Fluently: constructed with quality paper material, these funny sticky notes for nurse are {safe|protected|secure}, sturdy, self adhesive, odorless, not easy to fall off or tear, and can serve you {for a long time|for a very long time}
Sticky and Removable: coming with good adhesion, these post sticky notes are convenient for everyone to paste and remove, which {can be|can also be|may also be|will also be} easily attached to smooth and flat surfaces such as textbooks, notebooks, refrigerators, walls, windows, doors, bulletin boards, {etc|and so on|and so forth|and the like}.; Removal is also easy, no {need to|want to|wish to} worry about leaving residual glue
Record Information: the mini funny nurse sticky notes {can be|can also be|may also be|will also be} applied to write memos, messages, notes, information, footnotes, to do lists, study plans, {etc|and so on|and so forth|and the like}., suitable for schools, offices and homes; {They can|They may be able to|They are able to} also be applied as bookmarks or reminders to use","[gallery]
What's Included: the package includes a total of 8 packs of nurse sticky notes in 8 different styles, 30 sheets of each style, sufficient quantity is enough {so that you can|for you to} use and {you'll|you'll be able to|you can} also share them with your friends, {members of the family|family members}, and more; Proper size can satisfy your variety of daily writing needs
Lovely Nurse Theme Design: the nurse sticky notes set is designed with eye catching and different print patterns, such as medicine kit, pills, {and so forth|and so on|and the like|etc}., which {will also be|may also be|can also be|can be} pasted on any kind of item, easy to write and stick, applicable as a gift for nurse, doctor {and so forth|and so on}
Write Smoothly and Fluently: constructed with quality paper material, these funny sticky notes for nurse are {protected|secure|safe}, sturdy, self adhesive, odorless, not easy to fall off or tear, and can serve you {for a very long time|for a long time}
Sticky and Removable: coming with good adhesion, these post sticky notes are convenient for everyone to paste and remove, which {will also be|may also be|can also be|can be} easily attached to smooth and flat surfaces such as textbooks, notebooks, refrigerators, walls, windows, doors, bulletin boards, {and so forth|and so on|and the like|etc}.; Removal is also easy, no {wish to|want to|need to} worry about leaving residual glue
Record Information: the mini funny nurse sticky notes {will also be|may also be|can also be|can be} applied to write memos, messages, notes, information, footnotes, to do lists, study plans, {and so forth|and so on|and the like|etc}., suitable for schools, offices and homes; {They may be able to|They are able to|They can} also be applied as bookmarks or reminders to use","[gallery]
What's Included: the package includes a total of 8 packs of nurse sticky notes in 8 different styles, 30 sheets of each style, sufficient quantity is enough for you to use and you can also share them with your friends, family members, and more; Proper size can satisfy your variety of daily writing needs
Lovely Nurse Theme Design: the nurse sticky notes set is designed with eye catching and different print patterns, such as medicine kit, pills, etc., which can be pasted on any kind of item, easy to write and stick, applicable as a gift for nurse, doctor and so on
Write Smoothly and Fluently: constructed with quality paper material, these funny sticky notes for nurse are safe, sturdy, self adhesive, odorless, not easy to fall off or tear, and can serve you for a long time
Sticky and Removable: coming with good adhesion, these post sticky notes are convenient for everyone to paste and remove, which can be easily attached to smooth and flat surfaces such as textbooks, notebooks, refrigerators, walls, windows, doors, bulletin boards, etc.; Removal is also easy, no need to worry about leaving residual glue
Record Information: the mini funny nurse sticky notes can be applied to write memos, messages, notes, information, footnotes, to do lists, study plans, etc., suitable for schools, offices and homes; They can also be applied as bookmarks or reminders to use",B09SB9Y5TM,com,999999,amz-B09SB9Y5TM,amazon,https://www.amazon.com/dp/B09SB9Y5TM/,1747058133,0,0,1,244,0,244,,0,0,1778970612,invalid,14
924,external,,,"Thank You Gifts for Women Spa Thoughtful Unique Office Gift Mothers Day Gifts for Coworker Nurse Friends Men Boss Employee Secretary Hostess Teacher Mom Her Appreciation Gift Boxes Holiday Gift Basket",1,0,visible,"THOUGHTFUL THANK YOU GIFT BOX & PERSONALIZED MESSAGE - Our handmade gift set is beautifully designed. No need to repackage. Show your gratitude and appreciation with a perfect gift. PLEASE CHECK ""Add a gift receipt"" to add your free personalized message. Thanksgiving Gift Box,Valentines Day Gifts, Valentines Gifts for Women, Mother day gifts, mother s day gifts for mom, mother day gifts from daughter.\nAN UNFORGETTABLE UNBOXING - This Thank You for Being Awesome gift basket contains 7 gifts: a 10 oz insulated stainless steel coffee tumbler, a scented candle, bath salt ball, pure manual bath salt, a handmade bar soap, a soap bag and a thank you card\nGREAT THANK YOU GIFT IDEAS - Whether you're looking for appreciation gifts for best friend, sister, brother, wife, husband, girlfriend, boyfriend, coworker, boss, employee, dad, mom, daughter, son, teacher, coach mentor or nurse, the relaxing gift box is the best choice.","[gallery]\nTHOUGHTFUL THANK YOU GIFT BOX & PERSONALIZED MESSAGE - Our handmade gift set is beautifully designed. No wish to repackage. Show your gratitude and appreciation with a perfect gift. PLEASE CHECK ""Add a gift receipt"" so as to add your free personalized message. Thanksgiving Gift Box,Valentines Day Gifts, Valentines Gifts for Women, Mother day gifts, mother s day gifts for mom, mother day gifts from daughter.\nAN UNFORGETTABLE UNBOXING - This Thank You for Being Awesome gift basket comprises 7 gifts: a 10 oz insulated stainless steel coffee tumbler, a scented candle, bath salt ball, pure manual bath salt, a handmade bar soap, a soap bag and a thank you card\nGREAT THANK YOU GIFT IDEAS - Whether you're in search of appreciation gifts for best friend, sister, brother, wife, husband, girlfriend, boyfriend, coworker, boss, employee, dad, mom, daughter, son, teacher, coach mentor or nurse, the relaxing gift box is your only option.\nFITS FOR VARIOUS OCCASIONS - This can be a perfect gift choice for that any person special who has made a difference in your life. No matter on Valentines Day, Birthday, Valentines Day, Thanksgiving Day, Mother's Day, Father's Day, Teacher's Day, Wedding, Baby Shower, Bridal Shower, Leaving Work, Going Away or Congratulations. Great anniversary gift for her, anniversary gifts for him, gifts for men, cool gifts for dad, graduation gifts, teacher appreciation gifts, holiday gifts.\nINDIVIDUAL DESIGN - The coffee mug with the words ""THANK YOU FOR BEING AWESOME"" is constructed of stainless steel and double insulated design can keep your drinks warm for 2 hours and cold for 8 hours. Deal with could also be made of stainless steel, and the design is ergonomic so large or small hands are comfortable to hold. It's perfect for wine, coffee, tea, juice, beer and cocktails.",,,taxable,,1,,,0,0,,,,,1,,29.99,33.99,"Home and Kitchen > Kitchen and Dining > Dining and Entertaining > Glassware and Drinkware > Tumblers and Water Glasses",,,"https://m.media-amazon.com/images/I/419gs2IF9XL.jpg, https://m.media-amazon.com/images/I/419gs2IF9XL.jpg",,,,,,,https://4anurse.com/?redirectAmzASIN=B0BTCQ9HC1&redirect_prodid=amz-B0BTCQ9HC1,,0,,,,,,"[gallery]
THOUGHTFUL THANK YOU GIFT BOX & PERSONALIZED MESSAGE - Our handmade gift set is beautifully designed. No {need to|want to|wish to} repackage. Show your gratitude and appreciation with a perfect gift. PLEASE CHECK ""Add a gift receipt"" {to add|so as to add} your free personalized message. Thanksgiving Gift Box,Valentines Day Gifts, Valentines Gifts for Women, Mother day gifts, mother s day gifts for mom, mother day gifts from daughter.
AN UNFORGETTABLE UNBOXING - This Thank You for Being Awesome gift basket {contains|incorporates|accommodates|comprises} 7 gifts: a 10 oz insulated stainless steel coffee tumbler, a scented candle, bath salt ball, pure manual bath salt, a handmade bar soap, a soap bag and a thank you card
GREAT THANK YOU GIFT IDEAS - Whether you're {looking for|in search of|on the lookout for|searching for} appreciation gifts for best friend, sister, brother, wife, husband, girlfriend, boyfriend, coworker, boss, employee, dad, mom, daughter, son, teacher, coach mentor or nurse, the relaxing gift box is {the best choice|your best option|your only option|your best choice}.
FITS FOR VARIOUS OCCASIONS - {This is a|This can be a|It is a} perfect gift choice for that {someone|somebody|anyone|any person|any individual} special who has made a difference in your life. No matter on Valentines Day, Birthday, Valentines Day, Thanksgiving Day, Mother's Day, Father's Day, Teacher's Day, Wedding, Baby Shower, Bridal Shower, Leaving Work, Going Away or Congratulations. Great anniversary gift for her, anniversary gifts for him, gifts for men, cool gifts for dad, graduation gifts, teacher appreciation gifts, holiday gifts.
INDIVIDUAL DESIGN - The coffee mug with the words ""THANK YOU FOR BEING AWESOME"" is constructed of stainless steel and double insulated design can keep your drinks warm for 2 hours and cold for 8 hours. {Handle|Take care of|Care for|Deal with|Maintain} {is also|could also be|may be} made of stainless steel, and the design is ergonomic so large or small hands are comfortable to hold. {It is|It's} perfect for wine, coffee, tea, juice, beer and cocktails.","[gallery]
THOUGHTFUL THANK YOU GIFT BOX & PERSONALIZED MESSAGE - Our handmade gift set is beautifully designed. No {wish to|want to|need to} repackage. Show your gratitude and appreciation with a perfect gift. PLEASE CHECK ""Add a gift receipt"" {so as to add|to add} your free personalized message. Thanksgiving Gift Box,Valentines Day Gifts, Valentines Gifts for Women, Mother day gifts, mother s day gifts for mom, mother day gifts from daughter.
AN UNFORGETTABLE UNBOXING - This Thank You for Being Awesome gift basket {comprises|incorporates|accommodates|contains} 7 gifts: a 10 oz insulated stainless steel coffee tumbler, a scented candle, bath salt ball, pure manual bath salt, a handmade bar soap, a soap bag and a thank you card
GREAT THANK YOU GIFT IDEAS - Whether you're {in search of|on the lookout for|searching for|looking for} appreciation gifts for best friend, sister, brother, wife, husband, girlfriend, boyfriend, coworker, boss, employee, dad, mom, daughter, son, teacher, coach mentor or nurse, the relaxing gift box is {your only option|your best choice|your best option|the best choice}.
FITS FOR VARIOUS OCCASIONS - {This can be a|It is a|This is a} perfect gift choice for that {any person|anyone|somebody|any individual|someone} special who has made a difference in your life. No matter on Valentines Day, Birthday, Valentines Day, Thanksgiving Day, Mother's Day, Father's Day, Teacher's Day, Wedding, Baby Shower, Bridal Shower, Leaving Work, Going Away or Congratulations. Great anniversary gift for her, anniversary gifts for him, gifts for men, cool gifts for dad, graduation gifts, teacher appreciation gifts, holiday gifts.
INDIVIDUAL DESIGN - The coffee mug with the words ""THANK YOU FOR BEING AWESOME"" is constructed of stainless steel and double insulated design can keep your drinks warm for 2 hours and cold for 8 hours. {Deal with|Take care of|Maintain|Care for|Handle} {could also be|may be|is also} made of stainless steel, and the design is ergonomic so large or small hands are comfortable to hold. {It's|It is} perfect for wine, coffee, tea, juice, beer and cocktails.","[gallery]
THOUGHTFUL THANK YOU GIFT BOX & PERSONALIZED MESSAGE - Our handmade gift set is beautifully designed. No need to repackage. Show your gratitude and appreciation with a perfect gift. PLEASE CHECK ""Add a gift receipt"" to add your free personalized message. Thanksgiving Gift Box,Valentines Day Gifts, Valentines Gifts for Women, Mother day gifts, mother s day gifts for mom, mother day gifts from daughter.
AN UNFORGETTABLE UNBOXING - This Thank You for Being Awesome gift basket contains 7 gifts: a 10 oz insulated stainless steel coffee tumbler, a scented candle, bath salt ball, pure manual bath salt, a handmade bar soap, a soap bag and a thank you card
GREAT THANK YOU GIFT IDEAS - Whether you're looking for appreciation gifts for best friend, sister, brother, wife, husband, girlfriend, boyfriend, coworker, boss, employee, dad, mom, daughter, son, teacher, coach mentor or nurse, the relaxing gift box is the best choice.
FITS FOR VARIOUS OCCASIONS - This is a perfect gift choice for that someone special who has made a difference in your life. No matter on Valentines Day, Birthday, Valentines Day, Thanksgiving Day, Mother's Day, Father's Day, Teacher's Day, Wedding, Baby Shower, Bridal Shower, Leaving Work, Going Away or Congratulations. Great anniversary gift for her, anniversary gifts for him, gifts for men, cool gifts for dad, graduation gifts, teacher appreciation gifts, holiday gifts.
INDIVIDUAL DESIGN - The coffee mug with the words ""THANK YOU FOR BEING AWESOME"" is constructed of stainless steel and double insulated design can keep your drinks warm for 2 hours and cold for 8 hours. Handle is also made of stainless steel, and the design is ergonomic so large or small hands are comfortable to hold. It is perfect for wine, coffee, tea, juice, beer and cocktails.",B0BTCQ9HC1,com,999999,amz-B0BTCQ9HC1,amazon,https://www.amazon.com/dp/B0BTCQ9HC1/,1747058135,0,0,1,200,0,200,,0,0,1778970612,invalid,9
926,external,,,"Burt's Bees Gifts Ideas - Hand Repair Set, 3 Hand Creams plus Gloves - Almond Milk, Lemon Butter Cuticle Cream, Shea Butter Repair",1,0,visible,"GIFTS FOR HER: Pamper someone you love with this giftable hand spa kit including Almond Milk Hand Cream, Shea Butter Hand Repair Cream and Lemon Butter Cuticle Cream, plus 1 pair of cotton gloves\nHAND CREAM: These two ultra-rich moisturizing Burt's Bees Hand Creams repair tough, dried out skin from the harsh winter months\nCUTICLE CREAM: Burt's Bees Cuticle Cream revitalizes torn, rough cuticles to moisturize and sooth hangnails for soft, smooth hands","[gallery]\n<!-- show up to 2 reviews by default --> <p> <span>Get the spa remedy at home with Burts Bees Hand Repair Gift Set which contains 3 favorites that pamper dry hands. Lemon Butter Cuticle Cream softens cuticles and nourishes nails, Almond and Milk Hand Cream hydrates skin, and Shea Butter Hand Repair Cream hydrates dry hands with luxurious botanical butters. Plus, a pair of cotton gloves is included to hold in these moisture wealthy products. This Burts Bees gift set is the easiest birthday or holiday present for any individual for your list. Sweet packaging is designed to be gift in a position so you'll skip the wrapping. Give the gift of nourishment with Burts Bees skin care</span> </p>\nGIFTS FOR HER: Pamper anyone you love with this giftable hand spa kit including Almond Milk Hand Cream, Shea Butter Hand Repair Cream and Lemon Butter Cuticle Cream, plus 1 pair of cotton gloves\nHAND CREAM: These two ultra-wealthy moisturizing Burt's Bees Hand Creams repair tough, dried out skin from the harsh winter months\nCUTICLE CREAM: Burt's Bees Cuticle Cream revitalizes torn, rough cuticles to moisturize and sooth hangnails for soft, smooth hands\nCLEAN INGREDIENTS: Made with clean ingredients, these Burt's Bees hand products are formulated with sweet almond oil, Vitamin E, Aloe Vera and botanical oils\nBURTS BEES GIFT SET: This gift set includes 3 moisturizing hand products and one pair of cotton gloves in a giftable organza pouch perfect for stocking stuffers all the way through the holidays or for the beauty enthusiast",,,taxable,,1,,,0,0,,,,,1,,,14.99,"Beauty and Personal Care > Foot\, Hand and Nail Care > Foot and Hand Care > Hand Creams and Lotions",,,"https://m.media-amazon.com/images/I/417zUZxAxlL.jpg, https://m.media-amazon.com/images/I/417zUZxAxlL.jpg",,,,,,,https://4anurse.com/?redirectAmzASIN=B0009F3R7E&redirect_prodid=amz-B0009F3R7E,,0,,,,,,"[gallery]
<!-- show up to 2 reviews by default --> <p> <span>Get the spa {treatment|remedy} at home with Burts Bees Hand Repair Gift Set {which includes|which incorporates|which contains} 3 favorites that pamper dry hands. Lemon Butter Cuticle Cream softens cuticles and nourishes nails, Almond and Milk Hand Cream hydrates skin, and Shea Butter Hand Repair Cream hydrates dry hands with luxurious botanical butters. Plus, a pair of cotton gloves is included to hold in these moisture {rich|wealthy} products. This Burts Bees gift set is {the perfect|the very best|the easiest} birthday or holiday present for {anyone|somebody|someone|any person|any individual} {on your|for your|in your|to your} list. Sweet packaging is designed to be gift {ready|in a position|able} so {you can|you'll be able to|you'll} skip the wrapping. Give the gift of nourishment with Burts Bees skin care</span> </p>
GIFTS FOR HER: Pamper {someone|somebody|anyone|any person|any individual} you love with this giftable hand spa kit including Almond Milk Hand Cream, Shea Butter Hand Repair Cream and Lemon Butter Cuticle Cream, plus 1 pair of cotton gloves
HAND CREAM: These two ultra-{rich|wealthy} moisturizing Burt's Bees Hand Creams repair tough, dried out skin from the harsh winter months
CUTICLE CREAM: Burt's Bees Cuticle Cream revitalizes torn, rough cuticles to moisturize and sooth hangnails for soft, smooth hands
CLEAN INGREDIENTS: Made with clean ingredients, these Burt's Bees hand products are formulated with sweet almond oil, Vitamin E, Aloe Vera and botanical oils
BURTS BEES GIFT SET: This gift set includes 3 moisturizing hand products and one pair of cotton gloves in a giftable organza pouch perfect for stocking stuffers {during|all the way through|throughout|all through|right through|all over} the holidays or for the beauty enthusiast","[gallery]
<!-- show up to 2 reviews by default --> <p> <span>Get the spa {remedy|treatment} at home with Burts Bees Hand Repair Gift Set {which contains|which incorporates|which includes} 3 favorites that pamper dry hands. Lemon Butter Cuticle Cream softens cuticles and nourishes nails, Almond and Milk Hand Cream hydrates skin, and Shea Butter Hand Repair Cream hydrates dry hands with luxurious botanical butters. Plus, a pair of cotton gloves is included to hold in these moisture {wealthy|rich} products. This Burts Bees gift set is {the easiest|the very best|the perfect} birthday or holiday present for {any individual|any person|somebody|someone|anyone} {for your|in your|to your|on your} list. Sweet packaging is designed to be gift {in a position|able|ready} so {you'll|you'll be able to|you can} skip the wrapping. Give the gift of nourishment with Burts Bees skin care</span> </p>
GIFTS FOR HER: Pamper {anyone|any person|somebody|any individual|someone} you love with this giftable hand spa kit including Almond Milk Hand Cream, Shea Butter Hand Repair Cream and Lemon Butter Cuticle Cream, plus 1 pair of cotton gloves
HAND CREAM: These two ultra-{wealthy|rich} moisturizing Burt's Bees Hand Creams repair tough, dried out skin from the harsh winter months
CUTICLE CREAM: Burt's Bees Cuticle Cream revitalizes torn, rough cuticles to moisturize and sooth hangnails for soft, smooth hands
CLEAN INGREDIENTS: Made with clean ingredients, these Burt's Bees hand products are formulated with sweet almond oil, Vitamin E, Aloe Vera and botanical oils
BURTS BEES GIFT SET: This gift set includes 3 moisturizing hand products and one pair of cotton gloves in a giftable organza pouch perfect for stocking stuffers {all the way through|all through|right through|throughout|all over|during} the holidays or for the beauty enthusiast","[gallery]
<!-- show up to 2 reviews by default --> <p> <span>Get the spa treatment at home with Burts Bees Hand Repair Gift Set which includes 3 favorites that pamper dry hands. Lemon Butter Cuticle Cream softens cuticles and nourishes nails, Almond and Milk Hand Cream hydrates skin, and Shea Butter Hand Repair Cream hydrates dry hands with luxurious botanical butters. Plus, a pair of cotton gloves is included to hold in these moisture rich products. This Burts Bees gift set is the perfect birthday or holiday present for anyone on your list. Sweet packaging is designed to be gift ready so you can skip the wrapping. Give the gift of nourishment with Burts Bees skin care</span> </p>
GIFTS FOR HER: Pamper someone you love with this giftable hand spa kit including Almond Milk Hand Cream, Shea Butter Hand Repair Cream and Lemon Butter Cuticle Cream, plus 1 pair of cotton gloves
HAND CREAM: These two ultra-rich moisturizing Burt's Bees Hand Creams repair tough, dried out skin from the harsh winter months
CUTICLE CREAM: Burt's Bees Cuticle Cream revitalizes torn, rough cuticles to moisturize and sooth hangnails for soft, smooth hands
CLEAN INGREDIENTS: Made with clean ingredients, these Burt's Bees hand products are formulated with sweet almond oil, Vitamin E, Aloe Vera and botanical oils
BURTS BEES GIFT SET: This gift set includes 3 moisturizing hand products and one pair of cotton gloves in a giftable organza pouch perfect for stocking stuffers during the holidays or for the beauty enthusiast",B0009F3R7E,com,999999,amz-B0009F3R7E,amazon,https://www.amazon.com/dp/B0009F3R7E/,1747058139,0,0,1,232,0,232,,0,0,1778970612,invalid,20
927,external,,,"Nurse Keychain Gifts - Medical & Doctor Graduation Gifts for Women, Teachers & Thanksgiving",1,0,visible,,"[gallery]\n<!-- show up to 2 reviews by default -->",,,taxable,,1,,,0,0,,,,,1,,,6.99,"Clothing\, Shoes and Jewelry > Women",,,"https://m.media-amazon.com/images/I/41iS8M4lbdL.jpg, https://m.media-amazon.com/images/I/41iS8M4lbdL.jpg",,,,,,,https://4anurse.com/?redirectAmzASIN=B0BLGWPQRX&redirect_prodid=amz-B0BLGWPQRX,,0,,,,,,"[gallery]
<!-- show up to 2 reviews by default -->","[gallery]
<!-- show up to 2 reviews by default -->","[gallery]
<!-- show up to 2 reviews by default -->",B0BLGWPQRX,com,999999,amz-B0BLGWPQRX,amazon,https://www.amazon.com/dp/B0BLGWPQRX/,1747058141,0,0,1,258,0,258,,0,0,1778970612,invalid,17
930,external,,,"Swig Life 30oz Mega Mug, 30 oz Tumbler with Handle and Straw, Cup Holder Friendly, Dishwasher Safe, Extra Large Insulated Tumbler, Nurse Gifts for Women (Scrub Life)",1,0,visible,"30OZ TUMBLER WITH HANDLE AND STRAW keeps cold drinks cold for 24 hours and hot drinks hot for 3 hours with Swig Life's triple insulated, copper-plated, stainless steel cups. Large travel mug holds up to 30oz of your favorite beverages.\nCUP HOLDER FRIENDLY 30 oz tumbler fits most standard size cup holders. With a comfortable handle, this extra large travel mug is easy to carry and perfect for use as an everyday insulated water bottle. Perfect nurse accessories for work, nurse gifts, and nurse essentials.\nHIGH QUALITY INSULATED CUP keeps your drinks at the perfect temperature all day long. The large opening allows ice to fit with ease, and the splash resistant, removable slider lid lets you choose how you want to sip.","[gallery]\n30OZ TUMBLER WITH HANDLE AND STRAW keeps cold drinks cold for 24 hours and hot drinks hot for 3 hours with Swig Life's triple insulated, copper-plated, stainless steel cups. Large trip mug holds up to 30oz of your favorite beverages.\nCUP HOLDER FRIENDLY 30 oz tumbler fits most standard size cup holders. With a comfortable maintain, this extra large trip mug is easy to carry and perfect to be used as an on a regular basis insulated water bottle. Perfect nurse accessories for work, nurse gifts, and nurse essentials.\nHIGH QUALITY INSULATED CUP keeps your drinks at the perfect temperature all day long. The large opening allows ice to fit with ease, and the splash resistant, removable slider lid allows you to choose how you wish to have to sip.\nHANDLED TUMBLER WITH STRAW for an easy sipping experience. Includes a BPA Free extra large cup lid, a reusable straw with a silicone flexi-tip, and a built-in silicone coaster base that prevents slips, drips, and scratches. Dishwasher protected.\nVARIETY OF COLORS AND PRINTS to make a choice from makes the Swig Life range of cups, trip mugs, tumblers, and water bottles the best unique drinkware you can find. We also offer a lot of bags, coolers, straws, straw toppers, and other water bottle accessories to style your Swig.\nSCRUB LIFE PRINT makes a great nurse gift, doctor gift, or PA gift! Show your superhero some appreciation with this heartfelt Scrub Life design featuring bandaids, stethoscopes, pills, and more.",,,taxable,,1,,,0,0,,,,,1,,,44.95,"Home and Kitchen > Kitchen and Dining > Storage and Organization > Thermoses",,,"https://m.media-amazon.com/images/I/41xIorNrG4L.jpg, https://m.media-amazon.com/images/I/41xIorNrG4L.jpg",,,,,,,https://4anurse.com/?redirectAmzASIN=B0DQ9C18XL&redirect_prodid=amz-B0DQ9C18XL,,0,,,,,,"[gallery]
30OZ TUMBLER WITH HANDLE AND STRAW keeps cold drinks cold for 24 hours and hot drinks hot for 3 hours with Swig Life's triple insulated, copper-plated, stainless steel cups. Large {travel|go back and forth|commute|trip|shuttle} mug holds up to 30oz of your favorite beverages.
CUP HOLDER FRIENDLY 30 oz tumbler fits most standard size cup holders. With a comfortable {handle|take care of|care for|deal with|maintain}, this extra large {travel|go back and forth|commute|trip|shuttle} mug is easy to carry and perfect {for use|to be used} as an {everyday|on a regular basis} insulated water bottle. Perfect nurse accessories for work, nurse gifts, and nurse essentials.
HIGH QUALITY INSULATED CUP keeps your drinks at the perfect temperature all day long. The large opening allows ice to fit with ease, and the splash resistant, removable slider lid {lets you|allows you to|permits you to|means that you can} choose how {you want|you wish to have|you need} to sip.
HANDLED TUMBLER WITH STRAW for an easy sipping experience. Includes a BPA Free extra large cup lid, a reusable straw with a silicone flexi-tip, and a built-in silicone coaster base that prevents slips, drips, and scratches. Dishwasher {safe|protected|secure}.
VARIETY OF COLORS AND PRINTS {to choose from|to make a choice from|to choose between} makes the Swig Life range of cups, {travel|go back and forth|commute|trip|shuttle} mugs, tumblers, and water bottles the best unique drinkware {you'll|you'll be able to|you can} find. We also offer {a variety of|a number of|numerous|quite a few|various|quite a lot of|a lot of|plenty of} bags, coolers, straws, straw toppers, and other water bottle accessories to style your Swig.
SCRUB LIFE PRINT makes a great nurse gift, doctor gift, or PA gift! Show your superhero some appreciation with this heartfelt Scrub Life design featuring bandaids, stethoscopes, pills, and more.","[gallery]
30OZ TUMBLER WITH HANDLE AND STRAW keeps cold drinks cold for 24 hours and hot drinks hot for 3 hours with Swig Life's triple insulated, copper-plated, stainless steel cups. Large {trip|go back and forth|shuttle|commute|travel} mug holds up to 30oz of your favorite beverages.
CUP HOLDER FRIENDLY 30 oz tumbler fits most standard size cup holders. With a comfortable {maintain|care for|take care of|deal with|handle}, this extra large {trip|go back and forth|shuttle|commute|travel} mug is easy to carry and perfect {to be used|for use} as an {on a regular basis|everyday} insulated water bottle. Perfect nurse accessories for work, nurse gifts, and nurse essentials.
HIGH QUALITY INSULATED CUP keeps your drinks at the perfect temperature all day long. The large opening allows ice to fit with ease, and the splash resistant, removable slider lid {allows you to|means that you can|permits you to|lets you} choose how {you wish to have|you need|you want} to sip.
HANDLED TUMBLER WITH STRAW for an easy sipping experience. Includes a BPA Free extra large cup lid, a reusable straw with a silicone flexi-tip, and a built-in silicone coaster base that prevents slips, drips, and scratches. Dishwasher {protected|secure|safe}.
VARIETY OF COLORS AND PRINTS {to make a choice from|to choose between|to choose from} makes the Swig Life range of cups, {trip|go back and forth|shuttle|commute|travel} mugs, tumblers, and water bottles the best unique drinkware {you can|you'll be able to|you'll} find. We also offer {a lot of|plenty of|various|a number of|quite a few|numerous|quite a lot of|a variety of} bags, coolers, straws, straw toppers, and other water bottle accessories to style your Swig.
SCRUB LIFE PRINT makes a great nurse gift, doctor gift, or PA gift! Show your superhero some appreciation with this heartfelt Scrub Life design featuring bandaids, stethoscopes, pills, and more.","[gallery]
30OZ TUMBLER WITH HANDLE AND STRAW keeps cold drinks cold for 24 hours and hot drinks hot for 3 hours with Swig Life's triple insulated, copper-plated, stainless steel cups. Large travel mug holds up to 30oz of your favorite beverages.
CUP HOLDER FRIENDLY 30 oz tumbler fits most standard size cup holders. With a comfortable handle, this extra large travel mug is easy to carry and perfect for use as an everyday insulated water bottle. Perfect nurse accessories for work, nurse gifts, and nurse essentials.
HIGH QUALITY INSULATED CUP keeps your drinks at the perfect temperature all day long. The large opening allows ice to fit with ease, and the splash resistant, removable slider lid lets you choose how you want to sip.
HANDLED TUMBLER WITH STRAW for an easy sipping experience. Includes a BPA Free extra large cup lid, a reusable straw with a silicone flexi-tip, and a built-in silicone coaster base that prevents slips, drips, and scratches. Dishwasher safe.
VARIETY OF COLORS AND PRINTS to choose from makes the Swig Life range of cups, travel mugs, tumblers, and water bottles the best unique drinkware you'll find. We also offer a variety of bags, coolers, straws, straw toppers, and other water bottle accessories to style your Swig.
SCRUB LIFE PRINT makes a great nurse gift, doctor gift, or PA gift! Show your superhero some appreciation with this heartfelt Scrub Life design featuring bandaids, stethoscopes, pills, and more.",B0DQ9C18XL,com,999999,amz-B0DQ9C18XL,amazon,https://www.amazon.com/dp/B0DQ9C18XL/,1747058146,0,0,1,225,0,225,,0,0,1778970612,invalid,14
932,external,,,"LOVEVOOK Laptop Backpack for Women, 15.6 Inch Work Business Backpacks Purse with USB Port, Large Capacity Nurse Bag College Bookbag for School, Waterproof Casual Daypack for Travel",1,0,visible,"【Large Capacity Work Backpack】LOVEVOOK backpack purse for women uses a rectangular frame opening design to maintain large capacity and facilitate your quick access.\n【Multi-Compartment Laptop backpack】 Laptop backpack has a total of 5 compartments and 19 pockets, which are convenient for your organization and storage.\n【Dimension】Contains a separate computer compartment that can accommodate 15.6 inches and an iPad slot that can accommodate up to 12.9 inches.","[gallery]\n【Large Capacity Work Backpack】LOVEVOOK backpack purse for women uses a rectangular frame opening design to take care of large capacity and facilitate your quick get entry to.\n【Multi-Compartment Laptop backpack】 Laptop backpack has a total of 5 compartments and 19 pockets, that are convenient on your organization and storage.\n【Dimension】Accommodates a separate computer compartment that may accommodate 15.6 inches and an iPad slot that may accommodate as much as 12.9 inches.\n【Anti-Theft Pocket】Luggage strap permits you to easily fix your backpack at the trolley case. The anti-theft pocket at the back makes your valuables safer and your go back and forth easier.\n【Comfy & Sturdy】The shoulder belt and back are equipped with high-quality foam pads, that are breathable and pressure reducing. The large capacity and elastic side pockets can hold about 42 oz water cups.",,,taxable,,1,,,0,0,,,,,1,,25.48,49.98,"Electronics > Computers and Accessories > Laptop Accessories",,,"https://m.media-amazon.com/images/I/41mpEhrvcrL.jpg, https://m.media-amazon.com/images/I/41mpEhrvcrL.jpg",,,,,,,https://4anurse.com/?redirectAmzASIN=B0BPX6DNRG&redirect_prodid=amz-B0BPX6DNRG,,0,,,,,,"[gallery]
【Large Capacity Work Backpack】LOVEVOOK backpack purse for women uses a rectangular frame opening design to {maintain|take care of|care for|deal with|handle} large capacity and facilitate your quick {access|get entry to|get right of entry to|get admission to}.
【Multi-Compartment Laptop backpack】 Laptop backpack has a total of 5 compartments and 19 pockets, {which are|that are|which might be|which can be} convenient {for your|on your|in your|to your} organization and storage.
【Dimension】{Contains|Incorporates|Accommodates|Comprises} a separate computer compartment {that can|that may} accommodate 15.6 inches and an iPad slot {that can|that may} accommodate {up to|as much as} 12.9 inches.
【Anti-Theft Pocket】Luggage strap {allows you to|permits you to|lets you|means that you can} easily fix your backpack {on the|at the} trolley case. The anti-theft pocket {on the|at the} back makes your valuables safer and your {travel|go back and forth|commute|trip|shuttle} easier.
【Comfy & Sturdy】The shoulder belt and back are equipped with high-quality foam pads, {which are|that are|which might be|which can be} breathable and pressure reducing. The large capacity and elastic side pockets can hold about 42 oz water cups.","[gallery]
【Large Capacity Work Backpack】LOVEVOOK backpack purse for women uses a rectangular frame opening design to {take care of|handle|care for|deal with|maintain} large capacity and facilitate your quick {get entry to|get right of entry to|get admission to|access}.
【Multi-Compartment Laptop backpack】 Laptop backpack has a total of 5 compartments and 19 pockets, {that are|which can be|which might be|which are} convenient {on your|in your|to your|for your} organization and storage.
【Dimension】{Accommodates|Comprises|Incorporates|Contains} a separate computer compartment {that may|that can} accommodate 15.6 inches and an iPad slot {that may|that can} accommodate {as much as|up to} 12.9 inches.
【Anti-Theft Pocket】Luggage strap {permits you to|lets you|means that you can|allows you to} easily fix your backpack {at the|on the} trolley case. The anti-theft pocket {at the|on the} back makes your valuables safer and your {go back and forth|commute|shuttle|trip|travel} easier.
【Comfy & Sturdy】The shoulder belt and back are equipped with high-quality foam pads, {that are|which can be|which might be|which are} breathable and pressure reducing. The large capacity and elastic side pockets can hold about 42 oz water cups.","[gallery]
【Large Capacity Work Backpack】LOVEVOOK backpack purse for women uses a rectangular frame opening design to maintain large capacity and facilitate your quick access.
【Multi-Compartment Laptop backpack】 Laptop backpack has a total of 5 compartments and 19 pockets, which are convenient for your organization and storage.
【Dimension】Contains a separate computer compartment that can accommodate 15.6 inches and an iPad slot that can accommodate up to 12.9 inches.
【Anti-Theft Pocket】Luggage strap allows you to easily fix your backpack on the trolley case. The anti-theft pocket on the back makes your valuables safer and your travel easier.
【Comfy & Sturdy】The shoulder belt and back are equipped with high-quality foam pads, which are breathable and pressure reducing. The large capacity and elastic side pockets can hold about 42 oz water cups.",B0BPX6DNRG,com,999999,amz-B0BPX6DNRG,amazon,https://www.amazon.com/dp/B0BPX6DNRG/,1747058151,0,0,1,216,0,216,,0,0,1778970612,invalid,15
934,external,,,"SANDJEST Nurse Gift Tumbler 40oz with Handle and Straw – Nutrition Facts Insulated Stainless Steel Travel Coffee Mug for Nursing Friends - Gifts for Nurse Week, Appreciation, Birthday, Christmas",1,0,visible,"Please note: The final product may vary slightly in appearance from the images displayed due to differences in computer monitors or mobile color displays\nHydration in style: our 40 ounce slider tumbler with handle is big enough to conquer your thirst while adding a stylish touch to your daily routine; plus the practicality of the tumbler makes excellent gift option for cherished ones\nSavor every sip: Our double-walled stainless steel tumbler locks in flavor and temperature, keeping your drinks refreshingly cold or delightfully hot. With a generous 40-ounce capacity, enjoy extended taste without constant refill","[gallery]\nPlease note: The final product may vary reasonably in appearance from the images displayed because of differences in computer monitors or mobile color displays\nHydration in style: our 40 ounce slider tumbler with deal with is big enough to overcome your thirst at the same time as adding a stylish touch on your day-to-day routine; plus the practicality of the tumbler makes excellent gift option for cherished ones\nSavor each and every sip: Our double-walled stainless steel tumbler locks in flavor and temperature, keeping your drinks refreshingly cold or delightfully hot. With a generous 40-ounce capacity, enjoy extended taste without constant refill\nYour perfect companion: The tumbler's comfortable deal with makes it effortless to carry, whether you're at home, work, the gym, or for your favorite adventure\nWorthwhile gift to all: with many designs to choose between, you'll be able to easily find a tumbler that suits your taste or your love ones' taste; as for cleaning, we highly recommend washing the tumbler by hands",,,taxable,,1,,,0,0,,,,,1,,19.95,24.95,"Home and Kitchen > Kitchen and Dining > Dining and Entertaining > Glassware and Drinkware > Tumblers and Water Glasses",,,"https://m.media-amazon.com/images/I/41lgfn2koxL.jpg, https://m.media-amazon.com/images/I/41lgfn2koxL.jpg",,,,,,,https://4anurse.com/?redirectAmzASIN=B0DQXR3PJ1&redirect_prodid=amz-B0DQXR3PJ1,,0,,,,,,"[gallery]
Please note: The final product may vary {slightly|rather|quite|somewhat|fairly|relatively|moderately|reasonably} in appearance from the images displayed {due to|as a result of|because of} differences in computer monitors or mobile color displays
Hydration in style: our 40 ounce slider tumbler with {handle|take care of|care for|deal with|maintain} is big enough {to conquer|to triumph over|to overcome} your thirst {while|at the same time as|whilst|even as} adding a stylish touch {to your|for your|on your|in your} {daily|day by day|day-to-day} routine; plus the practicality of the tumbler makes excellent gift option for cherished ones
Savor {every|each and every|each} sip: Our double-walled stainless steel tumbler locks in flavor and temperature, keeping your drinks refreshingly cold or delightfully hot. With a generous 40-ounce capacity, enjoy extended taste without constant refill
Your perfect companion: The tumbler's comfortable {handle|take care of|care for|deal with|maintain} makes it effortless to carry, whether you're at home, work, the gym, or {on your|for your|in your|to your} favorite adventure
Worthwhile gift to all: with many designs {to choose from|to make a choice from|to choose between}, {you can|you'll be able to|you'll} easily find a tumbler that suits your taste or your love ones' taste; as for cleaning, we highly recommend washing the tumbler by hands","[gallery]
Please note: The final product may vary {reasonably|quite|rather|moderately|somewhat|fairly|relatively|slightly} in appearance from the images displayed {because of|as a result of|due to} differences in computer monitors or mobile color displays
Hydration in style: our 40 ounce slider tumbler with {deal with|maintain|care for|take care of|handle} is big enough {to overcome|to triumph over|to conquer} your thirst {at the same time as|whilst|even as|while} adding a stylish touch {on your|in your|for your|to your} {day-to-day|day by day|daily} routine; plus the practicality of the tumbler makes excellent gift option for cherished ones
Savor {each and every|each|every} sip: Our double-walled stainless steel tumbler locks in flavor and temperature, keeping your drinks refreshingly cold or delightfully hot. With a generous 40-ounce capacity, enjoy extended taste without constant refill
Your perfect companion: The tumbler's comfortable {deal with|maintain|care for|take care of|handle} makes it effortless to carry, whether you're at home, work, the gym, or {for your|in your|to your|on your} favorite adventure
Worthwhile gift to all: with many designs {to choose between|to make a choice from|to choose from}, {you'll be able to|you'll|you can} easily find a tumbler that suits your taste or your love ones' taste; as for cleaning, we highly recommend washing the tumbler by hands","[gallery]
Please note: The final product may vary slightly in appearance from the images displayed due to differences in computer monitors or mobile color displays
Hydration in style: our 40 ounce slider tumbler with handle is big enough to conquer your thirst while adding a stylish touch to your daily routine; plus the practicality of the tumbler makes excellent gift option for cherished ones
Savor every sip: Our double-walled stainless steel tumbler locks in flavor and temperature, keeping your drinks refreshingly cold or delightfully hot. With a generous 40-ounce capacity, enjoy extended taste without constant refill
Your perfect companion: The tumbler's comfortable handle makes it effortless to carry, whether you're at home, work, the gym, or on your favorite adventure
Worthwhile gift to all: with many designs to choose from, you can easily find a tumbler that suits your taste or your love ones' taste; as for cleaning, we highly recommend washing the tumbler by hands",B0DQXR3PJ1,com,999999,amz-B0DQXR3PJ1,amazon,https://www.amazon.com/dp/B0DQXR3PJ1/,1747058156,0,0,1,227,0,227,,0,0,1778970612,invalid,20
936,external,,,"Nurse Week Gifts for Women - Empowering Scented Candle for Nurses; Appreciation Gift for RN Registered Nurses LPN, Nursing School Graduation Presents, Female Nurse Gifts for Mothers Day ; Nurse Candle",1,0,visible,"Thoughtful Nurse Gift - Show appreciation with this perfect nurse gift; ideal for nurse gifts, appreciation presents, or special occasions; this lavender vanilla scented candle is an amazing nurse gift for women, from a patient, son, daughter, or friend; whether it's a nurse graduation gift, nurse practitioner gift, or simply as a nursing student gifts, these thoughtful gifts for nurses will express gratitude; excellent for registered nurses, hospice nurses, or nursing students\nSoothing Lavender Vanilla Candle for Nurses - Infused with calming lavender and vanilla essential oils, this candle helps nurses unwind after long shifts; a great addition to nurse accessories for work or home; it’s a perfect appreciation gift for nurses, whether they are RN nurses, LPN nurses, or nursing students; makes a fantastic gift for nurse practitioners, school nurses, or even funny nurse gifts for women; perfect for graduation or as part of nurse appreciation gifts\nNurse Gifts for Moms - Made with 100% natural soy wax, this candle offers over 45 hours of clean burning time; it's the ideal gift for nurses women love; from nursing graduation gifts to nephrology nurse gifts, this candle fits every need; perfect for nursing school graduation gifts or nurse practitioner gifts for women; its reusable amber glass jar makes it an eco-conscious choice for any nursing professional; pair with nursing gifts, a badge holder, or nurse gifts for nursese","[gallery]\nThoughtful Nurse Gift - Show appreciation with this perfect nurse gift; ideal for nurse gifts, appreciation presents, or special occasions; this lavender vanilla scented candle is an amazing nurse gift for women, from a patient, son, daughter, or friend; whether it is a nurse graduation gift, nurse practitioner gift, or simply as a nursing student gifts, these thoughtful gifts for nurses will express gratitude; excellent for registered nurses, hospice nurses, or nursing students\nSoothing Lavender Vanilla Candle for Nurses - Infused with calming lavender and vanilla very important oils, this candle helps nurses unwind after long shifts; a great addition to nurse accessories for work or home; it’s a perfect appreciation gift for nurses, whether they're RN nurses, LPN nurses, or nursing students; makes an improbable gift for nurse practitioners, school nurses, or even funny nurse gifts for women; perfect for graduation or as a part of nurse appreciation gifts\nNurse Gifts for Moms - Made with 100% natural soy wax, this candle offers over 45 hours of clean burning time; it is the ideal gift for nurses women love; from nursing graduation gifts to nephrology nurse gifts, this candle fits each and every need; perfect for nursing school graduation gifts or nurse practitioner gifts for women; its reusable amber glass jar makes it an eco-conscious choice for any nursing professional; pair with nursing gifts, a badge holder, or nurse gifts for nursese\nHand Poured with Deal with Nurses - This hand-poured soy wax candle delivers exceptional craftsmanship; its design makes it a stylish addition to any nurse’s home or workspace; excellent as nurse badge accessories, funny nurse gifts, or even a preceptor gift; that is more than just a nurse gift; it’s a symbol of gratitude; whether used for registered nurse gifts, small gifts for nurses, or a nurse pinning ceremony, this gift shows appreciation and love\nIn a position To Gift Packaging - Arrives in a beautifully designed, protective gift box; perfect for nurse week gifts for women or nurse appreciation day; it’s an ideal nurse graduation gift, rn gift, or a gift for a nurse from a patient; show your appreciation with this candle, whether for nurse week, a birthday, or just because; perfect for nurses party decorations, nurse manager gifts, or personalized nurse gifts; this nurse candle is the most thoughtful nurse mom gifts ever",,,taxable,,1,,,0,0,,,,,1,,17.99,25,"Home and Kitchen > Home Décor Products > Candles and Holders > Candles > Jar Candles",,,"https://m.media-amazon.com/images/I/51Ll1FgJ03L.jpg, https://m.media-amazon.com/images/I/51Ll1FgJ03L.jpg",,,,,,,https://4anurse.com/?redirectAmzASIN=B09NBZGX8F&redirect_prodid=amz-B09NBZGX8F,,0,,,,,,"[gallery]
Thoughtful Nurse Gift - Show appreciation with this perfect nurse gift; ideal for nurse gifts, appreciation presents, or special occasions; this lavender vanilla scented candle is an amazing nurse gift for women, from a patient, son, daughter, or friend; whether {it's a|it is a} nurse graduation gift, nurse practitioner gift, or simply as a nursing student gifts, these thoughtful gifts for nurses will express gratitude; excellent for registered nurses, hospice nurses, or nursing students
Soothing Lavender Vanilla Candle for Nurses - Infused with calming lavender and vanilla {essential|very important|crucial} oils, this candle helps nurses unwind after long shifts; a great addition to nurse accessories for work or home; it’s a perfect appreciation gift for nurses, whether {they are|they're} RN nurses, LPN nurses, or nursing students; makes {a fantastic|an out of this world|an unbelievable|an incredible|an implausible|an improbable} gift for nurse practitioners, school nurses, or even funny nurse gifts for women; perfect for graduation or as {part of|a part of} nurse appreciation gifts
Nurse Gifts for Moms - Made with 100% natural soy wax, this candle offers over 45 hours of clean burning time; {it's the|it is the} ideal gift for nurses women love; from nursing graduation gifts to nephrology nurse gifts, this candle fits {every|each and every|each} need; perfect for nursing school graduation gifts or nurse practitioner gifts for women; its reusable amber glass jar makes it an eco-conscious choice for any nursing professional; pair with nursing gifts, a badge holder, or nurse gifts for nursese
Hand Poured with {Care for|Take care of|Deal with|Maintain|Handle} Nurses - This hand-poured soy wax candle delivers exceptional craftsmanship; its design makes it a stylish addition to any nurse’s home or workspace; excellent as nurse badge accessories, funny nurse gifts, or even a preceptor gift; {this is|that is} more than just a nurse gift; it’s a symbol of gratitude; whether used for registered nurse gifts, small gifts for nurses, or a nurse pinning ceremony, this gift shows appreciation and love
{Ready|In a position|Able} To Gift Packaging - Arrives in a beautifully designed, protective gift box; perfect for nurse week gifts for women or nurse appreciation day; it’s an ideal nurse graduation gift, rn gift, or a gift for a nurse from a patient; show your appreciation with this candle, whether for nurse week, a birthday, or just because; perfect for nurses party decorations, nurse manager gifts, or personalized nurse gifts; this nurse candle is the most thoughtful nurse mom gifts ever","[gallery]
Thoughtful Nurse Gift - Show appreciation with this perfect nurse gift; ideal for nurse gifts, appreciation presents, or special occasions; this lavender vanilla scented candle is an amazing nurse gift for women, from a patient, son, daughter, or friend; whether {it is a|it's a} nurse graduation gift, nurse practitioner gift, or simply as a nursing student gifts, these thoughtful gifts for nurses will express gratitude; excellent for registered nurses, hospice nurses, or nursing students
Soothing Lavender Vanilla Candle for Nurses - Infused with calming lavender and vanilla {very important|crucial|essential} oils, this candle helps nurses unwind after long shifts; a great addition to nurse accessories for work or home; it’s a perfect appreciation gift for nurses, whether {they're|they are} RN nurses, LPN nurses, or nursing students; makes {an improbable|an unbelievable|an incredible|an implausible|an out of this world|a fantastic} gift for nurse practitioners, school nurses, or even funny nurse gifts for women; perfect for graduation or as {a part of|part of} nurse appreciation gifts
Nurse Gifts for Moms - Made with 100% natural soy wax, this candle offers over 45 hours of clean burning time; {it is the|it's the} ideal gift for nurses women love; from nursing graduation gifts to nephrology nurse gifts, this candle fits {each and every|each|every} need; perfect for nursing school graduation gifts or nurse practitioner gifts for women; its reusable amber glass jar makes it an eco-conscious choice for any nursing professional; pair with nursing gifts, a badge holder, or nurse gifts for nursese
Hand Poured with {Deal with|Maintain|Handle|Take care of|Care for} Nurses - This hand-poured soy wax candle delivers exceptional craftsmanship; its design makes it a stylish addition to any nurse’s home or workspace; excellent as nurse badge accessories, funny nurse gifts, or even a preceptor gift; {that is|this is} more than just a nurse gift; it’s a symbol of gratitude; whether used for registered nurse gifts, small gifts for nurses, or a nurse pinning ceremony, this gift shows appreciation and love
{In a position|Able|Ready} To Gift Packaging - Arrives in a beautifully designed, protective gift box; perfect for nurse week gifts for women or nurse appreciation day; it’s an ideal nurse graduation gift, rn gift, or a gift for a nurse from a patient; show your appreciation with this candle, whether for nurse week, a birthday, or just because; perfect for nurses party decorations, nurse manager gifts, or personalized nurse gifts; this nurse candle is the most thoughtful nurse mom gifts ever","[gallery]
Thoughtful Nurse Gift - Show appreciation with this perfect nurse gift; ideal for nurse gifts, appreciation presents, or special occasions; this lavender vanilla scented candle is an amazing nurse gift for women, from a patient, son, daughter, or friend; whether it's a nurse graduation gift, nurse practitioner gift, or simply as a nursing student gifts, these thoughtful gifts for nurses will express gratitude; excellent for registered nurses, hospice nurses, or nursing students
Soothing Lavender Vanilla Candle for Nurses - Infused with calming lavender and vanilla essential oils, this candle helps nurses unwind after long shifts; a great addition to nurse accessories for work or home; it’s a perfect appreciation gift for nurses, whether they are RN nurses, LPN nurses, or nursing students; makes a fantastic gift for nurse practitioners, school nurses, or even funny nurse gifts for women; perfect for graduation or as part of nurse appreciation gifts
Nurse Gifts for Moms - Made with 100% natural soy wax, this candle offers over 45 hours of clean burning time; it's the ideal gift for nurses women love; from nursing graduation gifts to nephrology nurse gifts, this candle fits every need; perfect for nursing school graduation gifts or nurse practitioner gifts for women; its reusable amber glass jar makes it an eco-conscious choice for any nursing professional; pair with nursing gifts, a badge holder, or nurse gifts for nursese
Hand Poured with Care for Nurses - This hand-poured soy wax candle delivers exceptional craftsmanship; its design makes it a stylish addition to any nurse’s home or workspace; excellent as nurse badge accessories, funny nurse gifts, or even a preceptor gift; this is more than just a nurse gift; it’s a symbol of gratitude; whether used for registered nurse gifts, small gifts for nurses, or a nurse pinning ceremony, this gift shows appreciation and love
Ready To Gift Packaging - Arrives in a beautifully designed, protective gift box; perfect for nurse week gifts for women or nurse appreciation day; it’s an ideal nurse graduation gift, rn gift, or a gift for a nurse from a patient; show your appreciation with this candle, whether for nurse week, a birthday, or just because; perfect for nurses party decorations, nurse manager gifts, or personalized nurse gifts; this nurse candle is the most thoughtful nurse mom gifts ever",B09NBZGX8F,com,999999,amz-B09NBZGX8F,amazon,https://www.amazon.com/dp/B09NBZGX8F/,1747058162,0,0,1,211,0,211,,0,0,1778970612,invalid,29
938,external,,,"101 Blessings for Nurses, Inspirational Scripture Cards to Keep or Share (Boxes of Blessings) Hardcover – Box set, May 1, 2021",1,0,visible,,[gallery],,,taxable,,1,,,0,0,,,,,1,,,5,"Books > Religion and Spirituality",,,"https://m.media-amazon.com/images/I/418ujPoujPS.jpg, https://m.media-amazon.com/images/I/418ujPoujPS.jpg",,,,,,,https://4anurse.com/?redirectAmzASIN=B099L7NTD3&redirect_prodid=amz-B099L7NTD3,,0,,,,,,[gallery],[gallery],[gallery],B099L7NTD3,com,999999,amz-B099L7NTD3,amazon,https://www.amazon.com/dp/B099L7NTD3/,1747058174,0,0,1,239,0,239,,0,0,1778970612,invalid,9
940,external,,,"Before, After Patients Set | 11oz Coffee Mug, 15oz Wine Glass | Nurse Graduation Gift Ideas | Thank You and Appreciation For Nurses, Doctors, Dentists, Hygienists, Physician",1,0,visible,"The Before Patients After Patients set is a meaningful gifts for nurses, doctors, dentist, physician, other medical and healthcare workers on Nurse Day/Week, Birthday, Graduation, Christmas that makes them happy.\n11oz coffee mug and 15oz stemless wine glass are super versatile and can hold various types of beverages like water, cocktails, champagne, coffee, tea, or milk, to enjoy a relaxing morning & evening.\nAmazing Gifting Idea: This set is a unique graduation gift for nurse, educator; doctor gifts for men, women; retirement gift for nurse, medical doctor; thoughtful doctor/nurses appreciation gifts.","[gallery]\nThe Before Patients After Patients set is a meaningful gifts for nurses, doctors, dentist, physician, other medical and healthcare workers on Nurse Day/Week, Birthday, Graduation, Christmas that makes them happy.\n11oz coffee mug and 15oz stemless wine glass are super versatile and can hold quite a lot of types of beverages like water, cocktails, champagne, coffee, tea, or milk, to enjoy a relaxing morning & evening.\nAmazing Gifting Idea: This set is a unique graduation gift for nurse, educator; doctor gifts for men, women; retirement gift for nurse, medical doctor; thoughtful doctor/nurses appreciation gifts.\nBeautiful Design with Gold Printing: The stemless wine glass curved body and rounded rims prevent spills and splashes; easy to hold and provide you with a comfortable grip. Hand wash beneficial to keep it shine.\nCarefully Packaged in A Nurse Theme Gift Box: Our coffee mug - wine glass set is packaged in a fantastic gift box with protective bubble bags to verify your gift arrive safely. If it doesn't live as much as your expectation, please contact us straight away in order that we will be able to solve it and just be sure you are happy.",,,taxable,,1,,,0,0,,,,,1,,18.89,20.99,"Home and Kitchen > Kitchen and Dining > Dining and Entertaining > Novelty",,,"https://m.media-amazon.com/images/I/41IRYyHtVkL.jpg, https://m.media-amazon.com/images/I/41IRYyHtVkL.jpg",,,,,,,https://4anurse.com/?redirectAmzASIN=B0B2JCGJ1S&redirect_prodid=amz-B0B2JCGJ1S,,0,,,,,,"[gallery]
The Before Patients After Patients set is a meaningful gifts for nurses, doctors, dentist, physician, other medical and healthcare workers on Nurse Day/Week, Birthday, Graduation, Christmas that makes them happy.
11oz coffee mug and 15oz stemless wine glass are super versatile and can hold {various|more than a few|quite a lot of} types of beverages like water, cocktails, champagne, coffee, tea, or milk, to enjoy a relaxing morning & evening.
Amazing Gifting Idea: This set is a unique graduation gift for nurse, educator; doctor gifts for men, women; retirement gift for nurse, medical doctor; thoughtful doctor/nurses appreciation gifts.
Beautiful Design with Gold Printing: The stemless wine glass curved body and rounded rims prevent spills and splashes; easy to hold and {give you|come up with|provide you with} a comfortable grip. Hand wash {recommended|beneficial|really helpful|advisable|really useful} to keep it shine.
Carefully Packaged in A Nurse Theme Gift Box: Our coffee mug - wine glass set is packaged in {a beautiful|an attractive|a wonderful|a gorgeous|a lovely|an exquisite|a phenomenal|a fantastic|a ravishing|a stupendous|a good looking} gift box with protective bubble bags {to ensure|to make sure|to verify} your gift arrive safely. If it doesn't live {up to|as much as} your expectation, please contact us {immediately|in an instant|instantly|right away|straight away} {so that|in order that} {we will|we will be able to|we can} solve it and {make sure that you|just remember to|just be sure you} are happy.","[gallery]
The Before Patients After Patients set is a meaningful gifts for nurses, doctors, dentist, physician, other medical and healthcare workers on Nurse Day/Week, Birthday, Graduation, Christmas that makes them happy.
11oz coffee mug and 15oz stemless wine glass are super versatile and can hold {quite a lot of|more than a few|various} types of beverages like water, cocktails, champagne, coffee, tea, or milk, to enjoy a relaxing morning & evening.
Amazing Gifting Idea: This set is a unique graduation gift for nurse, educator; doctor gifts for men, women; retirement gift for nurse, medical doctor; thoughtful doctor/nurses appreciation gifts.
Beautiful Design with Gold Printing: The stemless wine glass curved body and rounded rims prevent spills and splashes; easy to hold and {provide you with|come up with|give you} a comfortable grip. Hand wash {beneficial|advisable|really useful|really helpful|recommended} to keep it shine.
Carefully Packaged in A Nurse Theme Gift Box: Our coffee mug - wine glass set is packaged in {a fantastic|an attractive|a gorgeous|a ravishing|an exquisite|a lovely|a phenomenal|a stupendous|a good looking|a wonderful|a beautiful} gift box with protective bubble bags {to verify|to make sure|to ensure} your gift arrive safely. If it doesn't live {as much as|up to} your expectation, please contact us {straight away|right away|in an instant|instantly|immediately} {in order that|so that} {we will be able to|we can|we will} solve it and {just be sure you|just remember to|make sure that you} are happy.","[gallery]
The Before Patients After Patients set is a meaningful gifts for nurses, doctors, dentist, physician, other medical and healthcare workers on Nurse Day/Week, Birthday, Graduation, Christmas that makes them happy.
11oz coffee mug and 15oz stemless wine glass are super versatile and can hold various types of beverages like water, cocktails, champagne, coffee, tea, or milk, to enjoy a relaxing morning & evening.
Amazing Gifting Idea: This set is a unique graduation gift for nurse, educator; doctor gifts for men, women; retirement gift for nurse, medical doctor; thoughtful doctor/nurses appreciation gifts.
Beautiful Design with Gold Printing: The stemless wine glass curved body and rounded rims prevent spills and splashes; easy to hold and give you a comfortable grip. Hand wash recommended to keep it shine.
Carefully Packaged in A Nurse Theme Gift Box: Our coffee mug - wine glass set is packaged in a beautiful gift box with protective bubble bags to ensure your gift arrive safely. If it doesn't live up to your expectation, please contact us immediately so that we will solve it and make sure that you are happy.",B0B2JCGJ1S,com,999999,amz-B0B2JCGJ1S,amazon,https://www.amazon.com/dp/B0B2JCGJ1S/,1747058179,0,0,1,279,0,279,,0,0,1778970612,invalid,9
942,external,,,"GODMERCH Personalized Embroidered Nurse Sweatshirt - Custom Nurse Hoodie for Women, Nursing School Shirts, Gifts for RN CNA NP LPN Christmas Birthday Graduation",1,0,visible,,[gallery],,,taxable,,1,,,0,0,,,,,1,,,12.95,"Clothing\, Shoes and Jewelry > Women",,,"https://m.media-amazon.com/images/I/41KH2D0X2VL.jpg, https://m.media-amazon.com/images/I/41KH2D0X2VL.jpg",,,,,,,https://4anurse.com/?redirectAmzASIN=B0F2YPFQKX&redirect_prodid=amz-B0F2YPFQKX,,0,,,,,,[gallery],[gallery],[gallery],B0F2YPFQKX,com,999999,amz-B0F2YPFQKX,amazon,https://www.amazon.com/dp/B0F2YPFQKX/,1747058185,0,0,1,190,0,190,,0,0,1778970612,invalid,14
944,external,,,"Nurse Gifts for Women,30 oz Nurse Tumbler with Handle,NurseTumbler with handle Lid and Straw Vacuum Insulated Travel Coffee Mug CupTumble",1,0,visible,"Nurse gifts : Nurse cup specially designed fornurse practitioner gifts for women, 30 oz tumbler ,30 oz cup,30 oz water bottle,nurse tumbler,nurse cup,nurse mug,nurse coffee mug,nurse water bottle,nurse coffee cup,best nurse ever cup,suitable for any car cup holder of most cars and put anywhere as you want and no worry to wet your place\nPerfect Funtion: The nurse coffee mug is triple insulated, vacuum-insulated, high grade 18/8stainless; 100% of environmental protection coating; transparent lid design makes your can see the beverage level inside; keep beverages cold for up to 12 hours and hot for up to 6, long-lasting temp control ensure your drinks stay ice-cold and refreshing\nNurse Tumblers Set: 1 Pcs 30 oz nurse tumbler with handle and straw; 1 PCS straws.The capacity is large enough to hold all kinds of drinks, coffee, tea, milk, water and other beverage","[gallery]\n<!-- show up to 2 reviews by default --> <p> <span>30 oz tumbler with deal with 30 oz tumbler reusable cups flip straw tumbler leakproof tumbler with straw 30 oz flip straw tumbler</span> </p>\nNurse gifts : Nurse cup specially designed fornurse practitioner gifts for women, 30 oz tumbler ,30 oz cup,30 oz water bottle,nurse tumbler,nurse cup,nurse mug,nurse coffee mug,nurse water bottle,nurse coffee cup,Perfect nurse ever cup,suitable for any car cup holder of most cars and put anywhere as you need and no worry to wet your place\nBest possible Funtion: The nurse coffee mug is triple insulated, vacuum-insulated, high grade 18/8stainless; 100% of environmental protection coating; transparent lid design makes your can see the beverage level inside; keep beverages cold for as much as 12 hours and hot for as much as 6, long-lasting temp regulate be sure your drinks stay ice-cold and refreshing\nNurse Tumblers Set: 1 Pcs 30 oz nurse tumbler with deal with and straw; 1 PCS straws.The capacity is large enough to hold a wide variety of drinks, coffee, tea, milk, water and other beverage\nSuitable Occasion: Combined nurse life elements with mafront and back design,the stylish and classic design can hold any occasions, on nurse week, nurse day, nurse graduation day, nurse retirement day or nurse practitioner day showing love to him/her, express your appreciation to nurses for their hard working ,This unique nurse coffee mug is a brilliant gift idea on your nurse friend, circle of relatives or lover\nPerfect Nurse Gifts:Nurse practitioner gifts for women,nurse graduation gift,school nurse gifts,gifts for nursing students,nurse christmas gifts,gifts for nurses,nursing school gifts,nursing gifts for new nurses,gift for nurse,christmas gifts for nurses,gift for nurses women.preceptor gifts nursing,nursing accessories,nursing gifts for new nurses,nurse gift set,school nurse gifts for women,nursing gifts for women,nursing gift,nursing supplies for nurses,new nurse gifts for women,Perfect nurse ever gifts,Perfect doctor ever gifts,Perfect nurse gifts",,,taxable,,1,,,0,0,,,,,1,,,25.99,"Home and Kitchen > Kitchen and Dining > Dining and Entertaining > Glassware and Drinkware > Tumblers and Water Glasses",,,"https://m.media-amazon.com/images/I/31tUUafEjTL.jpg, https://m.media-amazon.com/images/I/31tUUafEjTL.jpg",,,,,,,https://4anurse.com/?redirectAmzASIN=B0CX1TQ9FC&redirect_prodid=amz-B0CX1TQ9FC,,0,,,,,,"[gallery]
<!-- show up to 2 reviews by default --> <p> <span>30 oz tumbler with {handle|take care of|care for|deal with|maintain} 30 oz tumbler reusable cups flip straw tumbler leakproof tumbler with straw 30 oz flip straw tumbler</span> </p>
Nurse gifts : Nurse cup specially designed fornurse practitioner gifts for women, 30 oz tumbler ,30 oz cup,30 oz water bottle,nurse tumbler,nurse cup,nurse mug,nurse coffee mug,nurse water bottle,nurse coffee cup,{Best|Very best|Absolute best|Best possible|Highest|Easiest|Perfect} nurse ever cup,suitable for any car cup holder of most cars and put anywhere as {you want|you wish to have|you need} and no worry to wet your place
{Perfect|Very best|Absolute best|Best possible|Best|Highest|Easiest} Funtion: The nurse coffee mug is triple insulated, vacuum-insulated, high grade 18/8stainless; 100% of environmental protection coating; transparent lid design makes your can see the beverage level inside; keep beverages cold for {up to|as much as} 12 hours and hot for {up to|as much as} 6, long-lasting temp {control|keep an eye on|regulate|keep watch over} {ensure|make sure|make certain|be sure|ensure that|be certain that|make sure that|be sure that|be certain} your drinks stay ice-cold and refreshing
Nurse Tumblers Set: 1 Pcs 30 oz nurse tumbler with {handle|take care of|care for|deal with|maintain} and straw; 1 PCS straws.The capacity is large enough to hold {all kinds|a wide variety} of drinks, coffee, tea, milk, water and other beverage
Suitable Occasion: Combined nurse life elements with mafront and back design,the stylish and classic design can hold any occasions, on nurse week, nurse day, nurse graduation day, nurse retirement day or nurse practitioner day showing love to him/her, express your appreciation to nurses for their hard working ,This unique nurse coffee mug {is a great|is a smart|is a brilliant} gift idea {for your|on your|in your|to your} nurse friend, {family|circle of relatives} or lover
{Best|Very best|Absolute best|Best possible|Highest|Easiest|Perfect} Nurse Gifts:Nurse practitioner gifts for women,nurse graduation gift,school nurse gifts,gifts for nursing students,nurse christmas gifts,gifts for nurses,nursing school gifts,nursing gifts for new nurses,gift for nurse,christmas gifts for nurses,gift for nurses women.preceptor gifts nursing,nursing accessories,nursing gifts for new nurses,nurse gift set,school nurse gifts for women,nursing gifts for women,nursing gift,nursing supplies for nurses,new nurse gifts for women,{Best|Very best|Absolute best|Best possible|Highest|Easiest|Perfect} nurse ever gifts,{Best|Very best|Absolute best|Best possible|Highest|Easiest|Perfect} doctor ever gifts,{Best|Very best|Absolute best|Best possible|Highest|Easiest|Perfect} nurse gifts","[gallery]
<!-- show up to 2 reviews by default --> <p> <span>30 oz tumbler with {deal with|take care of|care for|maintain|handle} 30 oz tumbler reusable cups flip straw tumbler leakproof tumbler with straw 30 oz flip straw tumbler</span> </p>
Nurse gifts : Nurse cup specially designed fornurse practitioner gifts for women, 30 oz tumbler ,30 oz cup,30 oz water bottle,nurse tumbler,nurse cup,nurse mug,nurse coffee mug,nurse water bottle,nurse coffee cup,{Perfect|Highest|Easiest|Absolute best|Best possible|Very best|Best} nurse ever cup,suitable for any car cup holder of most cars and put anywhere as {you need|you wish to have|you want} and no worry to wet your place
{Best possible|Absolute best|Highest|Best|Easiest|Very best|Perfect} Funtion: The nurse coffee mug is triple insulated, vacuum-insulated, high grade 18/8stainless; 100% of environmental protection coating; transparent lid design makes your can see the beverage level inside; keep beverages cold for {as much as|up to} 12 hours and hot for {as much as|up to} 6, long-lasting temp {regulate|keep an eye on|keep watch over|control} {be sure|be certain|make sure that|make sure|be sure that|be certain that|make certain|ensure that|ensure} your drinks stay ice-cold and refreshing
Nurse Tumblers Set: 1 Pcs 30 oz nurse tumbler with {deal with|take care of|care for|maintain|handle} and straw; 1 PCS straws.The capacity is large enough to hold {a wide variety|all kinds} of drinks, coffee, tea, milk, water and other beverage
Suitable Occasion: Combined nurse life elements with mafront and back design,the stylish and classic design can hold any occasions, on nurse week, nurse day, nurse graduation day, nurse retirement day or nurse practitioner day showing love to him/her, express your appreciation to nurses for their hard working ,This unique nurse coffee mug {is a brilliant|is a smart|is a great} gift idea {on your|in your|to your|for your} nurse friend, {circle of relatives|family} or lover
{Perfect|Highest|Easiest|Absolute best|Best possible|Very best|Best} Nurse Gifts:Nurse practitioner gifts for women,nurse graduation gift,school nurse gifts,gifts for nursing students,nurse christmas gifts,gifts for nurses,nursing school gifts,nursing gifts for new nurses,gift for nurse,christmas gifts for nurses,gift for nurses women.preceptor gifts nursing,nursing accessories,nursing gifts for new nurses,nurse gift set,school nurse gifts for women,nursing gifts for women,nursing gift,nursing supplies for nurses,new nurse gifts for women,{Perfect|Highest|Easiest|Absolute best|Best possible|Very best|Best} nurse ever gifts,{Perfect|Highest|Easiest|Absolute best|Best possible|Very best|Best} doctor ever gifts,{Perfect|Highest|Easiest|Absolute best|Best possible|Very best|Best} nurse gifts","[gallery]
<!-- show up to 2 reviews by default --> <p> <span>30 oz tumbler with handle 30 oz tumbler reusable cups flip straw tumbler leakproof tumbler with straw 30 oz flip straw tumbler</span> </p>
Nurse gifts : Nurse cup specially designed fornurse practitioner gifts for women, 30 oz tumbler ,30 oz cup,30 oz water bottle,nurse tumbler,nurse cup,nurse mug,nurse coffee mug,nurse water bottle,nurse coffee cup,best nurse ever cup,suitable for any car cup holder of most cars and put anywhere as you want and no worry to wet your place
Perfect Funtion: The nurse coffee mug is triple insulated, vacuum-insulated, high grade 18/8stainless; 100% of environmental protection coating; transparent lid design makes your can see the beverage level inside; keep beverages cold for up to 12 hours and hot for up to 6, long-lasting temp control ensure your drinks stay ice-cold and refreshing
Nurse Tumblers Set: 1 Pcs 30 oz nurse tumbler with handle and straw; 1 PCS straws.The capacity is large enough to hold all kinds of drinks, coffee, tea, milk, water and other beverage
Suitable Occasion: Combined nurse life elements with mafront and back design,the stylish and classic design can hold any occasions, on nurse week, nurse day, nurse graduation day, nurse retirement day or nurse practitioner day showing love to him/her, express your appreciation to nurses for their hard working ,This unique nurse coffee mug is a great gift idea for your nurse friend, family or lover
Best Nurse Gifts:Nurse practitioner gifts for women,nurse graduation gift,school nurse gifts,gifts for nursing students,nurse christmas gifts,gifts for nurses,nursing school gifts,nursing gifts for new nurses,gift for nurse,christmas gifts for nurses,gift for nurses women.preceptor gifts nursing,nursing accessories,nursing gifts for new nurses,nurse gift set,school nurse gifts for women,nursing gifts for women,nursing gift,nursing supplies for nurses,new nurse gifts for women,best nurse ever gifts,best doctor ever gifts,best nurse gifts",B0CX1TQ9FC,com,999999,amz-B0CX1TQ9FC,amazon,https://www.amazon.com/dp/B0CX1TQ9FC/,1747058189,0,0,1,221,0,221,,0,0,1778970612,invalid,35
946,external,,,"8 Pcs Nurse Badge Reels Cute Felt Retractable Badge Reels Themed Holders Pediatric Gift for Nurses Doctors ID Name Cards Lanyards Holidays(Lovely Style)",1,0,visible,"Package quantity: the package comes with 8 pieces of badge reels, enough quantity to meet your daily use and replacement needs in life and work, and you can also share some with your family, friends and other people around you\nAppropriate dimensions: the reel of each nurse badge reels measures 3 cm/ 1.2 inches in size, and the nylon rope of these nurse badge reels can be retracted to 23.6 inches in length; You don't have to take off the ID badge reel clips all the time when you need to have your ID cards scanned\nReliable material: these themed badge holders are made of quality material which is enduring and sturdy, making these nurse badge reels easy to pull and light in weight, won't cause much pressure on the neck and can be applied for a long time, bringing convenience to your work and life","[gallery]\nPackage quantity: the package comes with 8 pieces of badge reels, enough quantity to meet your daily use and replacement needs in life and work, and you'll also share some with your family, friends and other people around you\nAppropriate dimensions: the reel of each nurse badge reels measures 3 cm/ 1.2 inches in size, and the nylon rope of these nurse badge reels can be retracted to 23.6 inches in length; You would not have to take off the ID badge reel clips always when you want to have your ID cards scanned\nReliable material: these themed badge holders are made of quality material which is enduring and sturdy, making these nurse badge reels easy to pull and light in weight, won't cause much pressure on the neck and can be applied for a very long time, bringing convenience to your work and life\nQuite a lot of patterns: these retractable badge reels are designed into 8 different shapes and patterns, including heart, brain, recording paper, pill and so forth, which will be cute and charming\nSuitable occasions: these felt nurse badge reels can be given away as gifts to your members of the family, friends, colleagues, relatives, neighbors and the guests who come and sign up for your parties, and they're going to be thankful for such thoughtful gifts",,,taxable,,1,,,0,0,,,,,1,,,11.99,"Office Products",,,"https://m.media-amazon.com/images/I/51mJ3FXlmuL.jpg, https://m.media-amazon.com/images/I/51mJ3FXlmuL.jpg",,,,,,,https://4anurse.com/?redirectAmzASIN=B09P8GL2KZ&redirect_prodid=amz-B09P8GL2KZ,,0,,,,,,"[gallery]
Package quantity: the package comes with 8 pieces of badge reels, enough quantity to meet your daily use and replacement needs in life and work, and {you can|you'll be able to|you'll} also share some with your family, friends and other people around you
Appropriate dimensions: the reel of each nurse badge reels measures 3 cm/ 1.2 inches in size, and the nylon rope of these nurse badge reels can be retracted to 23.6 inches in length; You {don't have|do not have|wouldn't have|shouldn't have|should not have|would not have|do not need} to take off the ID badge reel clips {all the time|always|at all times} when {you need|you wish to have|you want} to have your ID cards scanned
Reliable material: these themed badge holders are made of quality material which is enduring and sturdy, making these nurse badge reels easy to pull and light in weight, won't cause much pressure on the neck and can be applied {for a long time|for a very long time}, bringing convenience to your work and life
{Various|More than a few|Quite a lot of} patterns: these retractable badge reels are designed into 8 different shapes and patterns, including heart, brain, recording paper, pill {and so on|and so forth}, which will be cute and charming
Suitable occasions: these felt nurse badge reels can be given away as gifts to your {family members|members of the family}, friends, colleagues, relatives, neighbors and the guests who come and {join|sign up for} your parties, and {they will|they are going to|they're going to|they'll} be thankful for such thoughtful gifts","[gallery]
Package quantity: the package comes with 8 pieces of badge reels, enough quantity to meet your daily use and replacement needs in life and work, and {you'll|you'll be able to|you can} also share some with your family, friends and other people around you
Appropriate dimensions: the reel of each nurse badge reels measures 3 cm/ 1.2 inches in size, and the nylon rope of these nurse badge reels can be retracted to 23.6 inches in length; You {would not have|do not need|do not have|should not have|wouldn't have|shouldn't have|don't have} to take off the ID badge reel clips {always|at all times|all the time} when {you want|you wish to have|you need} to have your ID cards scanned
Reliable material: these themed badge holders are made of quality material which is enduring and sturdy, making these nurse badge reels easy to pull and light in weight, won't cause much pressure on the neck and can be applied {for a very long time|for a long time}, bringing convenience to your work and life
{Quite a lot of|More than a few|Various} patterns: these retractable badge reels are designed into 8 different shapes and patterns, including heart, brain, recording paper, pill {and so forth|and so on}, which will be cute and charming
Suitable occasions: these felt nurse badge reels can be given away as gifts to your {members of the family|family members}, friends, colleagues, relatives, neighbors and the guests who come and {sign up for|join} your parties, and {they're going to|they are going to|they'll|they will} be thankful for such thoughtful gifts","[gallery]
Package quantity: the package comes with 8 pieces of badge reels, enough quantity to meet your daily use and replacement needs in life and work, and you can also share some with your family, friends and other people around you
Appropriate dimensions: the reel of each nurse badge reels measures 3 cm/ 1.2 inches in size, and the nylon rope of these nurse badge reels can be retracted to 23.6 inches in length; You don't have to take off the ID badge reel clips all the time when you need to have your ID cards scanned
Reliable material: these themed badge holders are made of quality material which is enduring and sturdy, making these nurse badge reels easy to pull and light in weight, won't cause much pressure on the neck and can be applied for a long time, bringing convenience to your work and life
Various patterns: these retractable badge reels are designed into 8 different shapes and patterns, including heart, brain, recording paper, pill and so on, which will be cute and charming
Suitable occasions: these felt nurse badge reels can be given away as gifts to your family members, friends, colleagues, relatives, neighbors and the guests who come and join your parties, and they will be thankful for such thoughtful gifts",B09P8GL2KZ,com,999999,amz-B09P8GL2KZ,amazon,https://www.amazon.com/dp/B09P8GL2KZ/,1747058193,0,0,1,238,0,238,,0,0,1778970612,invalid,18
948,external,,,"Nurses Week Gifts - Funny Scented Candle for RN Appreciation - Gift for Nurse Week, Mothers Day, Nursing School Graduation, Thank You Presents Gifts for LPN, CN, Nurse Practitioner Gift for Women",1,0,visible,"Nurse Appreciation Gift for Mothers Day - Got you a little something candle for nurse is more than a gift - it's a heartfelt thank you to our beloved nurses, RNs, LPNs, and nurse practitioners. Perfect nurse gift for mothers day, nurse's birthday, Nurse Appreciation Day, or as a graduation gift for nursing students, it offers the soothing embrace of lavender aroma, designed to provide relaxation and stress relief after those demanding hospital or clinic shifts\nNurse Week Gift to Celebrate Their Compassion and Dedication - Ideal gesture for saying Thank you, Happy Birthday, or Congratulations to registered nurses, RNs, LPNs, nurse aides, soon to be nurse, future nurses, new RN, and more, it's a gift that resonates with the heart of nursing. Whether it's a gesture for Nurses Week, a graduation for nursing students, or a personal token of appreciation, this candle shines a light on the extraordinary difference they make every day\nPremium Quality Nurse Candle - Hand-poured with care, our 100% natural soy wax candle delivers a cleaner, healthier burn, ensuring a premium quality experience. Infused with the tranquil scent of lavender, it sets the standard for luxury candles. Ideal for those seeking eco-friendly, long-lasting candles with a robust scent throw. Perfect for creating a serene ambiance in any nurse's home, this Best Nurse Candle combines the benefits of soy wax with expert craftsmanship","[gallery]\nNurse Appreciation Gift for Mothers Day - Got you a little something candle for nurse is more than a gift - it is a heartfelt thank you to our beloved nurses, RNs, LPNs, and nurse practitioners. Perfect nurse gift for mothers day, nurse's birthday, Nurse Appreciation Day, or as a graduation gift for nursing students, it offers the soothing embrace of lavender aroma, designed to provide relaxation and stress relief after those demanding hospital or clinic shifts\nNurse Week Gift to Celebrate Their Compassion and Dedication - Ideal gesture for saying Thank you, Happy Birthday, or Congratulations to registered nurses, RNs, LPNs, nurse aides, soon to be nurse, future nurses, new RN, and more, it is a gift that resonates with the heart of nursing. Whether it is a gesture for Nurses Week, a graduation for nursing students, or a personal token of appreciation, this candle shines a light on the ordinary difference they make on a daily basis\nPremium Quality Nurse Candle - Hand-poured with care, our 100% natural soy wax candle delivers a cleaner, healthier burn, ensuring a premium quality experience. Infused with the tranquil scent of lavender, it sets the usual for luxury candles. Ideal for those seeking eco-friendly, long-lasting candles with a robust scent throw. Perfect for creating a serene ambiance in any nurse's home, this Best Nurse Candle combines the advantages of soy wax with expert craftsmanship\nNurse Week Gift for Nurse Practitioner That Keeps on Giving; With its long-lasting burn time, this lavender-scented candle ensures hours of tranquility and relaxation, mirroring the enduring have an effect on that nurses have on their patients' lives. Whether you’re looking for the very best gift for a nurse friend, colleague, or circle of relatives member, this candle captures the essence of your admiration and gratitude\nBrighten Her Day with a Smile; Gift your favorite nurse this unique gift and watch their face light up with joy. It serves as a fun and cheeky reminder of their unbelievable have an effect on, making it an ideal surprise to lift the spirits of anyone in the nursing profession. Perfect for RNs, LPNs, nurse aides, and nursing students alike, this candle is sure to bring a smile to their face, providing a much-needed dose of laughter and relaxation after their demanding work",,,taxable,,1,,,0,0,,,,,1,,,12.99,"Home and Kitchen > Home Décor Products > Candles and Holders > Candles > Jar Candles",,,"https://m.media-amazon.com/images/I/414RBQaZhWL.jpg, https://m.media-amazon.com/images/I/414RBQaZhWL.jpg",,,,,,,https://4anurse.com/?redirectAmzASIN=B0CR1MDVZV&redirect_prodid=amz-B0CR1MDVZV,,0,,,,,,"[gallery]
Nurse Appreciation Gift for Mothers Day - Got you a little something candle for nurse is more than a gift - {it's a|it is a} heartfelt thank you to our beloved nurses, RNs, LPNs, and nurse practitioners. Perfect nurse gift for mothers day, nurse's birthday, Nurse Appreciation Day, or as a graduation gift for nursing students, it offers the soothing embrace of lavender aroma, designed to provide relaxation and stress relief after those demanding hospital or clinic shifts
Nurse Week Gift to Celebrate Their Compassion and Dedication - Ideal gesture for saying Thank you, Happy Birthday, or Congratulations to registered nurses, RNs, LPNs, nurse aides, soon to be nurse, future nurses, new RN, and more, {it's a|it is a} gift that resonates with the heart of nursing. Whether {it's a|it is a} gesture for Nurses Week, a graduation for nursing students, or a personal token of appreciation, this candle shines a light on the {extraordinary|ordinary|odd|strange|abnormal|unusual|peculiar|bizarre|atypical} difference they make {every day|on a daily basis|each day}
Premium Quality Nurse Candle - Hand-poured with care, our 100% natural soy wax candle delivers a cleaner, healthier burn, ensuring a premium quality experience. Infused with the tranquil scent of lavender, it sets {the standard|the usual} for luxury candles. Ideal for those seeking eco-friendly, long-lasting candles with a robust scent throw. Perfect for creating a serene ambiance in any nurse's home, this Best Nurse Candle combines {the benefits of|the advantages of|some great benefits of} soy wax with expert craftsmanship
Nurse Week Gift for Nurse Practitioner That Keeps on Giving; With its long-lasting burn time, this lavender-scented candle ensures hours of tranquility and relaxation, mirroring the enduring {impact|have an effect on|affect} that nurses have on their patients' lives. Whether you’re {searching for|looking for|in search of|on the lookout for} {the perfect|the very best|the easiest} gift for a nurse friend, colleague, or {family|circle of relatives} member, this candle captures the essence of your admiration and gratitude
Brighten Her Day with a Smile; Gift your favorite nurse this unique gift and watch their face light up with joy. It serves as a fun and cheeky reminder of their {incredible|fantastic|unbelievable|implausible|improbable} {impact|have an effect on|affect}, making it an ideal surprise to lift the spirits of anyone in the nursing profession. Perfect for RNs, LPNs, nurse aides, and nursing students alike, this candle is sure to bring a smile to their face, providing a much-needed dose of laughter and relaxation after their demanding work","[gallery]
Nurse Appreciation Gift for Mothers Day - Got you a little something candle for nurse is more than a gift - {it is a|it's a} heartfelt thank you to our beloved nurses, RNs, LPNs, and nurse practitioners. Perfect nurse gift for mothers day, nurse's birthday, Nurse Appreciation Day, or as a graduation gift for nursing students, it offers the soothing embrace of lavender aroma, designed to provide relaxation and stress relief after those demanding hospital or clinic shifts
Nurse Week Gift to Celebrate Their Compassion and Dedication - Ideal gesture for saying Thank you, Happy Birthday, or Congratulations to registered nurses, RNs, LPNs, nurse aides, soon to be nurse, future nurses, new RN, and more, {it is a|it's a} gift that resonates with the heart of nursing. Whether {it is a|it's a} gesture for Nurses Week, a graduation for nursing students, or a personal token of appreciation, this candle shines a light on the {ordinary|strange|bizarre|abnormal|odd|peculiar|unusual|atypical|extraordinary} difference they make {on a daily basis|each day|every day}
Premium Quality Nurse Candle - Hand-poured with care, our 100% natural soy wax candle delivers a cleaner, healthier burn, ensuring a premium quality experience. Infused with the tranquil scent of lavender, it sets {the usual|the standard} for luxury candles. Ideal for those seeking eco-friendly, long-lasting candles with a robust scent throw. Perfect for creating a serene ambiance in any nurse's home, this Best Nurse Candle combines {the advantages of|some great benefits of|the benefits of} soy wax with expert craftsmanship
Nurse Week Gift for Nurse Practitioner That Keeps on Giving; With its long-lasting burn time, this lavender-scented candle ensures hours of tranquility and relaxation, mirroring the enduring {have an effect on|affect|impact} that nurses have on their patients' lives. Whether you’re {looking for|on the lookout for|in search of|searching for} {the very best|the easiest|the perfect} gift for a nurse friend, colleague, or {circle of relatives|family} member, this candle captures the essence of your admiration and gratitude
Brighten Her Day with a Smile; Gift your favorite nurse this unique gift and watch their face light up with joy. It serves as a fun and cheeky reminder of their {unbelievable|implausible|fantastic|improbable|incredible} {have an effect on|affect|impact}, making it an ideal surprise to lift the spirits of anyone in the nursing profession. Perfect for RNs, LPNs, nurse aides, and nursing students alike, this candle is sure to bring a smile to their face, providing a much-needed dose of laughter and relaxation after their demanding work","[gallery]
Nurse Appreciation Gift for Mothers Day - Got you a little something candle for nurse is more than a gift - it's a heartfelt thank you to our beloved nurses, RNs, LPNs, and nurse practitioners. Perfect nurse gift for mothers day, nurse's birthday, Nurse Appreciation Day, or as a graduation gift for nursing students, it offers the soothing embrace of lavender aroma, designed to provide relaxation and stress relief after those demanding hospital or clinic shifts
Nurse Week Gift to Celebrate Their Compassion and Dedication - Ideal gesture for saying Thank you, Happy Birthday, or Congratulations to registered nurses, RNs, LPNs, nurse aides, soon to be nurse, future nurses, new RN, and more, it's a gift that resonates with the heart of nursing. Whether it's a gesture for Nurses Week, a graduation for nursing students, or a personal token of appreciation, this candle shines a light on the extraordinary difference they make every day
Premium Quality Nurse Candle - Hand-poured with care, our 100% natural soy wax candle delivers a cleaner, healthier burn, ensuring a premium quality experience. Infused with the tranquil scent of lavender, it sets the standard for luxury candles. Ideal for those seeking eco-friendly, long-lasting candles with a robust scent throw. Perfect for creating a serene ambiance in any nurse's home, this Best Nurse Candle combines the benefits of soy wax with expert craftsmanship
Nurse Week Gift for Nurse Practitioner That Keeps on Giving; With its long-lasting burn time, this lavender-scented candle ensures hours of tranquility and relaxation, mirroring the enduring impact that nurses have on their patients' lives. Whether you’re searching for the perfect gift for a nurse friend, colleague, or family member, this candle captures the essence of your admiration and gratitude
Brighten Her Day with a Smile; Gift your favorite nurse this unique gift and watch their face light up with joy. It serves as a fun and cheeky reminder of their incredible impact, making it an ideal surprise to lift the spirits of anyone in the nursing profession. Perfect for RNs, LPNs, nurse aides, and nursing students alike, this candle is sure to bring a smile to their face, providing a much-needed dose of laughter and relaxation after their demanding work",B0CR1MDVZV,com,999999,amz-B0CR1MDVZV,amazon,https://www.amazon.com/dp/B0CR1MDVZV/,1747058198,0,0,1,219,0,219,,0,0,1778970612,invalid,26
950,external,,,"Mini Funny Turtle Gifts Mothers Day Teacher Appreciation Graduation Nurses Week Fathers Day Birthday Gifts for Women Men Her Him, Small Cute Stuff Things, Emotional Positive Crochet Turtle Decor",1,0,visible,"Handmade Crochet Turtle: Cute turtle dolls are knitted from wool yarn, with a soft and comfortable touch; About 2.3 x 1.4 x 3.5 inches, mini turtle with encouraging words card can be carried everywhere, giving you positive energy at any time\nAwesome Companion: Positive turtles will bring you emotional active help whether you are happy or upset; As positive companions in life, tiny turtles provide encouragement and cheer up your status, you mental health will benefit greatly\nGifts for Women Men Girls Boys: Knitted turtle can be as funny and gag women gifts men gifts or girls gifts boys gifts; As gifts for kids adults teens, suitable for various age groups, it’s unique and personalized turtle gifts for her him","[gallery]\nHandmade Crochet Turtle: Cute turtle dolls are knitted from wool yarn, with a soft and comfortable touch; About 2.3 x 1.4 x 3.5 inches, mini turtle with encouraging words card can also be carried far and wide, giving you positive energy at any time\nAwesome Companion: Positive turtles will bring you emotional active lend a hand whether you're happy or upset; As positive companions in life, tiny turtles provide encouragement and cheer up your status, you mental health will benefit greatly\nGifts for Women Men Girls Boys: Knitted turtle can also be as funny and gag women gifts men gifts or girls gifts boys gifts; As gifts for kids adults teens, suitable for quite a lot of age groups, it’s unique and personalized turtle gifts for her him\nGift Ideas for Special Day: Little turtle accommodates confidence and motivation, is great as birthday gifts mothers day gifts teacher appreciation gifts teacher gifts graduation gifts nurses week gifts nurse gifts fathers day gifts retirement gifts\nAs Positive Decor: Creative turtle as a sweet reminder decoration, will give you affirmation and uplift your spirit; Use it to decorate your life, such as room car workplace desk decor accessories, you're going to gain the vibe and power to consider in yourself",,,taxable,,1,,,0,0,,,,,1,,,14.99,"Home and Kitchen > Home Décor Products",,,"https://m.media-amazon.com/images/I/41ZEibFdd3L.jpg, https://m.media-amazon.com/images/I/41ZEibFdd3L.jpg",,,,,,,https://4anurse.com/?redirectAmzASIN=B0DF7HNHWL&redirect_prodid=amz-B0DF7HNHWL,,0,,,,,,"[gallery]
Handmade Crochet Turtle: Cute turtle dolls are knitted from wool yarn, with a soft and comfortable touch; About 2.3 x 1.4 x 3.5 inches, mini turtle with encouraging words card {can be|can also be|may also be|will also be} carried {everywhere|all over the place|all over|in all places|far and wide|in every single place}, giving you positive energy at any time
Awesome Companion: Positive turtles will bring you emotional active {help|lend a hand|assist} whether {you are|you're|you might be} happy or upset; As positive companions in life, tiny turtles provide encouragement and cheer up your status, you mental health will benefit greatly
Gifts for Women Men Girls Boys: Knitted turtle {can be|can also be|may also be|will also be} as funny and gag women gifts men gifts or girls gifts boys gifts; As gifts for kids adults teens, suitable for {various|more than a few|quite a lot of} age groups, it’s unique and personalized turtle gifts for her him
Gift Ideas for Special Day: Little turtle {contains|incorporates|accommodates|comprises} confidence and motivation, is great as birthday gifts mothers day gifts teacher appreciation gifts teacher gifts graduation gifts nurses week gifts nurse gifts fathers day gifts retirement gifts
As Positive Decor: Creative turtle as a sweet reminder decoration, {gives you|will give you|will provide you with|provides you with|offers you} affirmation and uplift your spirit; Use it to decorate your life, such as room car {office|place of business|place of work|workplace|administrative center|place of job} desk decor accessories, {you will|you are going to|you'll|you're going to} gain the vibe and power to {believe|consider|imagine} in yourself","[gallery]
Handmade Crochet Turtle: Cute turtle dolls are knitted from wool yarn, with a soft and comfortable touch; About 2.3 x 1.4 x 3.5 inches, mini turtle with encouraging words card {can also be|may also be|will also be|can be} carried {far and wide|in every single place|in all places|all over the place|all over|everywhere}, giving you positive energy at any time
Awesome Companion: Positive turtles will bring you emotional active {lend a hand|assist|help} whether {you're|you might be|you are} happy or upset; As positive companions in life, tiny turtles provide encouragement and cheer up your status, you mental health will benefit greatly
Gifts for Women Men Girls Boys: Knitted turtle {can also be|may also be|will also be|can be} as funny and gag women gifts men gifts or girls gifts boys gifts; As gifts for kids adults teens, suitable for {quite a lot of|more than a few|various} age groups, it’s unique and personalized turtle gifts for her him
Gift Ideas for Special Day: Little turtle {accommodates|incorporates|comprises|contains} confidence and motivation, is great as birthday gifts mothers day gifts teacher appreciation gifts teacher gifts graduation gifts nurses week gifts nurse gifts fathers day gifts retirement gifts
As Positive Decor: Creative turtle as a sweet reminder decoration, {will give you|will provide you with|provides you with|offers you|gives you} affirmation and uplift your spirit; Use it to decorate your life, such as room car {workplace|place of business|place of work|administrative center|place of job|office} desk decor accessories, {you're going to|you are going to|you'll|you will} gain the vibe and power to {consider|imagine|believe} in yourself","[gallery]
Handmade Crochet Turtle: Cute turtle dolls are knitted from wool yarn, with a soft and comfortable touch; About 2.3 x 1.4 x 3.5 inches, mini turtle with encouraging words card can be carried everywhere, giving you positive energy at any time
Awesome Companion: Positive turtles will bring you emotional active help whether you are happy or upset; As positive companions in life, tiny turtles provide encouragement and cheer up your status, you mental health will benefit greatly
Gifts for Women Men Girls Boys: Knitted turtle can be as funny and gag women gifts men gifts or girls gifts boys gifts; As gifts for kids adults teens, suitable for various age groups, it’s unique and personalized turtle gifts for her him
Gift Ideas for Special Day: Little turtle contains confidence and motivation, is great as birthday gifts mothers day gifts teacher appreciation gifts teacher gifts graduation gifts nurses week gifts nurse gifts fathers day gifts retirement gifts
As Positive Decor: Creative turtle as a sweet reminder decoration, gives you affirmation and uplift your spirit; Use it to decorate your life, such as room car office desk decor accessories, you will gain the vibe and power to believe in yourself",B0DF7HNHWL,com,999999,amz-B0DF7HNHWL,amazon,https://www.amazon.com/dp/B0DF7HNHWL/,1747058203,0,0,1,207,0,207,,0,0,1778970612,invalid,15
952,external,,,"SmileBelle Nurse Graduation Gifts for Women, Nurse Necklace as Nursing Appreciation Practitioner Gifts, Nursing School Stainless Steel Medical Assistant Accessories for Woman New Nurses",1,0,visible,,[gallery],,,taxable,,1,,,0,0,,,,,1,,15.99,23.99,"Clothing\, Shoes and Jewelry > Women",,,"https://m.media-amazon.com/images/I/41VlK08TMjL.jpg, https://m.media-amazon.com/images/I/41VlK08TMjL.jpg",,,,,,,https://4anurse.com/?redirectAmzASIN=B0DLB2T9Z2&redirect_prodid=amz-B0DLB2T9Z2,,0,,,,,,[gallery],[gallery],[gallery],B0DLB2T9Z2,com,999999,amz-B0DLB2T9Z2,amazon,https://www.amazon.com/dp/B0DLB2T9Z2/,1747058211,0,0,1,194,1,194,,0,0,1778970612,invalid,8
954,external,,,"Nurse Gifts for Women Nurse Appreciation Gifts Set Nurses Week Gifts Set Nurse Graduation Gifts Nurse Christmas Gifts Nurse Birthday Gifts for Nurse",1,0,visible,"Practical and Unique Nurse Gifts: Our nurse gift box is the perfect gift for any occasion. Whether it's nurse graduation, nurse week, practicing nurse, registered nurse, nurse birthday, gratitude, student nursing, school nurse, year-end nurse, new nurse, registered nurse, nurse mentor, retired nurse, Mother's Day nurse, delivery nurse, or student nurse, this gift box will definitely make them feel grateful and loved\nGreat Gifts Box For Nurses: Compared to other nurse gift boxes, our gift box is more exquisite and innovative in design. It is full of cute and warm gifts, so you don't need to assemble it yourself, reducing your selection and pairing time. All things are carefully packaged and arranged neatly, so you can send them directly without the need for repackaging. Once opened, the perfect gift will give her the sweetest surprise, making her feel so loved on this special day\nNurse Mug 16 Oz Can Glass：Our can glasses are made of high quality and durable clear glass, free of lead and bpa. Can be used safely for a long time. Whether you prefer hot or cold drinks, our glass bottles are suitable and can withstand temperatures of up to 80-100 degrees Celsius. Suitable for cold and warm drinks, it is a versatile cup for water, beer, cocktails, champagne, iced coffee, tea, jelly, honey, milk, juice or other interesting holiday drinks","[gallery]\nPractical and Unique Nurse Gifts: Our nurse gift box is the perfect gift for any occasion. Whether it's nurse graduation, nurse week, practicing nurse, registered nurse, nurse birthday, gratitude, student nursing, school nurse, year-end nurse, new nurse, registered nurse, nurse mentor, retired nurse, Mother's Day nurse, delivery nurse, or student nurse, this gift box will definitely make them feel grateful and loved\nGreat Gifts Box For Nurses: Compared to other nurse gift boxes, our gift box is more exquisite and innovative in design. It is full of cute and warm gifts, so you do not want to assemble it yourself, reducing your selection and pairing time. All things are carefully packaged and arranged neatly, so You'll be able to send them directly without the need for repackaging. Once opened, the perfect gift will give her the sweetest surprise, making her feel so loved on this special day\nNurse Mug 16 Oz Can Glass：Our can glasses are made of prime quality and durable clear glass, free of lead and bpa. Can be utilized safely for a very long time. Whether you prefer hot or cold drinks, our glass bottles are suitable and can withstand temperatures of up to 80-100 degrees Celsius. Suitable for cold and warm drinks, this is a versatile cup for water, beer, cocktails, champagne, iced coffee, tea, jelly, honey, milk, juice or other interesting holiday drinks\nNurses Gifts for Women: Our Nurse Gift set is the perfect way to say thank you to the hard working nurses in your life. It includes a number of thoughtful and practical gifts, such as a cute makeup bag, 16-ounce glass jar, heart-shaped nurse ornament, key chain and 50pcs nurse stickers. In addition, we have equipped the cups with daily LIDS, straws and straw brushes. These items are carefully selected to make certain that each nurse feels them\nPerfect Gifts for Any Occasion: This can be a set of warm and practical gifts for nurses. You'll be able to make the perfect gift for nurses on Nurse's Day, Nurse's Week, Nurse Appreciation, promotion, retirement, nurse graduation, birthday, Thanksgiving, Christmas, Mother's Day, Valentine's Day or any other occasion that I am sure every nurse will love to receive",,,taxable,,1,,,0,0,,,,,1,,17.97,19.97,"Home and Kitchen > Kitchen and Dining > Dining and Entertaining > Glassware and Drinkware > Tumblers and Water Glasses",,,"https://m.media-amazon.com/images/I/51Q7tT29bPL.jpg, https://m.media-amazon.com/images/I/51Q7tT29bPL.jpg",,,,,,,https://4anurse.com/?redirectAmzASIN=B0DMVN1PNS&redirect_prodid=amz-B0DMVN1PNS,,0,,,,,,"[gallery]
Practical and Unique Nurse Gifts: Our nurse gift box is the perfect gift for any occasion. Whether it's nurse graduation, nurse week, practicing nurse, registered nurse, nurse birthday, gratitude, student nursing, school nurse, year-end nurse, new nurse, registered nurse, nurse mentor, retired nurse, Mother's Day nurse, delivery nurse, or student nurse, this gift box will definitely make them feel grateful and loved
Great Gifts Box For Nurses: Compared to other nurse gift boxes, our gift box is more exquisite and innovative in design. It is full of cute and warm gifts, so {you don't|you do not} {need to|want to|wish to} assemble it yourself, reducing your selection and pairing time. All things are carefully packaged and arranged neatly, so {You can|You'll be able to|You'll} send them directly without the need for repackaging. Once opened, the perfect gift will give her the sweetest surprise, making her feel so loved on this special day
Nurse Mug 16 Oz Can Glass：Our can glasses are made of {high quality|top of the range|prime quality|top quality} and durable clear glass, free of lead and bpa. {Can be used|Can be utilized} safely {for a long time|for a very long time}. Whether you prefer hot or cold drinks, our glass bottles are suitable and can withstand temperatures of up to 80-100 degrees Celsius. Suitable for cold and warm drinks, {it is a|this is a|this can be a} versatile cup for water, beer, cocktails, champagne, iced coffee, tea, jelly, honey, milk, juice or other interesting holiday drinks
Nurses Gifts for Women: Our Nurse Gift set is the perfect way to say thank you to the hard working nurses in your life. It includes {a variety of|a number of|numerous|quite a few|various|quite a lot of|a lot of|plenty of} thoughtful and practical gifts, such as a cute makeup bag, 16-ounce glass jar, heart-shaped nurse ornament, key chain and 50pcs nurse stickers. In addition, we have equipped the cups with daily LIDS, straws and straw brushes. These items are carefully selected to {ensure that|be sure that|make certain that|make sure that} each nurse feels them
Perfect Gifts for Any Occasion: {This is a|This can be a|It is a} set of warm and practical gifts for nurses. {You can|You'll be able to|You'll} make the perfect gift for nurses on Nurse's Day, Nurse's Week, Nurse Appreciation, promotion, retirement, nurse graduation, birthday, Thanksgiving, Christmas, Mother's Day, Valentine's Day or any other occasion that I am sure every nurse will love to receive","[gallery]
Practical and Unique Nurse Gifts: Our nurse gift box is the perfect gift for any occasion. Whether it's nurse graduation, nurse week, practicing nurse, registered nurse, nurse birthday, gratitude, student nursing, school nurse, year-end nurse, new nurse, registered nurse, nurse mentor, retired nurse, Mother's Day nurse, delivery nurse, or student nurse, this gift box will definitely make them feel grateful and loved
Great Gifts Box For Nurses: Compared to other nurse gift boxes, our gift box is more exquisite and innovative in design. It is full of cute and warm gifts, so {you do not|you don't} {want to|wish to|need to} assemble it yourself, reducing your selection and pairing time. All things are carefully packaged and arranged neatly, so {You'll be able to|You'll|You can} send them directly without the need for repackaging. Once opened, the perfect gift will give her the sweetest surprise, making her feel so loved on this special day
Nurse Mug 16 Oz Can Glass：Our can glasses are made of {prime quality|top of the range|top quality|high quality} and durable clear glass, free of lead and bpa. {Can be utilized|Can be used} safely {for a very long time|for a long time}. Whether you prefer hot or cold drinks, our glass bottles are suitable and can withstand temperatures of up to 80-100 degrees Celsius. Suitable for cold and warm drinks, {this is a|this can be a|it is a} versatile cup for water, beer, cocktails, champagne, iced coffee, tea, jelly, honey, milk, juice or other interesting holiday drinks
Nurses Gifts for Women: Our Nurse Gift set is the perfect way to say thank you to the hard working nurses in your life. It includes {a number of|various|a lot of|plenty of|quite a lot of|numerous|quite a few|a variety of} thoughtful and practical gifts, such as a cute makeup bag, 16-ounce glass jar, heart-shaped nurse ornament, key chain and 50pcs nurse stickers. In addition, we have equipped the cups with daily LIDS, straws and straw brushes. These items are carefully selected to {make certain that|make sure that|be sure that|ensure that} each nurse feels them
Perfect Gifts for Any Occasion: {This can be a|It is a|This is a} set of warm and practical gifts for nurses. {You'll be able to|You'll|You can} make the perfect gift for nurses on Nurse's Day, Nurse's Week, Nurse Appreciation, promotion, retirement, nurse graduation, birthday, Thanksgiving, Christmas, Mother's Day, Valentine's Day or any other occasion that I am sure every nurse will love to receive","[gallery]
Practical and Unique Nurse Gifts: Our nurse gift box is the perfect gift for any occasion. Whether it's nurse graduation, nurse week, practicing nurse, registered nurse, nurse birthday, gratitude, student nursing, school nurse, year-end nurse, new nurse, registered nurse, nurse mentor, retired nurse, Mother's Day nurse, delivery nurse, or student nurse, this gift box will definitely make them feel grateful and loved
Great Gifts Box For Nurses: Compared to other nurse gift boxes, our gift box is more exquisite and innovative in design. It is full of cute and warm gifts, so you don't need to assemble it yourself, reducing your selection and pairing time. All things are carefully packaged and arranged neatly, so you can send them directly without the need for repackaging. Once opened, the perfect gift will give her the sweetest surprise, making her feel so loved on this special day
Nurse Mug 16 Oz Can Glass：Our can glasses are made of high quality and durable clear glass, free of lead and bpa. Can be used safely for a long time. Whether you prefer hot or cold drinks, our glass bottles are suitable and can withstand temperatures of up to 80-100 degrees Celsius. Suitable for cold and warm drinks, it is a versatile cup for water, beer, cocktails, champagne, iced coffee, tea, jelly, honey, milk, juice or other interesting holiday drinks
Nurses Gifts for Women: Our Nurse Gift set is the perfect way to say thank you to the hard working nurses in your life. It includes a variety of thoughtful and practical gifts, such as a cute makeup bag, 16-ounce glass jar, heart-shaped nurse ornament, key chain and 50pcs nurse stickers. In addition, we have equipped the cups with daily LIDS, straws and straw brushes. These items are carefully selected to ensure that each nurse feels them
Perfect Gifts for Any Occasion: This is a set of warm and practical gifts for nurses. You can make the perfect gift for nurses on Nurse's Day, Nurse's Week, Nurse Appreciation, promotion, retirement, nurse graduation, birthday, Thanksgiving, Christmas, Mother's Day, Valentine's Day or any other occasion that I am sure every nurse will love to receive",B0DMVN1PNS,com,999999,amz-B0DMVN1PNS,amazon,https://www.amazon.com/dp/B0DMVN1PNS/,1747058216,0,0,1,230,0,230,,0,0,1778970612,invalid,9
956,external,,,"Sterling Silver Stethoscope Cross Necklace Earrings Bracelet Ring Women Medicine Pendant Jewelry Nurse Doctor Graduation Gift for Medical Student",1,0,visible,,[gallery],,,taxable,,1,,,0,0,,,,,1,,,29.88,"Clothing\, Shoes and Jewelry > Women",,,"https://m.media-amazon.com/images/I/31CI7M2297L.jpg, https://m.media-amazon.com/images/I/31CI7M2297L.jpg",,,,,,,https://4anurse.com/?redirectAmzASIN=B091YM1RXS&redirect_prodid=amz-B091YM1RXS,,0,,,,,,[gallery],[gallery],[gallery],B091YM1RXS,com,999999,amz-B091YM1RXS,amazon,https://www.amazon.com/dp/B091YM1RXS/,1747058235,0,0,1,212,0,212,,0,0,1778970612,invalid,16
958,external,,,"Zonon 5 Pieces Cute Nurse Badge Reels Felt Retractable Badge Reels Nursing Name Holder Practical ID Holder Gift for Nurses Teachers",1,0,visible,"Lovely appearance: these cute badge reel are designed with stitching work, and the patterns are lovely, in adorable images and vibrant colors of red, pink, purple and blue, which can enhance your charm in daily work and life\nPackage includes: you will get 5 pieces of nurse badge reels in various designs, they are designed relatively in the shape of a needle, a pill, an electrocardiogram, a heart, and a brain, which are educational and attractable images that can effectively draw people's attention\n360-Degree rotation: the alligator clips on these ID badge holders can make rotations of 360 degrees, so these nursing badge reel can be flexibly adjusted by hands to exhibit either side of your badges or cards, and they are not easy to get damaged or fractured","[gallery]\nLovely appearance: these cute badge reel are designed with stitching work, and the patterns are lovely, in adorable images and vibrant colors of red, pink, purple and blue, which can give a boost to your charm in daily work and life\nPackage includes: you are going to get 5 pieces of nurse badge reels in quite a lot of designs, they're designed reasonably in the shape of a needle, a pill, an electrocardiogram, a heart, and a brain, which are educational and attractable images that can effectively draw people's attention\n360-Degree rotation: the alligator clips on these ID badge holders can make rotations of 360 degrees, so these nursing badge reel may also be flexibly adjusted by hands to exhibit either side of your badges or cards, and they don't seem to be easy to get damaged or fractured\nFlexible length: the length of these nurse badge reels may also be extended to the needed length when you need to adjust them to suit your neck circumference and your badges or ID cards, with a purpose to give your life much convenience and efficiency\nWide range of use: these nurse badge reel felt tag holders can not only serve as interesting decorations for your clothes, but also regard as practical gifts for nurses, doctors, nursing workers and more",,,taxable,,1,,,0,0,,,,,1,,,9.99,"Office Products",,,"https://m.media-amazon.com/images/I/51VsWDyOCRS.jpg, https://m.media-amazon.com/images/I/51VsWDyOCRS.jpg",,,,,,,https://4anurse.com/?redirectAmzASIN=B09CPKRGWP&redirect_prodid=amz-B09CPKRGWP,,0,,,,,,"[gallery]
Lovely appearance: these cute badge reel are designed with stitching work, and the patterns are lovely, in adorable images and vibrant colors of red, pink, purple and blue, which can {enhance|give a boost to|beef up|strengthen|improve|reinforce|make stronger|support|fortify|toughen} your charm in daily work and life
Package includes: {you will|you are going to|you'll|you're going to} get 5 pieces of nurse badge reels in {various|more than a few|quite a lot of} designs, {they are|they're} designed {relatively|rather|quite|somewhat|slightly|fairly|moderately|reasonably} in the shape of a needle, a pill, an electrocardiogram, a heart, and a brain, which are educational and attractable images that can effectively draw people's attention
360-Degree rotation: the alligator clips on these ID badge holders can make rotations of 360 degrees, so these nursing badge reel {can be|can also be|may also be|will also be} flexibly adjusted by hands to exhibit either side of your badges or cards, and {they are not|they don't seem to be|they aren't} easy to get damaged or fractured
Flexible length: the length of these nurse badge reels {can be|can also be|may also be|will also be} extended to the needed length when {you want|you wish to have|you need} to adjust them {to fit your|to suit your} neck circumference and your badges or ID cards, {which will|in order to|to be able to|so as to|that allows you to|with a view to|on the way to|with the intention to|with a purpose to|as a way to|so one can|in an effort to|so that it will|for you to} give your life much convenience and efficiency
Wide range of use: these nurse badge reel felt tag holders can not only serve as interesting decorations for your clothes, but also regard as practical gifts for nurses, doctors, nursing workers and more","[gallery]
Lovely appearance: these cute badge reel are designed with stitching work, and the patterns are lovely, in adorable images and vibrant colors of red, pink, purple and blue, which can {give a boost to|beef up|strengthen|fortify|reinforce|improve|toughen|make stronger|support|enhance} your charm in daily work and life
Package includes: {you are going to|you'll|you're going to|you will} get 5 pieces of nurse badge reels in {quite a lot of|more than a few|various} designs, {they're|they are} designed {reasonably|slightly|somewhat|fairly|quite|moderately|rather|relatively} in the shape of a needle, a pill, an electrocardiogram, a heart, and a brain, which are educational and attractable images that can effectively draw people's attention
360-Degree rotation: the alligator clips on these ID badge holders can make rotations of 360 degrees, so these nursing badge reel {may also be|can also be|will also be|can be} flexibly adjusted by hands to exhibit either side of your badges or cards, and {they don't seem to be|they aren't|they are not} easy to get damaged or fractured
Flexible length: the length of these nurse badge reels {may also be|can also be|will also be|can be} extended to the needed length when {you need|you wish to have|you want} to adjust them {to suit your|to fit your} neck circumference and your badges or ID cards, {with a purpose to|in order to|so one can|to be able to|with a view to|so as to|with the intention to|in an effort to|so that it will|as a way to|on the way to|that allows you to|for you to|which will} give your life much convenience and efficiency
Wide range of use: these nurse badge reel felt tag holders can not only serve as interesting decorations for your clothes, but also regard as practical gifts for nurses, doctors, nursing workers and more","[gallery]
Lovely appearance: these cute badge reel are designed with stitching work, and the patterns are lovely, in adorable images and vibrant colors of red, pink, purple and blue, which can enhance your charm in daily work and life
Package includes: you will get 5 pieces of nurse badge reels in various designs, they are designed relatively in the shape of a needle, a pill, an electrocardiogram, a heart, and a brain, which are educational and attractable images that can effectively draw people's attention
360-Degree rotation: the alligator clips on these ID badge holders can make rotations of 360 degrees, so these nursing badge reel can be flexibly adjusted by hands to exhibit either side of your badges or cards, and they are not easy to get damaged or fractured
Flexible length: the length of these nurse badge reels can be extended to the needed length when you want to adjust them to fit your neck circumference and your badges or ID cards, which will give your life much convenience and efficiency
Wide range of use: these nurse badge reel felt tag holders can not only serve as interesting decorations for your clothes, but also regard as practical gifts for nurses, doctors, nursing workers and more",B09CPKRGWP,com,999999,amz-B09CPKRGWP,amazon,https://www.amazon.com/dp/B09CPKRGWP/,1747058418,0,0,1,218,0,218,,0,0,1778970612,invalid,18
960,external,,,"Funny Angry Goose Badge Reel, Retractable RN Nurse Doctor Teacher Badge Holder Clip, Silly Goose Pediatric Nurse Badge Reel, Nursing Student ID Badge Clip, CNA MA Medical Worker Accessories",1,0,visible,"Personalized Design: Our badge reels are designed in a satirical and humorous style, they also look charming! Add a touch of fun and personality to your work, ideal for healthcare professionals\nAcrylic and Alligator Clip: The badge reel is made of strong acrylic material overall with sturdy metal alligator clips. The badge reel is also able to be securely fastened to your clothes and pockets, allowing you to easily swipe or scan your ID badge without any hassle. Well-made and colorful, it's a great companion for your work!\nRetractable Cord: The retractable reel cord extends a maximum of 24 inches, more than enough to reach comfortably as far as your arm can reach. The flexible retractable feature enables you to effortlessly display your badge without removing it, enhancing your efficiency at work.","[gallery]\nPersonalized Design: Our badge reels are designed in a satirical and humorous style, they also look charming! Add a touch of fun and personality to your work, ideal for healthcare professionals\nAcrylic and Alligator Clip: The badge reel is made of strong acrylic material overall with sturdy metal alligator clips. The badge reel is also ready to be securely fastened to your clothes and pockets, allowing you to easily swipe or scan your ID badge without any hassle. Well-made and colorful, it is a great companion for your work!\nRetractable Cord: The retractable reel cord extends a maximum of 24 inches, more than enough to achieve comfortably so far as your arm can reach. The flexible retractable feature lets you effortlessly display your badge without removing it, enhancing your efficiency at work.\nGreat ideal for Nurse: A funny and cute badge reel is a perfect choice for nurses, nursing students, healthcare workers, dentists, pediatricians, and other medical staff. Our nurse badge reels are a good way to start conversations with your patients and spread positivity.\nCustomer Care: We're committed to your happiness with each purchase. If anything is not perfect or you have any concerns, we're here to make it right. Please don't hesitate to achieve out to us—we're eager that can assist you!",,,taxable,,1,,,0,0,,,,,1,,,6.99,"Office Products",,,"https://m.media-amazon.com/images/I/41Gt1eXicPL.jpg, https://m.media-amazon.com/images/I/41Gt1eXicPL.jpg",,,,,,,https://4anurse.com/?redirectAmzASIN=B0DL4N2QTY&redirect_prodid=amz-B0DL4N2QTY,,0,,,,,,"[gallery]
Personalized Design: Our badge reels are designed in a satirical and humorous style, they also look charming! Add a touch of fun and personality to your work, ideal for healthcare professionals
Acrylic and Alligator Clip: The badge reel is made of strong acrylic material overall with sturdy metal alligator clips. The badge reel is also {able|in a position|ready} to be securely fastened to your clothes and pockets, allowing you to easily swipe or scan your ID badge without any hassle. Well-made and colorful, {it's a|it is a} great companion for your work!
Retractable Cord: The retractable reel cord extends a maximum of 24 inches, more than enough {to reach|to succeed in|to achieve} comfortably {as far as|so far as} your arm can reach. The flexible retractable feature {enables you to|lets you|allows you to} effortlessly display your badge without removing it, enhancing your efficiency at work.
Great ideal for Nurse: A funny and cute badge reel {is an ideal|is a perfect} choice for nurses, nursing students, healthcare workers, dentists, pediatricians, and other medical staff. Our nurse badge reels are {a great way|a good way|an effective way} to start conversations with your patients and spread positivity.
Customer Care: We're committed to your happiness with {every|each and every|each} purchase. If anything {isn't|is not} perfect or you have any concerns, we're here to make it right. Please don't hesitate {to reach|to succeed in|to achieve} out to us—we're eager {to help you|that will help you|that can assist you}!","[gallery]
Personalized Design: Our badge reels are designed in a satirical and humorous style, they also look charming! Add a touch of fun and personality to your work, ideal for healthcare professionals
Acrylic and Alligator Clip: The badge reel is made of strong acrylic material overall with sturdy metal alligator clips. The badge reel is also {ready|in a position|able} to be securely fastened to your clothes and pockets, allowing you to easily swipe or scan your ID badge without any hassle. Well-made and colorful, {it is a|it's a} great companion for your work!
Retractable Cord: The retractable reel cord extends a maximum of 24 inches, more than enough {to achieve|to succeed in|to reach} comfortably {so far as|as far as} your arm can reach. The flexible retractable feature {lets you|allows you to|enables you to} effortlessly display your badge without removing it, enhancing your efficiency at work.
Great ideal for Nurse: A funny and cute badge reel {is a perfect|is an ideal} choice for nurses, nursing students, healthcare workers, dentists, pediatricians, and other medical staff. Our nurse badge reels are {a good way|an effective way|a great way} to start conversations with your patients and spread positivity.
Customer Care: We're committed to your happiness with {each|each and every|every} purchase. If anything {is not|isn't} perfect or you have any concerns, we're here to make it right. Please don't hesitate {to achieve|to succeed in|to reach} out to us—we're eager {that can assist you|that will help you|to help you}!","[gallery]
Personalized Design: Our badge reels are designed in a satirical and humorous style, they also look charming! Add a touch of fun and personality to your work, ideal for healthcare professionals
Acrylic and Alligator Clip: The badge reel is made of strong acrylic material overall with sturdy metal alligator clips. The badge reel is also able to be securely fastened to your clothes and pockets, allowing you to easily swipe or scan your ID badge without any hassle. Well-made and colorful, it's a great companion for your work!
Retractable Cord: The retractable reel cord extends a maximum of 24 inches, more than enough to reach comfortably as far as your arm can reach. The flexible retractable feature enables you to effortlessly display your badge without removing it, enhancing your efficiency at work.
Great ideal for Nurse: A funny and cute badge reel is an ideal choice for nurses, nursing students, healthcare workers, dentists, pediatricians, and other medical staff. Our nurse badge reels are a great way to start conversations with your patients and spread positivity.
Customer Care: We're committed to your happiness with every purchase. If anything isn't perfect or you have any concerns, we're here to make it right. Please don't hesitate to reach out to us—we're eager to help you!",B0DL4N2QTY,com,999999,amz-B0DL4N2QTY,amazon,https://www.amazon.com/dp/B0DL4N2QTY/,1747058423,0,0,1,214,0,216,,0,0,1778970612,invalid,12
962,external,,,"I'm Trying My Best Funny Badge Reel Retractable for Nurse Nursing RN Doctor Medical Worker & Teacher | Cute Pink Nurse ID Name Tag Badge Holder with Alligator Clip & 24” Durable Nylon Cord | Acrylic",1,0,visible,"【Personalized Design】Our badge reels are designed in a satirical and humorous style, they also look charming! Add a touch of fun and personality to your work, ideal for healthcare professionals.\n【Acrylic and Alligator Clip】The badge reel is made of high quality acrylic material overall with sturdy metal alligator clips. The badge reel is also able to be securely fastened to your clothes and pockets, allowing you to easily swipe or scan your ID badge without any hassle. Well-made and colorful, it's a great companion for your work!\n【Retractable Cord】The retractable reel cord extends a maximum of 24 inches, more than enough to reach comfortably as far as your arm can reach. The flexible retractable feature enables you to effortlessly display your badge without removing it, enhancing your efficiency at work.","[gallery]\n【Personalized Design】Our badge reels are designed in a satirical and humorous style, they also look charming! Add a touch of fun and personality to your work, ideal for healthcare professionals.\n【Acrylic and Alligator Clip】The badge reel is made of prime quality acrylic material overall with sturdy metal alligator clips. The badge reel is also in a position to be securely fastened to your clothes and pockets, allowing you to easily swipe or scan your ID badge without any hassle. Well-made and colorful, it is a great companion for your work!\n【Retractable Cord】The retractable reel cord extends a maximum of 24 inches, more than enough to succeed in comfortably so far as your arm can reach. The flexible retractable feature allows you to effortlessly display your badge without removing it, enhancing your efficiency at work.\n【Perfect for Nurse】Funny and cute badge reel is a perfect choice for nurses, nursing students, healthcare workers, dentists, pediatricians, and other medical staff. Our nurse badge reels are a good way to start conversations with your patients and spread positivity.\n【Friendly Service】If you encounter any issues or find the product doesn't meet your expectations, please don't hesitate to contact us. We can refund each penny of your money or provide a free replacement.",,,taxable,,1,,,0,0,,,,,1,,,7.69,"Office Products",,,"https://m.media-amazon.com/images/I/41YJPh1GruL.jpg, https://m.media-amazon.com/images/I/41YJPh1GruL.jpg",,,,,,,https://4anurse.com/?redirectAmzASIN=B0DKWK46QH&redirect_prodid=amz-B0DKWK46QH,,0,,,,,,"[gallery]
【Personalized Design】Our badge reels are designed in a satirical and humorous style, they also look charming! Add a touch of fun and personality to your work, ideal for healthcare professionals.
【Acrylic and Alligator Clip】The badge reel is made of {high quality|top of the range|prime quality|top quality} acrylic material overall with sturdy metal alligator clips. The badge reel is also {able|in a position|ready} to be securely fastened to your clothes and pockets, allowing you to easily swipe or scan your ID badge without any hassle. Well-made and colorful, {it's a|it is a} great companion for your work!
【Retractable Cord】The retractable reel cord extends a maximum of 24 inches, more than enough {to reach|to succeed in|to achieve} comfortably {as far as|so far as} your arm can reach. The flexible retractable feature {enables you to|lets you|allows you to} effortlessly display your badge without removing it, enhancing your efficiency at work.
【Perfect for Nurse】Funny and cute badge reel {is an ideal|is a perfect} choice for nurses, nursing students, healthcare workers, dentists, pediatricians, and other medical staff. Our nurse badge reels are {a great way|a good way|an effective way} to start conversations with your patients and spread positivity.
【Friendly Service】If you encounter any issues or find the product doesn't meet your expectations, please don't hesitate to contact us. {We will|We will be able to|We can} refund {every|each and every|each} penny of your money or provide a free replacement.","[gallery]
【Personalized Design】Our badge reels are designed in a satirical and humorous style, they also look charming! Add a touch of fun and personality to your work, ideal for healthcare professionals.
【Acrylic and Alligator Clip】The badge reel is made of {prime quality|top quality|top of the range|high quality} acrylic material overall with sturdy metal alligator clips. The badge reel is also {in a position|ready|able} to be securely fastened to your clothes and pockets, allowing you to easily swipe or scan your ID badge without any hassle. Well-made and colorful, {it is a|it's a} great companion for your work!
【Retractable Cord】The retractable reel cord extends a maximum of 24 inches, more than enough {to succeed in|to achieve|to reach} comfortably {so far as|as far as} your arm can reach. The flexible retractable feature {allows you to|lets you|enables you to} effortlessly display your badge without removing it, enhancing your efficiency at work.
【Perfect for Nurse】Funny and cute badge reel {is a perfect|is an ideal} choice for nurses, nursing students, healthcare workers, dentists, pediatricians, and other medical staff. Our nurse badge reels are {a good way|an effective way|a great way} to start conversations with your patients and spread positivity.
【Friendly Service】If you encounter any issues or find the product doesn't meet your expectations, please don't hesitate to contact us. {We can|We will be able to|We will} refund {each|each and every|every} penny of your money or provide a free replacement.","[gallery]
【Personalized Design】Our badge reels are designed in a satirical and humorous style, they also look charming! Add a touch of fun and personality to your work, ideal for healthcare professionals.
【Acrylic and Alligator Clip】The badge reel is made of high quality acrylic material overall with sturdy metal alligator clips. The badge reel is also able to be securely fastened to your clothes and pockets, allowing you to easily swipe or scan your ID badge without any hassle. Well-made and colorful, it's a great companion for your work!
【Retractable Cord】The retractable reel cord extends a maximum of 24 inches, more than enough to reach comfortably as far as your arm can reach. The flexible retractable feature enables you to effortlessly display your badge without removing it, enhancing your efficiency at work.
【Perfect for Nurse】Funny and cute badge reel is an ideal choice for nurses, nursing students, healthcare workers, dentists, pediatricians, and other medical staff. Our nurse badge reels are a great way to start conversations with your patients and spread positivity.
【Friendly Service】If you encounter any issues or find the product doesn't meet your expectations, please don't hesitate to contact us. We will refund every penny of your money or provide a free replacement.",B0DKWK46QH,com,999999,amz-B0DKWK46QH,amazon,https://www.amazon.com/dp/B0DKWK46QH/,1747058432,0,0,1,214,0,214,,0,0,1778970612,invalid,12
964,external,,,"8 PCS Badge Reel Retractable ID Badge Holders Funny Nurse Badge Clips Cute Medical Assistant CNA RN LPN Healthcare Badge Buddy Nursing Accessories for Work",1,0,visible,"Nurse Badge Reel Bulk Set: Designed to bring a touch of fun and functionality to your daily routine, this funny retrctable badge reel bulk features 6 or 8 unique and colorful designs, including rainbow, pill, pill box, coffee cup, heart, lung, and fire badge reels\nHow to Use: Use the alligator clip to securely attach the badge reel to your belt, pocket, or lanyard The retractable cord extends up to 27 inches, allowing you to easily display your ID or access card\nConvenient Use & Stylish Designs: The retractable cord allows for easy access to ID badges and access cards, making them great for busy professionals with a variety of designs to choose from, you can find the perfect badge reel to match your personality and style","[gallery]\n<!-- show up to 2 reviews by default --> <p> <span>Introducing our Nurse Badge Reel Bulk Set, designed to bring a touch of fun and functionality to your daily routine. This set features eight unique and colorful designs, including rainbow, pill, pill box, coffee cup, heart, lung, and fire badge reels. Each reel is crafted with care to provide a reliable and stylish way to display your ID or access cards. <br><br>*Pill Badge Reel: Featuring a fun pill design, this medical badge reel is ideal for healthcare professionals who wish to add a touch of humor to their uniforms. <br><br>* Coffee Cup Badge Reel: For the coffee lovers, the Coffee Cup Badge Reel is a delightful way to blow their own horns your love for caffeine even as keeping your ID easily accessible. <br><br>* Heart Badge Reel: Symbolizing compassion and care, the Heart Badge Reel is perfect for nurses and doctors who dedicate their lives to helping others. <br><br>* Fire Badge Reel: Add some spark to your attire with the Fire Badge Reel. This fiery design is great for individuals who thrive in high-pressure environments. <br><br></span><span>Key Features: <br>Durable and Reliable: Made with high-quality materials, each cute badge reel is designed to resist daily use. The retractable cord extends up to 27 inches, ensuring convenience when displaying your ID or access card. <br>Secure Attachment: Each badge reel comes with a sturdy alligator clip that securely attaches to your belt, pocket, or lanyard, keeping your ID easily accessible. <br>Versatile Use: Suitable for a wide range of professions including healthcare workers, teachers, office employees, and students. These badge reels are also perfect for anyone who needs to carry an ID or access card ceaselessly. <br>Great Present Idea: This bulk set makes a thoughtful and practical present for friends, family, or colleagues. Ideal for birthdays, holidays, or as a welcome present for new employees.</span> </p>\nNurse Badge Reel Bulk Set: Designed to bring a touch of fun and functionality to your daily routine, this funny retrctable badge reel bulk features 6 or 8 unique and colorful designs, including rainbow, pill, pill box, coffee cup, heart, lung, and fire badge reels\nHow to Use: Use the alligator clip to securely attach the badge reel to your belt, pocket, or lanyard The retractable cord extends up to 27 inches, allowing you to easily display your ID or access card\nConvenient Use & Stylish Designs: The retractable cord allows for easy access to ID badges and access cards, making them great for busy professionals with a lot of designs to choose between, you'll be able to find the perfect badge reel to match your personality and style\nDurable & Reliable: Each cute badge reel is crafted with care to provide a reliable and stylish way to display your ID or access cards Great for nurses, doctors, healthcare professionals, teachers, office workers, and students, these badge reels are both practical and eye-catching\nProfessional & Fun: Balance professionalism with a touch of fun, making your workday a little brighter and more enjoyable With their unique designs and practical use, these badge reels make excellent presents for colleagues, friends, and members of the family",,,taxable,,1,,,0,0,,,,,1,,,14.99,"Office Products",,,"https://m.media-amazon.com/images/I/51VrI22rXfL.jpg, https://m.media-amazon.com/images/I/51VrI22rXfL.jpg",,,,,,,https://4anurse.com/?redirectAmzASIN=B0DCBQZFMT&redirect_prodid=amz-B0DCBQZFMT,,0,,,,,,"[gallery]
<!-- show up to 2 reviews by default --> <p> <span>Introducing our Nurse Badge Reel Bulk Set, designed to bring a touch of fun and functionality to your daily routine. This set features eight unique and colorful designs, including rainbow, pill, pill box, coffee cup, heart, lung, and fire badge reels. Each reel is crafted with care to provide a reliable and stylish way to display your ID or access cards. <br><br>*Pill Badge Reel: Featuring a fun pill design, this medical badge reel is ideal for healthcare professionals who {want to|need to|wish to} add a touch of humor to their uniforms. <br><br>* Coffee Cup Badge Reel: For the coffee lovers, the Coffee Cup Badge Reel is a delightful way to {show off|blow their own horns|sing their own praises} your love for caffeine {while|at the same time as|whilst|even as} keeping your ID easily accessible. <br><br>* Heart Badge Reel: Symbolizing compassion and care, the Heart Badge Reel is perfect for nurses and doctors who dedicate their lives to helping others. <br><br>* Fire Badge Reel: Add some spark to your attire with the Fire Badge Reel. This fiery design is great {for those who|for many who|for individuals who} thrive in high-pressure environments. <br><br></span><span>Key Features: <br>Durable and Reliable: Made with high-quality materials, each cute badge reel is designed {to withstand|to resist} daily use. The retractable cord extends up to 27 inches, ensuring convenience when displaying your ID or access card. <br>Secure Attachment: Each badge reel comes with a sturdy alligator clip that securely attaches to your belt, pocket, or lanyard, keeping your ID easily accessible. <br>Versatile Use: Suitable for a wide range of professions including healthcare workers, teachers, office employees, and students. These badge reels are also perfect for anyone who needs to carry an ID or access card {regularly|frequently|incessantly|steadily|ceaselessly|often|continuously}. <br>Great Present Idea: This bulk set makes a thoughtful and practical present for friends, family, or colleagues. Ideal for birthdays, holidays, or as a welcome present for new employees.</span> </p>
Nurse Badge Reel Bulk Set: Designed to bring a touch of fun and functionality to your daily routine, this funny retrctable badge reel bulk features 6 or 8 unique and colorful designs, including rainbow, pill, pill box, coffee cup, heart, lung, and fire badge reels
How to Use: Use the alligator clip to securely attach the badge reel to your belt, pocket, or lanyard The retractable cord extends up to 27 inches, allowing you to easily display your ID or access card
Convenient Use & Stylish Designs: The retractable cord allows for easy access to ID badges and access cards, making them great for busy professionals with {a variety of|a number of|numerous|quite a few|various|quite a lot of|a lot of|plenty of} designs {to choose from|to make a choice from|to choose between}, {you can|you'll be able to|you'll} find the perfect badge reel to match your personality and style
Durable & Reliable: Each cute badge reel is crafted with care to provide a reliable and stylish way to display your ID or access cards Great for nurses, doctors, healthcare professionals, teachers, office workers, and students, these badge reels are both practical and eye-catching
Professional & Fun: Balance professionalism with a touch of fun, making your workday a little brighter and more enjoyable With their unique designs and practical use, these badge reels make excellent presents for colleagues, friends, and {family members|members of the family}","[gallery]
<!-- show up to 2 reviews by default --> <p> <span>Introducing our Nurse Badge Reel Bulk Set, designed to bring a touch of fun and functionality to your daily routine. This set features eight unique and colorful designs, including rainbow, pill, pill box, coffee cup, heart, lung, and fire badge reels. Each reel is crafted with care to provide a reliable and stylish way to display your ID or access cards. <br><br>*Pill Badge Reel: Featuring a fun pill design, this medical badge reel is ideal for healthcare professionals who {wish to|need to|want to} add a touch of humor to their uniforms. <br><br>* Coffee Cup Badge Reel: For the coffee lovers, the Coffee Cup Badge Reel is a delightful way to {blow their own horns|sing their own praises|show off} your love for caffeine {even as|whilst|at the same time as|while} keeping your ID easily accessible. <br><br>* Heart Badge Reel: Symbolizing compassion and care, the Heart Badge Reel is perfect for nurses and doctors who dedicate their lives to helping others. <br><br>* Fire Badge Reel: Add some spark to your attire with the Fire Badge Reel. This fiery design is great {for individuals who|for many who|for those who} thrive in high-pressure environments. <br><br></span><span>Key Features: <br>Durable and Reliable: Made with high-quality materials, each cute badge reel is designed {to resist|to withstand} daily use. The retractable cord extends up to 27 inches, ensuring convenience when displaying your ID or access card. <br>Secure Attachment: Each badge reel comes with a sturdy alligator clip that securely attaches to your belt, pocket, or lanyard, keeping your ID easily accessible. <br>Versatile Use: Suitable for a wide range of professions including healthcare workers, teachers, office employees, and students. These badge reels are also perfect for anyone who needs to carry an ID or access card {ceaselessly|often|frequently|steadily|continuously|incessantly|regularly}. <br>Great Present Idea: This bulk set makes a thoughtful and practical present for friends, family, or colleagues. Ideal for birthdays, holidays, or as a welcome present for new employees.</span> </p>
Nurse Badge Reel Bulk Set: Designed to bring a touch of fun and functionality to your daily routine, this funny retrctable badge reel bulk features 6 or 8 unique and colorful designs, including rainbow, pill, pill box, coffee cup, heart, lung, and fire badge reels
How to Use: Use the alligator clip to securely attach the badge reel to your belt, pocket, or lanyard The retractable cord extends up to 27 inches, allowing you to easily display your ID or access card
Convenient Use & Stylish Designs: The retractable cord allows for easy access to ID badges and access cards, making them great for busy professionals with {a lot of|plenty of|numerous|a number of|quite a lot of|various|quite a few|a variety of} designs {to choose between|to make a choice from|to choose from}, {you'll be able to|you'll|you can} find the perfect badge reel to match your personality and style
Durable & Reliable: Each cute badge reel is crafted with care to provide a reliable and stylish way to display your ID or access cards Great for nurses, doctors, healthcare professionals, teachers, office workers, and students, these badge reels are both practical and eye-catching
Professional & Fun: Balance professionalism with a touch of fun, making your workday a little brighter and more enjoyable With their unique designs and practical use, these badge reels make excellent presents for colleagues, friends, and {members of the family|family members}","[gallery]
<!-- show up to 2 reviews by default --> <p> <span>Introducing our Nurse Badge Reel Bulk Set, designed to bring a touch of fun and functionality to your daily routine. This set features eight unique and colorful designs, including rainbow, pill, pill box, coffee cup, heart, lung, and fire badge reels. Each reel is crafted with care to provide a reliable and stylish way to display your ID or access cards. <br><br>*Pill Badge Reel: Featuring a fun pill design, this medical badge reel is ideal for healthcare professionals who want to add a touch of humor to their uniforms. <br><br>* Coffee Cup Badge Reel: For the coffee lovers, the Coffee Cup Badge Reel is a delightful way to show off your love for caffeine while keeping your ID easily accessible. <br><br>* Heart Badge Reel: Symbolizing compassion and care, the Heart Badge Reel is perfect for nurses and doctors who dedicate their lives to helping others. <br><br>* Fire Badge Reel: Add some spark to your attire with the Fire Badge Reel. This fiery design is great for those who thrive in high-pressure environments. <br><br></span><span>Key Features: <br>Durable and Reliable: Made with high-quality materials, each cute badge reel is designed to withstand daily use. The retractable cord extends up to 27 inches, ensuring convenience when displaying your ID or access card. <br>Secure Attachment: Each badge reel comes with a sturdy alligator clip that securely attaches to your belt, pocket, or lanyard, keeping your ID easily accessible. <br>Versatile Use: Suitable for a wide range of professions including healthcare workers, teachers, office employees, and students. These badge reels are also perfect for anyone who needs to carry an ID or access card regularly. <br>Great Present Idea: This bulk set makes a thoughtful and practical present for friends, family, or colleagues. Ideal for birthdays, holidays, or as a welcome present for new employees.</span> </p>
Nurse Badge Reel Bulk Set: Designed to bring a touch of fun and functionality to your daily routine, this funny retrctable badge reel bulk features 6 or 8 unique and colorful designs, including rainbow, pill, pill box, coffee cup, heart, lung, and fire badge reels
How to Use: Use the alligator clip to securely attach the badge reel to your belt, pocket, or lanyard The retractable cord extends up to 27 inches, allowing you to easily display your ID or access card
Convenient Use & Stylish Designs: The retractable cord allows for easy access to ID badges and access cards, making them great for busy professionals with a variety of designs to choose from, you can find the perfect badge reel to match your personality and style
Durable & Reliable: Each cute badge reel is crafted with care to provide a reliable and stylish way to display your ID or access cards Great for nurses, doctors, healthcare professionals, teachers, office workers, and students, these badge reels are both practical and eye-catching
Professional & Fun: Balance professionalism with a touch of fun, making your workday a little brighter and more enjoyable With their unique designs and practical use, these badge reels make excellent presents for colleagues, friends, and family members",B0DCBQZFMT,com,999999,amz-B0DCBQZFMT,amazon,https://www.amazon.com/dp/B0DCBQZFMT/,1747058439,0,0,1,231,0,231,,0,0,1778970612,invalid,22
966,external,,,"Pink Bow Stethoscope Badge Reel Retractable for Nurse Nursing RN CNA LPN & Medical Assistant | Cute Nurse Gifts Coquette Bow ID Name Badge Holder with Alligator Clip & 24” Durable Nylon Cord | Acrylic",1,0,visible,"【Eye-Catching Design】Bydevia Personalized badge reels are designed in a satirical and humorous style, they also look charming! Add a touch of fun and laughter to your work, ideal for healthcare professionals.\n【Easy to Clean】The badge reel is made of high quality acrylic material overall with sturdy metal alligator clips. The badge reel is also able to be securely fastened to your clothes and pockets, allowing you to easily swipe or scan your ID badge without any hassle. Well-made and colorful, it's a great companion for your work!\n【Convenient and Durable】The retractable reel cord extends a maximum of 24 inches, more than enough to reach comfortably as far as your arm can reach. The flexible retractable feature enables you to effortlessly display your badge without removing it, enhancing your efficiency at work.","[gallery]\n【Eye-Catching Design】Bydevia Personalized badge reels are designed in a satirical and humorous style, they also look charming! Add a touch of fun and laughter to your work, ideal for healthcare professionals.\n【Easy to Clean】The badge reel is made of top quality acrylic material overall with sturdy metal alligator clips. The badge reel is also in a position to be securely fastened to your clothes and pockets, allowing you to easily swipe or scan your ID badge without any hassle. Well-made and colorful, it is a great companion for your work!\n【Convenient and Durable】The retractable reel cord extends a maximum of 24 inches, more than enough to achieve comfortably so far as your arm can reach. The flexible retractable feature lets you effortlessly display your badge without removing it, enhancing your efficiency at work.\n【Perfect Gifts for Nurse】Funny and cute badge reel is a perfect choice for nurses, RN, CNA, nursing students, healthcare workers, dentists, pediatricians, and other medical staff. Our nurse badge reels are a good way to start conversations with your patients and spread positivity.\n【Customer Care】We're committed to your happiness with every purchase. If anything is not perfect or you have any concerns, we're here to make it right. Please don't hesitate to achieve out to us—we're eager that will help you!",,,taxable,,1,,,0,0,,,,,1,,,7.59,"Office Products",,,"https://m.media-amazon.com/images/I/51B42SP9jFL.jpg, https://m.media-amazon.com/images/I/51B42SP9jFL.jpg",,,,,,,https://4anurse.com/?redirectAmzASIN=B0DYXJ69G3&redirect_prodid=amz-B0DYXJ69G3,,0,,,,,,"[gallery]
【Eye-Catching Design】Bydevia Personalized badge reels are designed in a satirical and humorous style, they also look charming! Add a touch of fun and laughter to your work, ideal for healthcare professionals.
【Easy to Clean】The badge reel is made of {high quality|top of the range|prime quality|top quality} acrylic material overall with sturdy metal alligator clips. The badge reel is also {able|in a position|ready} to be securely fastened to your clothes and pockets, allowing you to easily swipe or scan your ID badge without any hassle. Well-made and colorful, {it's a|it is a} great companion for your work!
【Convenient and Durable】The retractable reel cord extends a maximum of 24 inches, more than enough {to reach|to succeed in|to achieve} comfortably {as far as|so far as} your arm can reach. The flexible retractable feature {enables you to|lets you|allows you to} effortlessly display your badge without removing it, enhancing your efficiency at work.
【Perfect Gifts for Nurse】Funny and cute badge reel {is an ideal|is a perfect} choice for nurses, RN, CNA, nursing students, healthcare workers, dentists, pediatricians, and other medical staff. Our nurse badge reels are {a great way|a good way|an effective way} to start conversations with your patients and spread positivity.
【Customer Care】We're committed to your happiness with every purchase. If anything {isn't|is not} perfect or you have any concerns, we're here to make it right. Please don't hesitate {to reach|to succeed in|to achieve} out to us—we're eager {to help you|that will help you|that can assist you}!","[gallery]
【Eye-Catching Design】Bydevia Personalized badge reels are designed in a satirical and humorous style, they also look charming! Add a touch of fun and laughter to your work, ideal for healthcare professionals.
【Easy to Clean】The badge reel is made of {top quality|prime quality|top of the range|high quality} acrylic material overall with sturdy metal alligator clips. The badge reel is also {in a position|ready|able} to be securely fastened to your clothes and pockets, allowing you to easily swipe or scan your ID badge without any hassle. Well-made and colorful, {it is a|it's a} great companion for your work!
【Convenient and Durable】The retractable reel cord extends a maximum of 24 inches, more than enough {to achieve|to succeed in|to reach} comfortably {so far as|as far as} your arm can reach. The flexible retractable feature {lets you|allows you to|enables you to} effortlessly display your badge without removing it, enhancing your efficiency at work.
【Perfect Gifts for Nurse】Funny and cute badge reel {is a perfect|is an ideal} choice for nurses, RN, CNA, nursing students, healthcare workers, dentists, pediatricians, and other medical staff. Our nurse badge reels are {a good way|an effective way|a great way} to start conversations with your patients and spread positivity.
【Customer Care】We're committed to your happiness with every purchase. If anything {is not|isn't} perfect or you have any concerns, we're here to make it right. Please don't hesitate {to achieve|to succeed in|to reach} out to us—we're eager {that will help you|that can assist you|to help you}!","[gallery]
【Eye-Catching Design】Bydevia Personalized badge reels are designed in a satirical and humorous style, they also look charming! Add a touch of fun and laughter to your work, ideal for healthcare professionals.
【Easy to Clean】The badge reel is made of high quality acrylic material overall with sturdy metal alligator clips. The badge reel is also able to be securely fastened to your clothes and pockets, allowing you to easily swipe or scan your ID badge without any hassle. Well-made and colorful, it's a great companion for your work!
【Convenient and Durable】The retractable reel cord extends a maximum of 24 inches, more than enough to reach comfortably as far as your arm can reach. The flexible retractable feature enables you to effortlessly display your badge without removing it, enhancing your efficiency at work.
【Perfect Gifts for Nurse】Funny and cute badge reel is an ideal choice for nurses, RN, CNA, nursing students, healthcare workers, dentists, pediatricians, and other medical staff. Our nurse badge reels are a great way to start conversations with your patients and spread positivity.
【Customer Care】We're committed to your happiness with every purchase. If anything isn't perfect or you have any concerns, we're here to make it right. Please don't hesitate to reach out to us—we're eager to help you!",B0DYXJ69G3,com,999999,amz-B0DYXJ69G3,amazon,https://www.amazon.com/dp/B0DYXJ69G3/,1747058441,0,0,1,231,1,231,,0,0,1778970612,invalid,19
968,external,,,"Retractable Badge Reel, Cute Badge Reels for Nurse Badge Holder with Alligator Clip for Doctor Teacher (Dolphin)",1,0,visible,"Retractable badge reels storing and presenting business cards in a safe way, it's a convenient solution for scanning in at the office","[gallery]\nRetractable badge reels storing and providing industry playing cards in a secure means, it is a handy answer for scanning in on the workplace",,,taxable,,1,,,0,0,,,,,1,,,5.99,"Office Products",,,"https://m.media-amazon.com/images/I/31sPv-9Jw6L.jpg, https://m.media-amazon.com/images/I/31sPv-9Jw6L.jpg",,,,,,,https://4anurse.com/?redirectAmzASIN=B0F297X8ZL&redirect_prodid=amz-B0F297X8ZL,,0,,,,,,"[gallery]
Retractable badge reels storing and {presenting|providing|offering|supplying|imparting} {business|industry|trade} {cards|playing cards} in a {safe|protected|secure} {way|method|means|approach|manner}, {it's a|it is a} {convenient|handy} {solution|answer|resolution} for scanning in {at the|on the} {office|place of business|place of work|workplace|administrative center|place of job}","[gallery]
Retractable badge reels storing and {providing|offering|supplying|imparting|presenting} {industry|trade|business} {playing cards|cards} in a {secure|protected|safe} {means|method|approach|manner|way}, {it is a|it's a} {handy|convenient} {answer|resolution|solution} for scanning in {on the|at the} {workplace|place of business|place of job|place of work|administrative center|office}","[gallery]
Retractable badge reels storing and presenting business cards in a safe way, it's a convenient solution for scanning in at the office",B0F297X8ZL,com,999999,amz-B0F297X8ZL,amazon,https://www.amazon.com/dp/B0F297X8ZL/,1747058445,0,0,1,233,0,233,,0,0,1778970612,invalid,10
970,external,,,"Highland Cow Nurse Badge Reel, Cute Work Badge Holder with Retractable Clip, Pediatric Badge Buddy, Nursing Student RN LPN CNA MA Medical Worker Teacher Doctor ID Name Badge Clip Accessories",1,0,visible,"Introducing our delightful hignland cow badge reel, the purr-fect accessory to brighten up your workday! This charming badge scroll features an adorable cow greeting people, it brings a smile to your face every time you wear it. Whether you're a healthcare professional, teacher, office worker, or cow lover, this accessory is sure to be a conversation starter and a source of joy.\nAcrylic and Alligator Clip: The badge reel is made of strong acrylic material overall with sturdy metal alligator clips. The badge reel is also able to be securely fastened to your clothes and pockets, allowing you to easily swipe or scan your ID badge without any hassle. Well-made and colorful, it's a great companion for your work!\nRetractable Cord: The retractable reel cord extends a maximum of 24 inches, more than enough to reach comfortably as far as your arm can reach. The flexible retractable feature enables you to effortlessly display your badge without removing it, enhancing your efficiency at work.","[gallery]\nIntroducing our delightful hignland cow badge reel, the purr-fect accessory to enliven your workday! This charming badge scroll features an adorable cow greeting people, it brings a smile to your face every time you wear it. Whether you are a healthcare professional, teacher, office worker, or cow lover, this accessory is sure to be a conversation starter and a source of joy.\nAcrylic and Alligator Clip: The badge reel is made of strong acrylic material overall with sturdy metal alligator clips. The badge reel is also in a position to be securely fastened to your clothes and pockets, allowing you to easily swipe or scan your ID badge without any hassle. Well-made and colorful, it is a great companion for your work!\nRetractable Cord: The retractable reel cord extends a maximum of 24 inches, more than enough to achieve comfortably so far as your arm can reach. The flexible retractable feature enables you to effortlessly display your badge without removing it, enhancing your efficiency at work.\nGreat ideal for Nurse: A funny and cute badge reel is a perfect choice for nurses, nursing students, healthcare workers, dentists, pediatricians, and other medical staff. Our nurse badge reels are an effective way to start conversations with your patients and spread positivity.\nCustomer Care: We're committed to your happiness with every purchase. If anything is not perfect or you have any concerns, we're here to make it right. Please don't hesitate to achieve out to us—we're eager that can assist you!",,,taxable,,1,,,0,0,,,,,1,,,6.99,"Office Products",,,"https://m.media-amazon.com/images/I/417m8I2ebQL.jpg, https://m.media-amazon.com/images/I/417m8I2ebQL.jpg",,,,,,,https://4anurse.com/?redirectAmzASIN=B0DL3FVF7D&redirect_prodid=amz-B0DL3FVF7D,,0,,,,,,"[gallery]
Introducing our delightful hignland cow badge reel, the purr-fect accessory {to brighten up|to liven up|to enliven} your workday! This charming badge scroll features an adorable cow greeting people, it brings a smile to your face every time you wear it. Whether {you're a|you are a} healthcare professional, teacher, office worker, or cow lover, this accessory is sure to be a conversation starter and a source of joy.
Acrylic and Alligator Clip: The badge reel is made of strong acrylic material overall with sturdy metal alligator clips. The badge reel is also {able|in a position|ready} to be securely fastened to your clothes and pockets, allowing you to easily swipe or scan your ID badge without any hassle. Well-made and colorful, {it's a|it is a} great companion for your work!
Retractable Cord: The retractable reel cord extends a maximum of 24 inches, more than enough {to reach|to succeed in|to achieve} comfortably {as far as|so far as} your arm can reach. The flexible retractable feature enables you to effortlessly display your badge without removing it, enhancing your efficiency at work.
Great ideal for Nurse: A funny and cute badge reel {is an ideal|is a perfect} choice for nurses, nursing students, healthcare workers, dentists, pediatricians, and other medical staff. Our nurse badge reels are {a great way|a good way|an effective way} to start conversations with your patients and spread positivity.
Customer Care: We're committed to your happiness with every purchase. If anything {isn't|is not} perfect or you have any concerns, we're here to make it right. Please don't hesitate {to reach|to succeed in|to achieve} out to us—we're eager {to help you|that will help you|that can assist you}!","[gallery]
Introducing our delightful hignland cow badge reel, the purr-fect accessory {to enliven|to liven up|to brighten up} your workday! This charming badge scroll features an adorable cow greeting people, it brings a smile to your face every time you wear it. Whether {you are a|you're a} healthcare professional, teacher, office worker, or cow lover, this accessory is sure to be a conversation starter and a source of joy.
Acrylic and Alligator Clip: The badge reel is made of strong acrylic material overall with sturdy metal alligator clips. The badge reel is also {in a position|ready|able} to be securely fastened to your clothes and pockets, allowing you to easily swipe or scan your ID badge without any hassle. Well-made and colorful, {it is a|it's a} great companion for your work!
Retractable Cord: The retractable reel cord extends a maximum of 24 inches, more than enough {to achieve|to succeed in|to reach} comfortably {so far as|as far as} your arm can reach. The flexible retractable feature enables you to effortlessly display your badge without removing it, enhancing your efficiency at work.
Great ideal for Nurse: A funny and cute badge reel {is a perfect|is an ideal} choice for nurses, nursing students, healthcare workers, dentists, pediatricians, and other medical staff. Our nurse badge reels are {an effective way|a good way|a great way} to start conversations with your patients and spread positivity.
Customer Care: We're committed to your happiness with every purchase. If anything {is not|isn't} perfect or you have any concerns, we're here to make it right. Please don't hesitate {to achieve|to succeed in|to reach} out to us—we're eager {that can assist you|that will help you|to help you}!","[gallery]
Introducing our delightful hignland cow badge reel, the purr-fect accessory to brighten up your workday! This charming badge scroll features an adorable cow greeting people, it brings a smile to your face every time you wear it. Whether you're a healthcare professional, teacher, office worker, or cow lover, this accessory is sure to be a conversation starter and a source of joy.
Acrylic and Alligator Clip: The badge reel is made of strong acrylic material overall with sturdy metal alligator clips. The badge reel is also able to be securely fastened to your clothes and pockets, allowing you to easily swipe or scan your ID badge without any hassle. Well-made and colorful, it's a great companion for your work!
Retractable Cord: The retractable reel cord extends a maximum of 24 inches, more than enough to reach comfortably as far as your arm can reach. The flexible retractable feature enables you to effortlessly display your badge without removing it, enhancing your efficiency at work.
Great ideal for Nurse: A funny and cute badge reel is an ideal choice for nurses, nursing students, healthcare workers, dentists, pediatricians, and other medical staff. Our nurse badge reels are a great way to start conversations with your patients and spread positivity.
Customer Care: We're committed to your happiness with every purchase. If anything isn't perfect or you have any concerns, we're here to make it right. Please don't hesitate to reach out to us—we're eager to help you!",B0DL3FVF7D,com,999999,amz-B0DL3FVF7D,amazon,https://www.amazon.com/dp/B0DL3FVF7D/,1747058448,0,0,1,215,0,215,,0,0,1778970612,invalid,15
972,external,,,"Badge Reels Retractable 2Pack Heavy Duty Badge Reel with Metal Chain, WENSUNNIE Metal ID Nurse Badge Reel Retractable Card Holder Keychain with Clip for Nurse Accessories for Work",1,0,visible,"【Halloween Badge Reel】This heavy duty retractable badge holders made by all metal zinc alloy with metal chain for Halloween / Christmas, unbreakable metal case with screw-fastened back clip, coming with a strong key ring. Package including 2 pcs badge reels.\n【Top Heavy Duty Badge Reels 】Durable metal chain material to make sure our max loading weight is 8oz or 10 keys compare to 3oz or 4 keys of other similar products on the market. Convenient to attach all kinds of badges, keys or other small tools.\n【Wide Application】Suitable for teacher lanyard and any industry, you can use it as a name card badge holder or retractable keychain. Great for nurses, medical and office staff, teachers, students, airport FAA and TSA, security staff, maintenance, factory workers, employees, government, police, outdoor enthusiast etc.","[gallery]\n【Halloween Badge Reel】This heavy duty retractable badge holders made by all metal zinc alloy with metal chain for Halloween / Christmas, unbreakable metal case with screw-fastened back clip, coming with a strong key ring. Package including 2 pcs badge reels.\n【Top Heavy Duty Badge Reels 】Durable metal chain material to ensure our max loading weight is 8oz or 10 keys compare to 3oz or 4 keys of other similar products in the marketplace. Convenient to attach a wide variety of badges, keys or other small tools.\n【Wide Application】Suitable for teacher lanyard and any industry, you'll use it as a name card badge holder or retractable keychain. Great for nurses, medical and office staff, teachers, students, airport FAA and TSA, security staff, maintenance, factory workers, employees, government, police, outdoor enthusiast and so forth.\n【Solid Badge Reel Clip】The clip is screw-fastened in the back side so no want to worry that it's going to fall off. Easily clip on to belts, pockets, purse straps, backpacks or anywhere you like. Perfect name tag holders with clip for labor and delivery badge reels and any industry, women and men.\n【Satisfaction Guaranteed】 Please don't hesitate to contact us if at any time you don't seem to be completely satisfied with your purchased, we will be able to try our best to make things right.",,,taxable,,1,,,0,0,,,,,1,,,14.98,"Office Products",,,"https://m.media-amazon.com/images/I/31Kpgq4Vr3L.jpg, https://m.media-amazon.com/images/I/31Kpgq4Vr3L.jpg",,,,,,,https://4anurse.com/?redirectAmzASIN=B0BP5RRHKJ&redirect_prodid=amz-B0BP5RRHKJ,,0,,,,,,"[gallery]
【Halloween Badge Reel】This heavy duty retractable badge holders made by all metal zinc alloy with metal chain for Halloween / Christmas, unbreakable metal case with screw-fastened back clip, coming with a strong key ring. Package including 2 pcs badge reels.
【Top Heavy Duty Badge Reels 】Durable metal chain material {to make sure|to ensure|to verify} our max loading weight is 8oz or 10 keys compare to 3oz or 4 keys of other similar products {on the market|available on the market|in the marketplace}. Convenient to attach {all kinds|a wide variety} of badges, keys or other small tools.
【Wide Application】Suitable for teacher lanyard and any industry, {you can|you'll be able to|you'll} use it as a name card badge holder or retractable keychain. Great for nurses, medical and office staff, teachers, students, airport FAA and TSA, security staff, maintenance, factory workers, employees, government, police, outdoor enthusiast {etc|and so on|and so forth|and the like}.
【Solid Badge Reel Clip】The clip is screw-fastened in the back side so no {need to|want to|wish to} worry that {it will|it is going to|it's going to|it'll} fall off. Easily clip on to belts, pockets, purse straps, backpacks or anywhere you like. Perfect name tag holders with clip for labor and delivery badge reels and any industry, {men and women|women and men}.
【Satisfaction Guaranteed】 Please don't hesitate to contact us if at any time you {aren't|don't seem to be|are not} completely satisfied with your purchased, {we will|we will be able to|we can} try our best to make things right.","[gallery]
【Halloween Badge Reel】This heavy duty retractable badge holders made by all metal zinc alloy with metal chain for Halloween / Christmas, unbreakable metal case with screw-fastened back clip, coming with a strong key ring. Package including 2 pcs badge reels.
【Top Heavy Duty Badge Reels 】Durable metal chain material {to ensure|to verify|to make sure} our max loading weight is 8oz or 10 keys compare to 3oz or 4 keys of other similar products {in the marketplace|available on the market|on the market}. Convenient to attach {a wide variety|all kinds} of badges, keys or other small tools.
【Wide Application】Suitable for teacher lanyard and any industry, {you'll|you'll be able to|you can} use it as a name card badge holder or retractable keychain. Great for nurses, medical and office staff, teachers, students, airport FAA and TSA, security staff, maintenance, factory workers, employees, government, police, outdoor enthusiast {and so forth|and the like|and so on|etc}.
【Solid Badge Reel Clip】The clip is screw-fastened in the back side so no {want to|wish to|need to} worry that {it's going to|it'll|it is going to|it will} fall off. Easily clip on to belts, pockets, purse straps, backpacks or anywhere you like. Perfect name tag holders with clip for labor and delivery badge reels and any industry, {women and men|men and women}.
【Satisfaction Guaranteed】 Please don't hesitate to contact us if at any time you {don't seem to be|are not|aren't} completely satisfied with your purchased, {we will be able to|we can|we will} try our best to make things right.","[gallery]
【Halloween Badge Reel】This heavy duty retractable badge holders made by all metal zinc alloy with metal chain for Halloween / Christmas, unbreakable metal case with screw-fastened back clip, coming with a strong key ring. Package including 2 pcs badge reels.
【Top Heavy Duty Badge Reels 】Durable metal chain material to make sure our max loading weight is 8oz or 10 keys compare to 3oz or 4 keys of other similar products on the market. Convenient to attach all kinds of badges, keys or other small tools.
【Wide Application】Suitable for teacher lanyard and any industry, you can use it as a name card badge holder or retractable keychain. Great for nurses, medical and office staff, teachers, students, airport FAA and TSA, security staff, maintenance, factory workers, employees, government, police, outdoor enthusiast etc.
【Solid Badge Reel Clip】The clip is screw-fastened in the back side so no need to worry that it will fall off. Easily clip on to belts, pockets, purse straps, backpacks or anywhere you like. Perfect name tag holders with clip for labor and delivery badge reels and any industry, men and women.
【Satisfaction Guaranteed】 Please don't hesitate to contact us if at any time you aren't completely satisfied with your purchased, we will try our best to make things right.",B0BP5RRHKJ,com,999999,amz-B0BP5RRHKJ,amazon,https://www.amazon.com/dp/B0BP5RRHKJ/,1747058451,0,0,1,259,1,259,,0,0,1778970612,invalid,14
974,external,,,"Sharpie Mini Permanent Markers with Golf Keychain Clips, Fine Point, Black Ink, Pack of 5",1,0,visible,"Proudly permanent ink marks on paper, plastic, metal, and most other surfaces\nIntensely brilliant colors create eye-popping, vibrant impressions\nRemarkably resilient ink dries quickly and resists fading and water; AP certified","<!-- show up to 2 reviews by default --> <p> <span>Dare to create proudly permanent, intensely brilliant art with Sharpie Mini Permanent Markers. To verify your imagination can shuttle, these portable pint-sized markers have a at hand key ring and are filled with quick-drying, fade-resistant, and smear-resistant ink. Made to jot down on, stand out on, and stay on practically any surface, it is the Mini Marker born for unique, unruly, courageous, outrageous self-expression that all the time leaves a bold mark.</span> </p>\nProudly permanent ink marks on paper, plastic, metal, and most other surfaces\nIntensely brilliant colors create eye-popping, vibrant impressions\nRemarkably resilient ink dries quickly and resists fading and water; AP certified\nCeaselessly versatile fine point is very best for countless uses in the school room, place of business, home, and beyond\nCap clip easily attaches to key chains, golf bags, lanyards and more",,,taxable,,1,,,0,0,,,,,1,,,8.03,"Office Products > Office and School Supplies > Writing and Correction Supplies",,,"https://m.media-amazon.com/images/I/41s7Ep-DQdL.jpg, https://m.media-amazon.com/images/I/41s7Ep-DQdL.jpg",,,,,,,https://4anurse.com/?redirectAmzASIN=B07342ZTT4&redirect_prodid=amz-B07342ZTT4,,0,,,,,,"<!-- show up to 2 reviews by default --> <p> <span>Dare to create proudly permanent, intensely brilliant art with Sharpie Mini Permanent Markers. {To ensure|To make sure|To verify} your imagination can {travel|go back and forth|commute|trip|shuttle}, these portable pint-sized markers have a {handy|to hand|at hand} key ring and are filled with quick-drying, fade-resistant, and smear-resistant ink. Made {to write|to write down|to put in writing|to jot down} on, stand out on, and stay on practically any surface, {it's the|it is the} Mini Marker born for unique, unruly, courageous, outrageous self-expression that {always|all the time|at all times} leaves a bold mark.</span> </p>
Proudly permanent ink marks on paper, plastic, metal, and most other surfaces
Intensely brilliant colors create eye-popping, vibrant impressions
Remarkably resilient ink dries quickly and resists fading and water; AP certified
{Endlessly|Forever|Eternally|Perpetually|Ceaselessly|Without end} versatile fine point is {perfect|very best|absolute best|best possible|best|highest|easiest} for countless uses in {the classroom|the study room|the school room}, {office|place of business|place of work|workplace|administrative center|place of job}, home, and beyond
Cap clip easily attaches to key chains, golf bags, lanyards and more","<!-- show up to 2 reviews by default --> <p> <span>Dare to create proudly permanent, intensely brilliant art with Sharpie Mini Permanent Markers. {To verify|To make sure|To ensure} your imagination can {shuttle|commute|trip|go back and forth|travel}, these portable pint-sized markers have a {at hand|to hand|handy} key ring and are filled with quick-drying, fade-resistant, and smear-resistant ink. Made {to jot down|to write down|to put in writing|to write} on, stand out on, and stay on practically any surface, {it is the|it's the} Mini Marker born for unique, unruly, courageous, outrageous self-expression that {all the time|at all times|always} leaves a bold mark.</span> </p>
Proudly permanent ink marks on paper, plastic, metal, and most other surfaces
Intensely brilliant colors create eye-popping, vibrant impressions
Remarkably resilient ink dries quickly and resists fading and water; AP certified
{Ceaselessly|Without end|Perpetually|Eternally|Forever|Endlessly} versatile fine point is {very best|absolute best|easiest|best possible|highest|best|perfect} for countless uses in {the school room|the study room|the classroom}, {place of business|place of work|administrative center|place of job|workplace|office}, home, and beyond
Cap clip easily attaches to key chains, golf bags, lanyards and more","<!-- show up to 2 reviews by default --> <p> <span>Dare to create proudly permanent, intensely brilliant art with Sharpie Mini Permanent Markers. To ensure your imagination can travel, these portable pint-sized markers have a handy key ring and are filled with quick-drying, fade-resistant, and smear-resistant ink. Made to write on, stand out on, and stay on practically any surface, it's the Mini Marker born for unique, unruly, courageous, outrageous self-expression that always leaves a bold mark.</span> </p>
Proudly permanent ink marks on paper, plastic, metal, and most other surfaces
Intensely brilliant colors create eye-popping, vibrant impressions
Remarkably resilient ink dries quickly and resists fading and water; AP certified
Endlessly versatile fine point is perfect for countless uses in the classroom, office, home, and beyond
Cap clip easily attaches to key chains, golf bags, lanyards and more",B07342ZTT4,com,999999,amz-B07342ZTT4,amazon,https://www.amazon.com/dp/B07342ZTT4/,1747058455,0,0,1,229,0,229,,0,0,1778970612,invalid,12
976,external,,,"Funny Turtle Nurse Badge Reel, Cute Work Badge Holder with Retractable Clip, Pediatric Badge Buddy, Nursing Student RN LPN CNA MA Medical Worker Teacher Doctor ID Name Badge Clip Accessories",1,0,visible,"Introducing our delightful turtle badge reel, the purr-fect accessory to brighten up your workday! This charming badge scroll features an adorable turtle greeting people, it brings a smile to your face every time you wear it. Our ""Turtle"" badge reel combines functionality with whimsy. Whether you're a healthcare professional, teacher, office worker, or turtle lover, this accessory is sure to be a conversation starter and a source of joy.\nAcrylic and Alligator Clip: The badge reel is made of strong acrylic material overall with sturdy metal alligator clips. The badge reel is also able to be securely fastened to your clothes and pockets, allowing you to easily swipe or scan your ID badge without any hassle. Well-made and colorful, it's a great companion for your work!\nRetractable Cord: The retractable reel cord extends a maximum of 24 inches, more than enough to reach comfortably as far as your arm can reach. The flexible retractable feature enables you to effortlessly display your badge without removing it, enhancing your efficiency at work.","[gallery]\nIntroducing our delightful turtle badge reel, the purr-fect accessory to enliven your workday! This charming badge scroll features an adorable turtle greeting people, it brings a smile to your face every time you wear it. Our ""Turtle"" badge reel combines functionality with whimsy. Whether you are a healthcare professional, teacher, office worker, or turtle lover, this accessory is sure to be a conversation starter and a source of joy.\nAcrylic and Alligator Clip: The badge reel is made of strong acrylic material overall with sturdy metal alligator clips. The badge reel is also in a position to be securely fastened to your clothes and pockets, allowing you to easily swipe or scan your ID badge without any hassle. Well-made and colorful, it is a great companion for your work!\nRetractable Cord: The retractable reel cord extends a maximum of 24 inches, more than enough to succeed in comfortably so far as your arm can reach. The flexible retractable feature enables you to effortlessly display your badge without removing it, enhancing your efficiency at work.\nGreat ideal for Nurse: A funny and cute badge reel is a perfect choice for nurses, nursing students, healthcare workers, dentists, pediatricians, and other medical staff. Our nurse badge reels are an effective way to start conversations with your patients and spread positivity.\nCustomer Care: We're committed to your happiness with every purchase. If anything is not perfect or you have any concerns, we're here to make it right. Please don't hesitate to succeed in out to us—we're eager that can assist you!",,,taxable,,1,,,0,0,,,,,1,,,5.99,"Office Products",,,"https://m.media-amazon.com/images/I/410wjegE5PL.jpg, https://m.media-amazon.com/images/I/410wjegE5PL.jpg",,,,,,,https://4anurse.com/?redirectAmzASIN=B0DJ1XNTV2&redirect_prodid=amz-B0DJ1XNTV2,,0,,,,,,"[gallery]
Introducing our delightful turtle badge reel, the purr-fect accessory {to brighten up|to liven up|to enliven} your workday! This charming badge scroll features an adorable turtle greeting people, it brings a smile to your face every time you wear it. Our ""Turtle"" badge reel combines functionality with whimsy. Whether {you're a|you are a} healthcare professional, teacher, office worker, or turtle lover, this accessory is sure to be a conversation starter and a source of joy.
Acrylic and Alligator Clip: The badge reel is made of strong acrylic material overall with sturdy metal alligator clips. The badge reel is also {able|in a position|ready} to be securely fastened to your clothes and pockets, allowing you to easily swipe or scan your ID badge without any hassle. Well-made and colorful, {it's a|it is a} great companion for your work!
Retractable Cord: The retractable reel cord extends a maximum of 24 inches, more than enough {to reach|to succeed in|to achieve} comfortably {as far as|so far as} your arm can reach. The flexible retractable feature enables you to effortlessly display your badge without removing it, enhancing your efficiency at work.
Great ideal for Nurse: A funny and cute badge reel {is an ideal|is a perfect} choice for nurses, nursing students, healthcare workers, dentists, pediatricians, and other medical staff. Our nurse badge reels are {a great way|a good way|an effective way} to start conversations with your patients and spread positivity.
Customer Care: We're committed to your happiness with every purchase. If anything {isn't|is not} perfect or you have any concerns, we're here to make it right. Please don't hesitate {to reach|to succeed in|to achieve} out to us—we're eager {to help you|that will help you|that can assist you}!","[gallery]
Introducing our delightful turtle badge reel, the purr-fect accessory {to enliven|to liven up|to brighten up} your workday! This charming badge scroll features an adorable turtle greeting people, it brings a smile to your face every time you wear it. Our ""Turtle"" badge reel combines functionality with whimsy. Whether {you are a|you're a} healthcare professional, teacher, office worker, or turtle lover, this accessory is sure to be a conversation starter and a source of joy.
Acrylic and Alligator Clip: The badge reel is made of strong acrylic material overall with sturdy metal alligator clips. The badge reel is also {in a position|ready|able} to be securely fastened to your clothes and pockets, allowing you to easily swipe or scan your ID badge without any hassle. Well-made and colorful, {it is a|it's a} great companion for your work!
Retractable Cord: The retractable reel cord extends a maximum of 24 inches, more than enough {to succeed in|to achieve|to reach} comfortably {so far as|as far as} your arm can reach. The flexible retractable feature enables you to effortlessly display your badge without removing it, enhancing your efficiency at work.
Great ideal for Nurse: A funny and cute badge reel {is a perfect|is an ideal} choice for nurses, nursing students, healthcare workers, dentists, pediatricians, and other medical staff. Our nurse badge reels are {an effective way|a good way|a great way} to start conversations with your patients and spread positivity.
Customer Care: We're committed to your happiness with every purchase. If anything {is not|isn't} perfect or you have any concerns, we're here to make it right. Please don't hesitate {to succeed in|to achieve|to reach} out to us—we're eager {that can assist you|that will help you|to help you}!","[gallery]
Introducing our delightful turtle badge reel, the purr-fect accessory to brighten up your workday! This charming badge scroll features an adorable turtle greeting people, it brings a smile to your face every time you wear it. Our ""Turtle"" badge reel combines functionality with whimsy. Whether you're a healthcare professional, teacher, office worker, or turtle lover, this accessory is sure to be a conversation starter and a source of joy.
Acrylic and Alligator Clip: The badge reel is made of strong acrylic material overall with sturdy metal alligator clips. The badge reel is also able to be securely fastened to your clothes and pockets, allowing you to easily swipe or scan your ID badge without any hassle. Well-made and colorful, it's a great companion for your work!
Retractable Cord: The retractable reel cord extends a maximum of 24 inches, more than enough to reach comfortably as far as your arm can reach. The flexible retractable feature enables you to effortlessly display your badge without removing it, enhancing your efficiency at work.
Great ideal for Nurse: A funny and cute badge reel is an ideal choice for nurses, nursing students, healthcare workers, dentists, pediatricians, and other medical staff. Our nurse badge reels are a great way to start conversations with your patients and spread positivity.
Customer Care: We're committed to your happiness with every purchase. If anything isn't perfect or you have any concerns, we're here to make it right. Please don't hesitate to reach out to us—we're eager to help you!",B0DJ1XNTV2,com,999999,amz-B0DJ1XNTV2,amazon,https://www.amazon.com/dp/B0DJ1XNTV2/,1747058457,0,0,1,216,0,216,,0,0,1778970612,invalid,11
978,external,,,"Funny Silly Goose Badge Reel Retractable for Nurses, Cute ID Badge Holder with Alligator Clip for Students, RN LPN Medical Assistant Work, Nursing Name Tag Card Funny Pediatric Badge Reels Gift - Pink",1,0,visible,"🫀Adorable Bling Design: Elevate your healthcare ID badge with a touch of cuteness and playfulness. Perfect for nurses, doctors, students, and teachers, this badge clip adds charm and uniqueness to your identification badge.\n🫀Unmatched Quality: Meticulously crafted for durability, the nursing badge reel guarantees reliable performance. It adds humor to your workday, making it both adorable and entertaining.\n🫀Effortless Convenience: The ID Card Holder badge reel boasts a retractable design, up to 24 inches long, ensuring seamless scanning for office entry and exit.","[gallery]\n🫀Adorable Bling Design: Elevate your healthcare ID badge with a slightly of cuteness and playfulness. Absolute best for nurses, doctors, students, and teachers, this badge clip adds charm and uniqueness for your identification badge.\n🫀Unequalled Quality: Meticulously crafted for sturdiness, the nursing badge reel guarantees reliable performance. It adds humor for your workday, making it both adorable and entertaining.\n🫀Effortless Convenience: The ID Card Holder badge reel boasts a retractable design, as much as 24 inches long, making sure seamless scanning for workplace entry and exit.\n🫀360-Degree Rotating Alligator Clip: The alligator clip badge reel securely attaches and rotates 360 degrees, adding flexibility and simplicity of use.\nUnswerving After-Sales Service: Backed by our friendly 24/7 customer service, your purchase is ensured for satisfaction.",,,taxable,,1,,,0,0,,,,,1,,,6.99,"Office Products",,,"https://m.media-amazon.com/images/I/41WGool8vWL.jpg, https://m.media-amazon.com/images/I/41WGool8vWL.jpg",,,,,,,https://4anurse.com/?redirectAmzASIN=B0CQWB6FRH&redirect_prodid=amz-B0CQWB6FRH,,0,,,,,,"[gallery]
🫀Adorable Bling Design: Elevate your healthcare ID badge with {a touch|a marginally|a slightly} of cuteness and playfulness. {Perfect|Very best|Absolute best|Best possible|Best|Highest|Easiest} for nurses, doctors, students, and teachers, this badge clip adds charm and uniqueness {to your|for your|on your|in your} identification badge.
🫀{Unmatched|Unrivaled|Unequalled} Quality: Meticulously crafted {for durability|for sturdiness}, the nursing badge reel guarantees reliable performance. It adds humor {to your|for your|on your|in your} workday, making it both adorable and entertaining.
🫀Effortless Convenience: The ID Card Holder badge reel boasts a retractable design, {up to|as much as} 24 inches long, {ensuring|making sure} seamless scanning for {office|place of business|place of work|workplace|administrative center|place of job} entry and exit.
🫀360-Degree Rotating Alligator Clip: The alligator clip badge reel securely attaches and rotates 360 degrees, adding flexibility {and ease|and straightforwardness|and simplicity} of use.
{Dependable|Unswerving|Loyal} After-Sales Service: Backed by our friendly 24/7 customer service, your purchase is ensured for satisfaction.","[gallery]
🫀Adorable Bling Design: Elevate your healthcare ID badge with {a slightly|a marginally|a touch} of cuteness and playfulness. {Absolute best|Best possible|Best|Very best|Highest|Easiest|Perfect} for nurses, doctors, students, and teachers, this badge clip adds charm and uniqueness {for your|on your|in your|to your} identification badge.
🫀{Unequalled|Unrivaled|Unmatched} Quality: Meticulously crafted {for sturdiness|for durability}, the nursing badge reel guarantees reliable performance. It adds humor {for your|on your|in your|to your} workday, making it both adorable and entertaining.
🫀Effortless Convenience: The ID Card Holder badge reel boasts a retractable design, {as much as|up to} 24 inches long, {making sure|ensuring} seamless scanning for {workplace|administrative center|place of job|place of business|place of work|office} entry and exit.
🫀360-Degree Rotating Alligator Clip: The alligator clip badge reel securely attaches and rotates 360 degrees, adding flexibility {and simplicity|and straightforwardness|and ease} of use.
{Unswerving|Loyal|Dependable} After-Sales Service: Backed by our friendly 24/7 customer service, your purchase is ensured for satisfaction.","[gallery]
🫀Adorable Bling Design: Elevate your healthcare ID badge with a touch of cuteness and playfulness. Perfect for nurses, doctors, students, and teachers, this badge clip adds charm and uniqueness to your identification badge.
🫀Unmatched Quality: Meticulously crafted for durability, the nursing badge reel guarantees reliable performance. It adds humor to your workday, making it both adorable and entertaining.
🫀Effortless Convenience: The ID Card Holder badge reel boasts a retractable design, up to 24 inches long, ensuring seamless scanning for office entry and exit.
🫀360-Degree Rotating Alligator Clip: The alligator clip badge reel securely attaches and rotates 360 degrees, adding flexibility and ease of use.
Dependable After-Sales Service: Backed by our friendly 24/7 customer service, your purchase is ensured for satisfaction.",B0CQWB6FRH,com,999999,amz-B0CQWB6FRH,amazon,https://www.amazon.com/dp/B0CQWB6FRH/,1747058461,0,0,1,198,0,198,,0,0,1778970612,invalid,10
980,external,,,"ERHACHAIJIA It's Fine Funny Dumpster Fire Retractable Badge Reel Gift for Nurses Doctors Office Worker Social Worker",1,0,visible,,"[gallery]\n<!-- show up to 2 reviews by default --> <p> <span>Shaped Badge Holders with Glitter are great gifts for any person that uses a reputation badge! These personalized different shapes and colorful Badge Reel can show your humorousness and draw in the eye of others. These Retractable lanyards for Id Badges scroll are ideal for any person dressed in ID at work. Whether you are a nurse, doctor, dentist, nursing student for nurses, educators, medical team of workers, place of work professionals, transportation workers, and any person else.</span> </p>",,,taxable,,1,,,0,0,,,,,1,,,12.99,"Office Products",,,"https://m.media-amazon.com/images/I/51ixh7gvRuL.jpg, https://m.media-amazon.com/images/I/51ixh7gvRuL.jpg",,,,,,,https://4anurse.com/?redirectAmzASIN=B0C2T7JL41&redirect_prodid=amz-B0C2T7JL41,,0,,,,,,"[gallery]
<!-- show up to 2 reviews by default --> <p> <span>Shaped Badge Holders with Glitter are great gifts for {anyone|somebody|someone|any person|any individual} that uses {a name|a reputation} badge! These personalized different shapes and colorful Badge Reel can show your {sense of humor|humorousness} and {attract|draw in} {the attention|the eye} of others. These Retractable lanyards for Id Badges scroll {are perfect for|are ideal for} {anyone|somebody|someone|any person|any individual} {wearing|dressed in} ID at work. Whether {you're a|you are a} nurse, doctor, dentist, nursing student for nurses, educators, medical {staff|body of workers|workforce|team of workers|group of workers|personnel}, {office|place of business|place of work|workplace|administrative center|place of job} professionals, transportation workers, and {anyone|somebody|someone|any person|any individual} else.</span> </p>","[gallery]
<!-- show up to 2 reviews by default --> <p> <span>Shaped Badge Holders with Glitter are great gifts for {any person|someone|any individual|somebody|anyone} that uses {a reputation|a name} badge! These personalized different shapes and colorful Badge Reel can show your {humorousness|sense of humor} and {draw in|attract} {the eye|the attention} of others. These Retractable lanyards for Id Badges scroll {are ideal for|are perfect for} {any person|someone|any individual|somebody|anyone} {dressed in|wearing} ID at work. Whether {you are a|you're a} nurse, doctor, dentist, nursing student for nurses, educators, medical {team of workers|workforce|body of workers|personnel|group of workers|staff}, {place of work|place of job|administrative center|workplace|place of business|office} professionals, transportation workers, and {any person|someone|any individual|somebody|anyone} else.</span> </p>","[gallery]
<!-- show up to 2 reviews by default --> <p> <span>Shaped Badge Holders with Glitter are great gifts for anyone that uses a name badge! These personalized different shapes and colorful Badge Reel can show your sense of humor and attract the attention of others. These Retractable lanyards for Id Badges scroll are perfect for anyone wearing ID at work. Whether you're a nurse, doctor, dentist, nursing student for nurses, educators, medical staff, office professionals, transportation workers, and anyone else.</span> </p>",B0C2T7JL41,com,999999,amz-B0C2T7JL41,amazon,https://www.amazon.com/dp/B0C2T7JL41/,1747058464,0,0,1,245,0,245,,0,0,1778970612,invalid,31
982,external,,,"ERHACHAIJIA It's Fine Funny Black Cat Retractable Badge Reel Gift for Nurses Doctors Office Worker Social Worker Cat Lover (Silver)",1,0,visible,"SPECIFICATION: The Retractable Badge Reel is 3.7X1.2 inches, retracts to extend 24 inches(There is a certain error in manual measurement). weight about 0.55 oz.\nHIGH QUALITY : The badge holder is made of quality ABS , Acrylic, colored glitter and metal, and the rope is mainly made of quality nylon material, which is sturdy and strong, safe and reliable, not easy to break, you can use for a long time with confidence.They are light weight, more convenient, sturdy material with serrated alligator clip, never drop off your ID badge.\nUNIQUE DESIGN: The card holders are designed with different themes and style. They are cute and funny while displaying specialty, making your badge reel full of personality.Each badge holder has different shapes according to different theme patterns, and with different colors of glitter, it will make you more attractive to others in your daily work and life.","[gallery]\nSPECIFICATION: The Retractable Badge Reel is 3.7X1.2 inches, retracts to extend 24 inches(There is a certain error in manual measurement). weight about 0.55 oz.\nHIGH QUALITY : The badge holder is made of quality ABS , Acrylic, colored glitter and metal, and the rope is mainly made of quality nylon material, which is sturdy and strong, secure and reliable, not easy to break, you'll use for a very long time with confidence.They are light weight, more convenient, sturdy material with serrated alligator clip, never drop off your ID badge.\nUNIQUE DESIGN: The card holders are designed with different themes and style. They are cute and funny whilst displaying specialty, making your badge reel full of personality.Each badge holder has different shapes according to different theme patterns, and with different colors of glitter, it is going to make you more attractive to others in your daily work and life.\nOCCASIONS: The badge reel comes with swivel alligator clip, full 360 degree rotation. Just clip it on clothes, shirt pocket, belt ,backpack and anywhere as you like, ensuring your badge doesn’t fall off your uniform.making it easier to access and scan your cards with no need to bend over or remove all of the badge reel. Suitable for company, school, hospital, exhibition and any other occasions where you wish to have to show your brand name.\nPERFECT GIFT: The badge holder you receive will be packaged in a beautiful gift box, so this can be a perfect gift for doctors, nurses, community workers, office workers, volunteers, teachers, students, colleagues, firefighters and anyone you know A friend or relative who is required to wear ID card.They are a perfect gift no matter Father's Day, Mother's Day, Nurses' Day, Halloween, Christmas, New Year, or graduation season, back-to-school season, birthday, anniversary, and so on.",,,taxable,,1,,,0,0,,,,,1,,,12.99,"Office Products",,,"https://m.media-amazon.com/images/I/51rI32+gAaL.jpg, https://m.media-amazon.com/images/I/51rI32+gAaL.jpg",,,,,,,https://4anurse.com/?redirectAmzASIN=B0C24B8QXG&redirect_prodid=amz-B0C24B8QXG,,0,,,,,,"[gallery]
SPECIFICATION: The Retractable Badge Reel is 3.7X1.2 inches, retracts to extend 24 inches(There is a certain error in manual measurement). weight about 0.55 oz.
HIGH QUALITY : The badge holder is made of quality ABS , Acrylic, colored glitter and metal, and the rope is mainly made of quality nylon material, which is sturdy and strong, {safe|protected|secure} and reliable, not easy to break, {you can|you'll be able to|you'll} use {for a long time|for a very long time} with confidence.They are light weight, more convenient, sturdy material with serrated alligator clip, never drop off your ID badge.
UNIQUE DESIGN: The card holders are designed with different themes and style. They are cute and funny {while|at the same time as|whilst|even as} displaying specialty, making your badge reel full of personality.Each badge holder has different shapes according to different theme patterns, and with different colors of glitter, {it will|it is going to|it's going to|it'll} make you more attractive to others in your daily work and life.
OCCASIONS: The badge reel comes with swivel alligator clip, full 360 degree rotation. Just clip it on clothes, shirt pocket, belt ,backpack and anywhere as you like, ensuring your badge doesn’t fall off your uniform.making it easier to access and scan your cards {without having|with no need} to bend over or remove {the entire|all of the|all the} badge reel. Suitable for company, school, hospital, exhibition and any other occasions where {you need|you wish to have|you want} to show your brand name.
PERFECT GIFT: The badge holder you receive will be packaged in a beautiful gift box, so {it is a|this is a|this can be a} perfect gift for doctors, nurses, community workers, office workers, volunteers, teachers, students, colleagues, firefighters and anyone you know A friend or relative who is required to wear ID card.They are a perfect gift no matter Father's Day, Mother's Day, Nurses' Day, Halloween, Christmas, New Year, or graduation season, back-to-school season, birthday, anniversary, {etc|and so on|and so forth|and the like}.","[gallery]
SPECIFICATION: The Retractable Badge Reel is 3.7X1.2 inches, retracts to extend 24 inches(There is a certain error in manual measurement). weight about 0.55 oz.
HIGH QUALITY : The badge holder is made of quality ABS , Acrylic, colored glitter and metal, and the rope is mainly made of quality nylon material, which is sturdy and strong, {secure|protected|safe} and reliable, not easy to break, {you'll|you'll be able to|you can} use {for a very long time|for a long time} with confidence.They are light weight, more convenient, sturdy material with serrated alligator clip, never drop off your ID badge.
UNIQUE DESIGN: The card holders are designed with different themes and style. They are cute and funny {whilst|at the same time as|even as|while} displaying specialty, making your badge reel full of personality.Each badge holder has different shapes according to different theme patterns, and with different colors of glitter, {it is going to|it's going to|it'll|it will} make you more attractive to others in your daily work and life.
OCCASIONS: The badge reel comes with swivel alligator clip, full 360 degree rotation. Just clip it on clothes, shirt pocket, belt ,backpack and anywhere as you like, ensuring your badge doesn’t fall off your uniform.making it easier to access and scan your cards {with no need|without having} to bend over or remove {all of the|all the|the entire} badge reel. Suitable for company, school, hospital, exhibition and any other occasions where {you wish to have|you want|you need} to show your brand name.
PERFECT GIFT: The badge holder you receive will be packaged in a beautiful gift box, so {this can be a|this is a|it is a} perfect gift for doctors, nurses, community workers, office workers, volunteers, teachers, students, colleagues, firefighters and anyone you know A friend or relative who is required to wear ID card.They are a perfect gift no matter Father's Day, Mother's Day, Nurses' Day, Halloween, Christmas, New Year, or graduation season, back-to-school season, birthday, anniversary, {and so on|and the like|and so forth|etc}.","[gallery]
SPECIFICATION: The Retractable Badge Reel is 3.7X1.2 inches, retracts to extend 24 inches(There is a certain error in manual measurement). weight about 0.55 oz.
HIGH QUALITY : The badge holder is made of quality ABS , Acrylic, colored glitter and metal, and the rope is mainly made of quality nylon material, which is sturdy and strong, safe and reliable, not easy to break, you can use for a long time with confidence.They are light weight, more convenient, sturdy material with serrated alligator clip, never drop off your ID badge.
UNIQUE DESIGN: The card holders are designed with different themes and style. They are cute and funny while displaying specialty, making your badge reel full of personality.Each badge holder has different shapes according to different theme patterns, and with different colors of glitter, it will make you more attractive to others in your daily work and life.
OCCASIONS: The badge reel comes with swivel alligator clip, full 360 degree rotation. Just clip it on clothes, shirt pocket, belt ,backpack and anywhere as you like, ensuring your badge doesn’t fall off your uniform.making it easier to access and scan your cards without having to bend over or remove the entire badge reel. Suitable for company, school, hospital, exhibition and any other occasions where you need to show your brand name.
PERFECT GIFT: The badge holder you receive will be packaged in a beautiful gift box, so it is a perfect gift for doctors, nurses, community workers, office workers, volunteers, teachers, students, colleagues, firefighters and anyone you know A friend or relative who is required to wear ID card.They are a perfect gift no matter Father's Day, Mother's Day, Nurses' Day, Halloween, Christmas, New Year, or graduation season, back-to-school season, birthday, anniversary, etc.",B0C24B8QXG,com,999999,amz-B0C24B8QXG,amazon,https://www.amazon.com/dp/B0C24B8QXG/,1747058467,0,0,1,223,0,223,,0,0,1778970612,invalid,31
984,external,,,"3 Pack Badge Reel with Badge Holder Retractable Clip for Nurse Nursing Student Name Tag Card Alligator Clip Badge Accessories (Lung)",1,0,visible,"【Cute Badge Clip】The badge is made of shiny acrylic, and its unique design makes it delicate and cute, resistant to fading, and lightweight to wear. 360° rotating crocodile clip is easy to wear and safe and will never drop your ID badge.\n【Retractable Badge Holders】The maximum load weight is 3.8 ounces or 8 keys, while other items on the market weigh 2 ounces or 4 keys. Key ring allows you to carry your keys.\n【Badge Reel】 The reel shrapnel is made of high-strength carbon steel, and the reel line is made of ultra-high molecular weight polyethylene fiber wire that can be stretched to a length of 24 inches (60 cm), which will be more convenient for your daily scanning.","[gallery]\n<!-- show up to 2 reviews by default --> <p> <span>The badge is made of shiny acrylic, and its unique design makes it delicate and cute, resistant to fading, and lightweight to wear. 360° rotating crocodile clip is easy to wear and protected and will never drop your ID badge.</span> </p>\n【Cute Badge Clip】The badge is made of shiny acrylic, and its unique design makes it delicate and cute, resistant to fading, and lightweight to wear. 360° rotating crocodile clip is easy to wear and protected and will never drop your ID badge.\n【Retractable Badge Holders】The maximum load weight is 3.8 ounces or 8 keys, even as other items available on the market weigh 2 ounces or 4 keys. Key ring permits you to carry your keys.\n【Badge Reel】 The reel shrapnel is made of high-strength carbon steel, and the reel line is made of ultra-high molecular weight polyethylene fiber wire that may be stretched to a length of 24 inches (60 cm), so one can be more convenient for your daily scanning.\n【Badge reels retractable】 Ideal for nursing students, carers, medical assistants, teachers, students, etc., it is the perfect gift for friends or family, making your gift unique and intimate.\n【Customer service】If the product is by accident damaged right through transportation, you'll be able to apply for a replacement. We apologize for the inconvenience. Please feel free to contact us and we will be able to provide you with the best solution.",,,taxable,,1,,,0,0,,,,,1,,7.99,8.99,"Office Products",,,"https://m.media-amazon.com/images/I/51foskpojFL.jpg, https://m.media-amazon.com/images/I/51foskpojFL.jpg",,,,,,,https://4anurse.com/?redirectAmzASIN=B0CLL5HFQ2&redirect_prodid=amz-B0CLL5HFQ2,,0,,,,,,"[gallery]
<!-- show up to 2 reviews by default --> <p> <span>The badge is made of shiny acrylic, and its unique design makes it delicate and cute, resistant to fading, and lightweight to wear. 360° rotating crocodile clip is easy to wear and {safe|protected|secure} and will never drop your ID badge.</span> </p>
【Cute Badge Clip】The badge is made of shiny acrylic, and its unique design makes it delicate and cute, resistant to fading, and lightweight to wear. 360° rotating crocodile clip is easy to wear and {safe|protected|secure} and will never drop your ID badge.
【Retractable Badge Holders】The maximum load weight is 3.8 ounces or 8 keys, {while|at the same time as|whilst|even as} other items {on the market|available on the market|in the marketplace} weigh 2 ounces or 4 keys. Key ring {allows you to|permits you to|lets you|means that you can} carry your keys.
【Badge Reel】 The reel shrapnel is made of high-strength carbon steel, and the reel line is made of ultra-high molecular weight polyethylene fiber wire {that can be|that may be} stretched to a length of 24 inches (60 cm), {which will|in order to|to be able to|so as to|that allows you to|with a view to|on the way to|with the intention to|with a purpose to|as a way to|so one can|in an effort to|so that it will|for you to} be more convenient for your daily scanning.
【Badge reels retractable】 Ideal for nursing students, carers, medical assistants, teachers, students, etc., it is the perfect gift for friends or family, making your gift unique and intimate.
【Customer service】If the product is {accidentally|by chance|by accident|unintentionally} damaged {during|all the way through|throughout|all through|right through|all over} transportation, {you can|you'll be able to|you'll} apply for a replacement. We apologize for the inconvenience. Please feel free to contact us and {we will|we will be able to|we can} provide you with the best solution.","[gallery]
<!-- show up to 2 reviews by default --> <p> <span>The badge is made of shiny acrylic, and its unique design makes it delicate and cute, resistant to fading, and lightweight to wear. 360° rotating crocodile clip is easy to wear and {protected|secure|safe} and will never drop your ID badge.</span> </p>
【Cute Badge Clip】The badge is made of shiny acrylic, and its unique design makes it delicate and cute, resistant to fading, and lightweight to wear. 360° rotating crocodile clip is easy to wear and {protected|secure|safe} and will never drop your ID badge.
【Retractable Badge Holders】The maximum load weight is 3.8 ounces or 8 keys, {even as|whilst|at the same time as|while} other items {available on the market|in the marketplace|on the market} weigh 2 ounces or 4 keys. Key ring {permits you to|means that you can|lets you|allows you to} carry your keys.
【Badge Reel】 The reel shrapnel is made of high-strength carbon steel, and the reel line is made of ultra-high molecular weight polyethylene fiber wire {that may be|that can be} stretched to a length of 24 inches (60 cm), {so one can|to be able to|with a view to|with a purpose to|on the way to|so as to|with the intention to|in an effort to|as a way to|that allows you to|so that it will|in order to|for you to|which will} be more convenient for your daily scanning.
【Badge reels retractable】 Ideal for nursing students, carers, medical assistants, teachers, students, etc., it is the perfect gift for friends or family, making your gift unique and intimate.
【Customer service】If the product is {by accident|unintentionally|by chance|accidentally} damaged {right through|all the way through|all through|throughout|all over|during} transportation, {you'll be able to|you'll|you can} apply for a replacement. We apologize for the inconvenience. Please feel free to contact us and {we will be able to|we can|we will} provide you with the best solution.","[gallery]
<!-- show up to 2 reviews by default --> <p> <span>The badge is made of shiny acrylic, and its unique design makes it delicate and cute, resistant to fading, and lightweight to wear. 360° rotating crocodile clip is easy to wear and safe and will never drop your ID badge.</span> </p>
【Cute Badge Clip】The badge is made of shiny acrylic, and its unique design makes it delicate and cute, resistant to fading, and lightweight to wear. 360° rotating crocodile clip is easy to wear and safe and will never drop your ID badge.
【Retractable Badge Holders】The maximum load weight is 3.8 ounces or 8 keys, while other items on the market weigh 2 ounces or 4 keys. Key ring allows you to carry your keys.
【Badge Reel】 The reel shrapnel is made of high-strength carbon steel, and the reel line is made of ultra-high molecular weight polyethylene fiber wire that can be stretched to a length of 24 inches (60 cm), which will be more convenient for your daily scanning.
【Badge reels retractable】 Ideal for nursing students, carers, medical assistants, teachers, students, etc., it is the perfect gift for friends or family, making your gift unique and intimate.
【Customer service】If the product is accidentally damaged during transportation, you can apply for a replacement. We apologize for the inconvenience. Please feel free to contact us and we will provide you with the best solution.",B0CLL5HFQ2,com,999999,amz-B0CLL5HFQ2,amazon,https://www.amazon.com/dp/B0CLL5HFQ2/,1747058469,0,0,1,219,0,219,,0,0,1778970612,invalid,12
986,external,,,"MEUUT 3 Pack Pen light & Medical Scissors-One Pantented Trauma Scissor Two LED Penlight with Pupil Gauge -8"" Bandage Scissor for Nurse Doctor EMT",1,0,visible,"【MED KIT】: Contained 2 pack LED medical pen lights for nurses with 4 AAA batteries, and 1 pack medical scissor trauma shears, Perfect nurse accessories for work, medical supplies penlights for nurses doctors EMT\n【Medical Scissor】: Cut anything safely and efficiently with these sharp medical scissors. The upgraded blades material is stainless steel 440, with higher strength and hardness compared to others, to ensure MEUUT medical scissors much sharper and durable for long-lasting time. Forging high-density stainless steel blades with 3 times heat treatments to ensure scissors much sharper and durable.\n【PENLIGHTS】: Made of premium aluminum alloy and led bulb, a 5cm-ruler chart, pupil gauge, metal pocket clip. The penlights can be powered by 2 pieces AAA batteries with keeping the positive pole “+” direction of batteries to the pen bulbs.","[gallery]\n【MED KIT】: Contained 2 pack LED medical pen lights for nurses with 4 AAA batteries, and 1 pack medical scissor trauma shears, Perfect nurse accessories for work, medical supplies penlights for nurses doctors EMT\n【Medical Scissor】: Cut anything safely and efficiently with these sharp medical scissors. The upgraded blades material is stainless steel 440, with higher strength and hardness in comparison to others, to make sure MEUUT medical scissors much sharper and durable for long-lasting time. Forging high-density stainless steel blades with 3 times heat treatments to make sure scissors much sharper and durable.\n【PENLIGHTS】: Made of premium aluminum alloy and led bulb, a 5cm-ruler chart, pupil gauge, metal pocket clip. The penlights can also be powered by 2 pieces AAA batteries with keeping the positive pole “+” direction of batteries to the pen bulbs.\n【ERGONOMIC HANDLE】: Ergonomic soft-grip maintain design for precision keep an eye on and maximum comfort, make sure great cutting experience for years. Suitable for both left-handed and right-handed.\n【ALL-PURPOSE SCISSOR】: Cut anything safely and efficiently with these sharp scissors. Ideal for cutting ribbon, burlap, rope, car seat belts, leather, get rid of wounded clothes, gauze, tape, bandages and the like. Suitable for outdoors, first aid, nurse, doctor, firefighter, gardening, household.\n【EASY TO USE】: The compacted trauma shear designed with connected hole to take. Penlights designed with push-button on/off switches and pocket clip. Keep them within reach all the time with you!\n【KINDELY REMINDER】Don’t drop the penlight to hard ground to keep away from damaging the LED bulb.",,,taxable,,1,,,0,0,,,,,1,,8.49,9.99,"Industrial and Scientific > Professional Medical Supplies > Instruments and Surgical Tools > Scissors and Shears",,,"https://m.media-amazon.com/images/I/41jIa6qcBjL.jpg, https://m.media-amazon.com/images/I/41jIa6qcBjL.jpg",,,,,,,https://4anurse.com/?redirectAmzASIN=B09B5FC8XC&redirect_prodid=amz-B09B5FC8XC,,0,,,,,,"[gallery]
【MED KIT】: Contained 2 pack LED medical pen lights for nurses with 4 AAA batteries, and 1 pack medical scissor trauma shears, Perfect nurse accessories for work, medical supplies penlights for nurses doctors EMT
【Medical Scissor】: Cut anything safely and efficiently with these sharp medical scissors. The upgraded blades material is stainless steel 440, with higher strength and hardness {compared to|in comparison to} others, {to ensure|to make sure|to verify} MEUUT medical scissors much sharper and durable for long-lasting time. Forging high-density stainless steel blades with 3 times heat treatments {to ensure|to make sure|to verify} scissors much sharper and durable.
【PENLIGHTS】: Made of premium aluminum alloy and led bulb, a 5cm-ruler chart, pupil gauge, metal pocket clip. The penlights {can be|can also be|may also be|will also be} powered by 2 pieces AAA batteries with keeping the positive pole “+” direction of batteries to the pen bulbs.
【ERGONOMIC HANDLE】: Ergonomic soft-grip {handle|take care of|care for|deal with|maintain} design for precision {control|keep an eye on|regulate|keep watch over} and maximum comfort, {ensure|make sure|make certain|be sure|ensure that|be certain that|make sure that|be sure that|be certain} great cutting experience for years. Suitable for both left-handed and right-handed.
【ALL-PURPOSE SCISSOR】: Cut anything safely and efficiently with these sharp scissors. Ideal for cutting ribbon, burlap, rope, car seat belts, leather, {remove|get rid of|take away|eliminate|do away with|cast off|dispose of|put off} wounded clothes, gauze, tape, bandages {etc|and so on|and so forth|and the like}. Suitable for outdoors, first aid, nurse, doctor, firefighter, gardening, household.
【EASY TO USE】: The compacted trauma shear designed with connected hole to take. Penlights designed with push-button on/off switches and pocket clip. Keep them within reach {at all times|always|all the time} with you!
【KINDELY REMINDER】Don’t drop the penlight to hard ground to {avoid|steer clear of|keep away from} damaging the LED bulb.","[gallery]
【MED KIT】: Contained 2 pack LED medical pen lights for nurses with 4 AAA batteries, and 1 pack medical scissor trauma shears, Perfect nurse accessories for work, medical supplies penlights for nurses doctors EMT
【Medical Scissor】: Cut anything safely and efficiently with these sharp medical scissors. The upgraded blades material is stainless steel 440, with higher strength and hardness {in comparison to|compared to} others, {to make sure|to verify|to ensure} MEUUT medical scissors much sharper and durable for long-lasting time. Forging high-density stainless steel blades with 3 times heat treatments {to make sure|to verify|to ensure} scissors much sharper and durable.
【PENLIGHTS】: Made of premium aluminum alloy and led bulb, a 5cm-ruler chart, pupil gauge, metal pocket clip. The penlights {can also be|will also be|may also be|can be} powered by 2 pieces AAA batteries with keeping the positive pole “+” direction of batteries to the pen bulbs.
【ERGONOMIC HANDLE】: Ergonomic soft-grip {maintain|care for|take care of|deal with|handle} design for precision {keep an eye on|keep watch over|regulate|control} and maximum comfort, {make sure|make sure that|be sure that|make certain|be certain|be certain that|ensure that|be sure|ensure} great cutting experience for years. Suitable for both left-handed and right-handed.
【ALL-PURPOSE SCISSOR】: Cut anything safely and efficiently with these sharp scissors. Ideal for cutting ribbon, burlap, rope, car seat belts, leather, {get rid of|take away|do away with|put off|cast off|dispose of|eliminate|remove} wounded clothes, gauze, tape, bandages {and the like|and so forth|and so on|etc}. Suitable for outdoors, first aid, nurse, doctor, firefighter, gardening, household.
【EASY TO USE】: The compacted trauma shear designed with connected hole to take. Penlights designed with push-button on/off switches and pocket clip. Keep them within reach {all the time|always|at all times} with you!
【KINDELY REMINDER】Don’t drop the penlight to hard ground to {keep away from|steer clear of|avoid} damaging the LED bulb.","[gallery]
【MED KIT】: Contained 2 pack LED medical pen lights for nurses with 4 AAA batteries, and 1 pack medical scissor trauma shears, Perfect nurse accessories for work, medical supplies penlights for nurses doctors EMT
【Medical Scissor】: Cut anything safely and efficiently with these sharp medical scissors. The upgraded blades material is stainless steel 440, with higher strength and hardness compared to others, to ensure MEUUT medical scissors much sharper and durable for long-lasting time. Forging high-density stainless steel blades with 3 times heat treatments to ensure scissors much sharper and durable.
【PENLIGHTS】: Made of premium aluminum alloy and led bulb, a 5cm-ruler chart, pupil gauge, metal pocket clip. The penlights can be powered by 2 pieces AAA batteries with keeping the positive pole “+” direction of batteries to the pen bulbs.
【ERGONOMIC HANDLE】: Ergonomic soft-grip handle design for precision control and maximum comfort, ensure great cutting experience for years. Suitable for both left-handed and right-handed.
【ALL-PURPOSE SCISSOR】: Cut anything safely and efficiently with these sharp scissors. Ideal for cutting ribbon, burlap, rope, car seat belts, leather, remove wounded clothes, gauze, tape, bandages etc. Suitable for outdoors, first aid, nurse, doctor, firefighter, gardening, household.
【EASY TO USE】: The compacted trauma shear designed with connected hole to take. Penlights designed with push-button on/off switches and pocket clip. Keep them within reach at all times with you!
【KINDELY REMINDER】Don’t drop the penlight to hard ground to avoid damaging the LED bulb.",B09B5FC8XC,com,999999,amz-B09B5FC8XC,amazon,https://www.amazon.com/dp/B09B5FC8XC/,1747058476,0,0,1,218,0,218,,0,0,1778970612,invalid,14
988,external,,,"MEUUT 3 Pack Penlight & Medical Scissors- One 8 Inches Patented Trauma Shears Two LED Pen light with Four Batteries - Bandage Scissor for- Nurse, First Aid, EMT, Doctor",1,0,visible,"【PERFECT MED KIT】: Contained two pack LED penlights with four AAA batteries, and one pack medical scissor trauma shear, perfect for First Aid Kits, Nurse, Doctor, EMT.\n【Medical Scissor】: Cut anything safely and efficiently with these sharp, professional grade medical scissors. The upgraded blades material is stainless steel 440, with higher strength and hardness compared to others, to ensure MEUUT medical scissors much sharper and durable for long-lasting time. Forging high-density stainless steel blades with 3 times heat treatments to ensure scissors much sharper and durable.\n【Penlight】These Pen lights are made of premium aluminum alloy and LED bulb, which make sure these nurse penlights durable and long-life using. There are pupil gauge and a 5cm-ruler on the side of the penlight. It is very helpful for you to measure the pupil dilation and length on using these medical penlights.","[gallery]\n【PERFECT MED KIT】: Contained two pack LED penlights with four AAA batteries, and one pack medical scissor trauma shear, perfect for First Aid Kits, Nurse, Doctor, EMT.\n【Medical Scissor】: Cut anything safely and efficiently with these sharp, professional grade medical scissors. The upgraded blades material is stainless steel 440, with higher strength and hardness in comparison to others, to verify MEUUT medical scissors much sharper and durable for long-lasting time. Forging high-density stainless steel blades with 3 times heat treatments to verify scissors much sharper and durable.\n【Penlight】These Pen lights are made of premium aluminum alloy and LED bulb, which make sure these nurse penlights durable and long-life the use of. There are pupil gauge and a 5cm-ruler on the side of the penlight. It is extremely helpful so that you can measure the pupil dilation and length on the use of these medical penlights.\n【ERGONOMIC HANDLE】: Ergonomic soft-grip take care of design for precision keep watch over and maximum comfort, ensure great cutting experience for years. Suitable for both left and right hands\n【ALL-PURPOSE SCISSOR】: Cut anything safely and efficiently with these sharp scissors. Ideal for cutting ribbon, burlap, rope, car seat belts, leather, remove wounded clothes, gauze, tape, bandages and so on. Perfect for outdoors, first aid, nurse, doctor.\n【EASY TO USE】: The compacted trauma shear designed with connected hole to take. Penlights designed with push-button on/off switches and pocket clip. Keep them within reach all the time with you!\n【KINDELY REMINDER】Don’t drop the penlight to hard ground to keep away from damaging the LED bulb.",,,taxable,,1,,,0,0,,,,,1,,,9.99,"Industrial and Scientific > Professional Medical Supplies > Instruments and Surgical Tools > Scissors and Shears",,,"https://m.media-amazon.com/images/I/41nMP5MiygL.jpg, https://m.media-amazon.com/images/I/41nMP5MiygL.jpg",,,,,,,https://4anurse.com/?redirectAmzASIN=B09FQ44HWZ&redirect_prodid=amz-B09FQ44HWZ,,0,,,,,,"[gallery]
【PERFECT MED KIT】: Contained two pack LED penlights with four AAA batteries, and one pack medical scissor trauma shear, perfect for First Aid Kits, Nurse, Doctor, EMT.
【Medical Scissor】: Cut anything safely and efficiently with these sharp, professional grade medical scissors. The upgraded blades material is stainless steel 440, with higher strength and hardness {compared to|in comparison to} others, {to ensure|to make sure|to verify} MEUUT medical scissors much sharper and durable for long-lasting time. Forging high-density stainless steel blades with 3 times heat treatments {to ensure|to make sure|to verify} scissors much sharper and durable.
【Penlight】These Pen lights are made of premium aluminum alloy and LED bulb, which make sure these nurse penlights durable and long-life {using|the use of|the usage of}. There are pupil gauge and a 5cm-ruler on the side of the penlight. {It is very|It is rather|It is extremely|It is vitally} helpful {for you to|so that you can} measure the pupil dilation and length on {using|the use of|the usage of} these medical penlights.
【ERGONOMIC HANDLE】: Ergonomic soft-grip {handle|take care of|care for|deal with|maintain} design for precision {control|keep an eye on|regulate|keep watch over} and maximum comfort, ensure great cutting experience for years. Suitable for both left and right hands
【ALL-PURPOSE SCISSOR】: Cut anything safely and efficiently with these sharp scissors. Ideal for cutting ribbon, burlap, rope, car seat belts, leather, remove wounded clothes, gauze, tape, bandages {etc|and so on|and so forth|and the like}. Perfect for outdoors, first aid, nurse, doctor.
【EASY TO USE】: The compacted trauma shear designed with connected hole to take. Penlights designed with push-button on/off switches and pocket clip. Keep them within reach {at all times|always|all the time} with you!
【KINDELY REMINDER】Don’t drop the penlight to hard ground to {avoid|steer clear of|keep away from} damaging the LED bulb.","[gallery]
【PERFECT MED KIT】: Contained two pack LED penlights with four AAA batteries, and one pack medical scissor trauma shear, perfect for First Aid Kits, Nurse, Doctor, EMT.
【Medical Scissor】: Cut anything safely and efficiently with these sharp, professional grade medical scissors. The upgraded blades material is stainless steel 440, with higher strength and hardness {in comparison to|compared to} others, {to verify|to make sure|to ensure} MEUUT medical scissors much sharper and durable for long-lasting time. Forging high-density stainless steel blades with 3 times heat treatments {to verify|to make sure|to ensure} scissors much sharper and durable.
【Penlight】These Pen lights are made of premium aluminum alloy and LED bulb, which make sure these nurse penlights durable and long-life {the use of|the usage of|using}. There are pupil gauge and a 5cm-ruler on the side of the penlight. {It is extremely|It is rather|It is vitally|It is very} helpful {so that you can|for you to} measure the pupil dilation and length on {the use of|the usage of|using} these medical penlights.
【ERGONOMIC HANDLE】: Ergonomic soft-grip {take care of|care for|deal with|maintain|handle} design for precision {keep watch over|regulate|keep an eye on|control} and maximum comfort, ensure great cutting experience for years. Suitable for both left and right hands
【ALL-PURPOSE SCISSOR】: Cut anything safely and efficiently with these sharp scissors. Ideal for cutting ribbon, burlap, rope, car seat belts, leather, remove wounded clothes, gauze, tape, bandages {and so on|and the like|and so forth|etc}. Perfect for outdoors, first aid, nurse, doctor.
【EASY TO USE】: The compacted trauma shear designed with connected hole to take. Penlights designed with push-button on/off switches and pocket clip. Keep them within reach {all the time|always|at all times} with you!
【KINDELY REMINDER】Don’t drop the penlight to hard ground to {keep away from|steer clear of|avoid} damaging the LED bulb.","[gallery]
【PERFECT MED KIT】: Contained two pack LED penlights with four AAA batteries, and one pack medical scissor trauma shear, perfect for First Aid Kits, Nurse, Doctor, EMT.
【Medical Scissor】: Cut anything safely and efficiently with these sharp, professional grade medical scissors. The upgraded blades material is stainless steel 440, with higher strength and hardness compared to others, to ensure MEUUT medical scissors much sharper and durable for long-lasting time. Forging high-density stainless steel blades with 3 times heat treatments to ensure scissors much sharper and durable.
【Penlight】These Pen lights are made of premium aluminum alloy and LED bulb, which make sure these nurse penlights durable and long-life using. There are pupil gauge and a 5cm-ruler on the side of the penlight. It is very helpful for you to measure the pupil dilation and length on using these medical penlights.
【ERGONOMIC HANDLE】: Ergonomic soft-grip handle design for precision control and maximum comfort, ensure great cutting experience for years. Suitable for both left and right hands
【ALL-PURPOSE SCISSOR】: Cut anything safely and efficiently with these sharp scissors. Ideal for cutting ribbon, burlap, rope, car seat belts, leather, remove wounded clothes, gauze, tape, bandages etc. Perfect for outdoors, first aid, nurse, doctor.
【EASY TO USE】: The compacted trauma shear designed with connected hole to take. Penlights designed with push-button on/off switches and pocket clip. Keep them within reach at all times with you!
【KINDELY REMINDER】Don’t drop the penlight to hard ground to avoid damaging the LED bulb.",B09FQ44HWZ,com,999999,amz-B09FQ44HWZ,amazon,https://www.amazon.com/dp/B09FQ44HWZ/,1747058482,0,0,1,236,0,236,,0,0,1778970612,invalid,11
990,external,,,"Madison Supply 7.5 Inches Premium Stainless Steel Nurse Scissors - Non-Stick Coated Blades Medical Scissors - Durable Fluoride-Coated Trauma Shears - Black",1,0,visible,"Durable Design: Medical scissors for nurses made with premium stainless steel and high-impact handles; fluoride-coated blades for longevity and effortless cutting of various materials\nIdeal Size for Cutting: These 7.5"" shears nursing scissors feature deep serrations for precise cutting performance on bandages, clothes or tough materials; ideal for both everyday and emergency use\nProfessional Quality: Our bandage scissors are essential tools for doctors, nurses, nursing students, and EMTs; these scissors medical provide reliable performance in critical situations","[gallery]\nDurable Design: Medical scissors for nurses made with premium chrome steel and high-have an effect on handles; fluoride-coated blades for longevity and effortless cutting of quite a lot of materials\nIdeal Size for Cutting: These 7.5"" shears nursing scissors feature deep serrations for precise cutting performance on bandages, clothes or difficult materials; ideal for both on a regular basis and emergency use\nProfessional Quality: Our bandage scissors are very important tools for doctors, nurses, nursing students, and EMTs; these scissors medical provide reliable performance in vital situations\nHygienic and Sterilizable: Blunt tip enhances patient protection; autoclavable design withstands sterilization as much as 290 degrees F; ideal for keeping up the cleanliness of medical shears\nEffortless Cutting: Surgical scissors feature thick, serrated blades to simply cut through rope, clothing, and plastic; athletic tape scissors are designed for swift and efficient patient care",,,taxable,,1,,,0,0,,,,,1,,12.99,24.99,"Industrial and Scientific > Professional Medical Supplies > Instruments and Surgical Tools > Scissors and Shears",,,"https://m.media-amazon.com/images/I/31jqUX-gE3L.jpg, https://m.media-amazon.com/images/I/31jqUX-gE3L.jpg",,,,,,,https://4anurse.com/?redirectAmzASIN=B00YFG1U86&redirect_prodid=amz-B00YFG1U86,,0,,,,,,"[gallery]
Durable Design: Medical scissors for nurses made with premium {stainless steel|chrome steel|stainless-steel} and high-{impact|have an effect on|affect} handles; fluoride-coated blades for longevity and effortless cutting of {various|more than a few|quite a lot of} materials
Ideal Size for Cutting: These 7.5"" shears nursing scissors feature deep serrations for precise cutting performance on bandages, clothes or {tough|tricky|difficult} materials; ideal for both {everyday|on a regular basis} and emergency use
Professional Quality: Our bandage scissors are {essential|very important|crucial} tools for doctors, nurses, nursing students, and EMTs; these scissors medical provide reliable performance in {critical|very important|crucial|essential|vital|important} situations
Hygienic and Sterilizable: Blunt tip enhances patient protection; autoclavable design withstands sterilization {up to|as much as} 290 degrees F; ideal for {maintaining|keeping up} the cleanliness of medical shears
Effortless Cutting: Surgical scissors feature thick, serrated blades {to easily|to simply} cut through rope, clothing, and plastic; athletic tape scissors are designed for swift and efficient patient care","[gallery]
Durable Design: Medical scissors for nurses made with premium {chrome steel|stainless-steel|stainless steel} and high-{have an effect on|affect|impact} handles; fluoride-coated blades for longevity and effortless cutting of {quite a lot of|more than a few|various} materials
Ideal Size for Cutting: These 7.5"" shears nursing scissors feature deep serrations for precise cutting performance on bandages, clothes or {difficult|tricky|tough} materials; ideal for both {on a regular basis|everyday} and emergency use
Professional Quality: Our bandage scissors are {very important|crucial|essential} tools for doctors, nurses, nursing students, and EMTs; these scissors medical provide reliable performance in {vital|crucial|very important|essential|important|critical} situations
Hygienic and Sterilizable: Blunt tip enhances patient protection; autoclavable design withstands sterilization {as much as|up to} 290 degrees F; ideal for {keeping up|maintaining} the cleanliness of medical shears
Effortless Cutting: Surgical scissors feature thick, serrated blades {to simply|to easily} cut through rope, clothing, and plastic; athletic tape scissors are designed for swift and efficient patient care","[gallery]
Durable Design: Medical scissors for nurses made with premium stainless steel and high-impact handles; fluoride-coated blades for longevity and effortless cutting of various materials
Ideal Size for Cutting: These 7.5"" shears nursing scissors feature deep serrations for precise cutting performance on bandages, clothes or tough materials; ideal for both everyday and emergency use
Professional Quality: Our bandage scissors are essential tools for doctors, nurses, nursing students, and EMTs; these scissors medical provide reliable performance in critical situations
Hygienic and Sterilizable: Blunt tip enhances patient protection; autoclavable design withstands sterilization up to 290 degrees F; ideal for maintaining the cleanliness of medical shears
Effortless Cutting: Surgical scissors feature thick, serrated blades to easily cut through rope, clothing, and plastic; athletic tape scissors are designed for swift and efficient patient care",B00YFG1U86,com,999999,amz-B00YFG1U86,amazon,https://www.amazon.com/dp/B00YFG1U86/,1747058497,0,0,1,190,0,190,,0,0,1778970612,invalid,25
992,external,,,"Primacare DL-9223 Pack of 6 Disposable Diagnostic Penlight with Imprinted Pupil Gauge, Lightweight and Moulded Plastic Body Medical Pen Light for Nurse, Student, Doctors EMT, White",1,0,visible,"SUPERIOR QUALITY: Primacare disposable penlights are high quality, long lasting and energy efficient. It has a standard bulb that emits a nice warm light that does not burn the patient's retinas or cause complaints\nLIGHTWEIGHT AND CONVENIENT: The diagnostic pen light is made of lightweight plastic materials making it easy to store and clip onto any uniform, apron, pocket. These penlights are light and compact, convenient to carry anywhere\nPUPIL GAUGE PRINTED: This has an imprinted pupil gauge chart printed on this product for easy assessment and accuracy at a glance. Our diagnostic penlight is a pre-focused pinpoint lens that directly illuminates eyes, ears and throat","[gallery]\n<!-- show up to 2 reviews by default --> <h3> <span>Product Description</span> </h3> <p> <span>The Primacare Penlight is the ultimate tool to evaluate, assess, and utilize in a couple of fields. Whether you’re a Dr, EMT, Police, Fire Department, or need for family care Primacare is the number 1 choice. Reusable and made from Top of the range plastic to last for years. A simple tool made to decide or diagnose patients within seconds. 6 Top of the range penlights to keep in your car, bag, medical kit, in your pocket, or at the office. This lightweight penlight has an easy to clip for traveling and convenience when dealing with a couple of patients. Sleek penlight has pupil gauge on the side to for accurate comparisons. Built in bright light to highlight nose, ears, and throat. The most affordable and high-quality pens that you'll take far and wide you go</span> </p> <h3> <span>Manufacturer Contact Information</span> </h3> <p> <span>908-486-7050</span> </p>\nSUPERIOR QUALITY: Primacare disposable penlights are Top of the range, long lasting and energy efficient. It has a standard bulb that emits a nice warm light that doesn't burn the patient's retinas or cause complaints\nLIGHTWEIGHT AND CONVENIENT: The diagnostic pen light is made of lightweight plastic materials making it easy to store and clip onto any uniform, apron, pocket. These penlights are light and compact, convenient to carry anywhere\nPUPIL GAUGE PRINTED: This has an imprinted pupil gauge chart printed on this product for easy assessment and accuracy at a glance. Our diagnostic penlight is a pre-focused pinpoint lens that directly illuminates eyes, ears and throat\nMULTIPURPOSE: Our pen-lights are designed to be efficient and lightweight for professionals and are also suitable for home consumer use. Sealed concentric beam. Keep these important penlights at work, home, in your car, boat, or backpack\nPERFECT GIFTS: A pack of 6 penlights which have a sealed concentric beam and long lasting battery reinforce. The easiest gift for doctors, nurses, Internists, medical assistants, medical students, veterinary, and so forth",,,taxable,,1,,,0,0,,,,,1,,,12.07,"Industrial and Scientific > Professional Medical Supplies",,,"https://m.media-amazon.com/images/I/41xeRitPgiL.jpg, https://m.media-amazon.com/images/I/41xeRitPgiL.jpg",,,,,,,https://4anurse.com/?redirectAmzASIN=B003F13FMQ&redirect_prodid=amz-B003F13FMQ,,0,,,,,,"[gallery]
<!-- show up to 2 reviews by default --> <h3> <span>Product Description</span> </h3> <p> <span>The Primacare Penlight is the ultimate tool to evaluate, assess, and utilize in {multiple|more than one|a couple of} fields. Whether you’re a Dr, EMT, Police, Fire Department, or need for family care Primacare is {the number one|the number 1|the #1} choice. Reusable and made from {High quality|Top of the range|Prime quality|Top quality} plastic to last for years. A simple tool made to {determine|decide|resolve} or diagnose patients within seconds. 6 {High quality|Top of the range|Prime quality|Top quality} penlights to keep in your car, bag, medical kit, in your pocket, or at the office. This lightweight penlight has an easy to clip for traveling and convenience when dealing with {multiple|more than one|a couple of} patients. Sleek penlight has pupil gauge on the side to for accurate comparisons. Built in bright light to highlight nose, ears, and throat. The most affordable and high-quality pens that {you can|you'll be able to|you'll} take {everywhere|all over the place|all over|in all places|far and wide|in every single place} you go</span> </p> <h3> <span>Manufacturer Contact Information</span> </h3> <p> <span>908-486-7050</span> </p>
SUPERIOR QUALITY: Primacare disposable penlights are {High quality|Top of the range|Prime quality|Top quality}, long lasting and energy efficient. It has a standard bulb that emits a nice warm light {that does not|that doesn't} burn the patient's retinas or cause complaints
LIGHTWEIGHT AND CONVENIENT: The diagnostic pen light is made of lightweight plastic materials making it easy to store and clip onto any uniform, apron, pocket. These penlights are light and compact, convenient to carry anywhere
PUPIL GAUGE PRINTED: This has an imprinted pupil gauge chart printed on this product for easy assessment and accuracy at a glance. Our diagnostic penlight is a pre-focused pinpoint lens that directly illuminates eyes, ears and throat
MULTIPURPOSE: Our pen-lights are designed to be efficient and lightweight for professionals and are also suitable for home consumer use. Sealed concentric beam. Keep these important penlights at work, home, in your car, boat, or backpack
PERFECT GIFTS: A pack of 6 penlights which have a sealed concentric beam and long lasting battery {support|give a boost to|beef up|strengthen|improve|enhance|reinforce|make stronger|fortify|toughen}. {The perfect|The very best|The easiest} gift for doctors, nurses, Internists, medical assistants, medical students, veterinary, {etc|and so on|and so forth|and the like}","[gallery]
<!-- show up to 2 reviews by default --> <h3> <span>Product Description</span> </h3> <p> <span>The Primacare Penlight is the ultimate tool to evaluate, assess, and utilize in {a couple of|more than one|multiple} fields. Whether you’re a Dr, EMT, Police, Fire Department, or need for family care Primacare is {the number 1|the #1|the number one} choice. Reusable and made from {Top of the range|Prime quality|Top quality|High quality} plastic to last for years. A simple tool made to {decide|resolve|determine} or diagnose patients within seconds. 6 {Top of the range|Prime quality|Top quality|High quality} penlights to keep in your car, bag, medical kit, in your pocket, or at the office. This lightweight penlight has an easy to clip for traveling and convenience when dealing with {a couple of|more than one|multiple} patients. Sleek penlight has pupil gauge on the side to for accurate comparisons. Built in bright light to highlight nose, ears, and throat. The most affordable and high-quality pens that {you'll|you'll be able to|you can} take {far and wide|in every single place|all over|in all places|all over the place|everywhere} you go</span> </p> <h3> <span>Manufacturer Contact Information</span> </h3> <p> <span>908-486-7050</span> </p>
SUPERIOR QUALITY: Primacare disposable penlights are {Top of the range|Prime quality|Top quality|High quality}, long lasting and energy efficient. It has a standard bulb that emits a nice warm light {that doesn't|that does not} burn the patient's retinas or cause complaints
LIGHTWEIGHT AND CONVENIENT: The diagnostic pen light is made of lightweight plastic materials making it easy to store and clip onto any uniform, apron, pocket. These penlights are light and compact, convenient to carry anywhere
PUPIL GAUGE PRINTED: This has an imprinted pupil gauge chart printed on this product for easy assessment and accuracy at a glance. Our diagnostic penlight is a pre-focused pinpoint lens that directly illuminates eyes, ears and throat
MULTIPURPOSE: Our pen-lights are designed to be efficient and lightweight for professionals and are also suitable for home consumer use. Sealed concentric beam. Keep these important penlights at work, home, in your car, boat, or backpack
PERFECT GIFTS: A pack of 6 penlights which have a sealed concentric beam and long lasting battery {reinforce|toughen|enhance|strengthen|give a boost to|improve|fortify|make stronger|beef up|support}. {The easiest|The very best|The perfect} gift for doctors, nurses, Internists, medical assistants, medical students, veterinary, {and so forth|and the like|and so on|etc}","[gallery]
<!-- show up to 2 reviews by default --> <h3> <span>Product Description</span> </h3> <p> <span>The Primacare Penlight is the ultimate tool to evaluate, assess, and utilize in multiple fields. Whether you’re a Dr, EMT, Police, Fire Department, or need for family care Primacare is the number one choice. Reusable and made from high quality plastic to last for years. A simple tool made to determine or diagnose patients within seconds. 6 High quality penlights to keep in your car, bag, medical kit, in your pocket, or at the office. This lightweight penlight has an easy to clip for traveling and convenience when dealing with multiple patients. Sleek penlight has pupil gauge on the side to for accurate comparisons. Built in bright light to highlight nose, ears, and throat. The most affordable and high-quality pens that you can take everywhere you go</span> </p> <h3> <span>Manufacturer Contact Information</span> </h3> <p> <span>908-486-7050</span> </p>
SUPERIOR QUALITY: Primacare disposable penlights are high quality, long lasting and energy efficient. It has a standard bulb that emits a nice warm light that does not burn the patient's retinas or cause complaints
LIGHTWEIGHT AND CONVENIENT: The diagnostic pen light is made of lightweight plastic materials making it easy to store and clip onto any uniform, apron, pocket. These penlights are light and compact, convenient to carry anywhere
PUPIL GAUGE PRINTED: This has an imprinted pupil gauge chart printed on this product for easy assessment and accuracy at a glance. Our diagnostic penlight is a pre-focused pinpoint lens that directly illuminates eyes, ears and throat
MULTIPURPOSE: Our pen-lights are designed to be efficient and lightweight for professionals and are also suitable for home consumer use. Sealed concentric beam. Keep these important penlights at work, home, in your car, boat, or backpack
PERFECT GIFTS: A pack of 6 penlights which have a sealed concentric beam and long lasting battery support. The perfect gift for doctors, nurses, Internists, medical assistants, medical students, veterinary, etc",B003F13FMQ,com,999999,amz-B003F13FMQ,amazon,https://www.amazon.com/dp/B003F13FMQ/,1747058616,0,0,1,207,0,207,,0,0,1778970612,invalid,8
994,external,,,"MEUUT 3 Pack Pen Lights for Nurses with 6 Batteries – Medical Penlights Nurse Accessories for Work, Perfect Nursing Student Essentials Medical Supplies for Nurses Doctors EMT Trauma",1,0,visible,"【MED KIT with Batteries】: Contained 3 pack Medical penlights, set comes with 6 packs AAA batteries. Nurse Led Penlights , Medical Supplies Penlights for Nurses Doctors EMT Trauma.\n【PERFECT DESIGN】:The penlights with pupil gauge and a 5cm-ruler, helpful for you to measure the size of pupil dilation and body parts, the penlights can be powered by 2 pieces AAA batteries with keeping the positive pole “+” direction of batteries to the pen bulbs.\n【USEFUL】: The penlights are made of premium aluminum alloy and led bulb, very simple to operate by pressing the button, which make sure these nurse penlights durable and long-life using.","[gallery]\n【MED KIT with Batteries】: Contained 3 pack Medical penlights, set comes with 6 packs AAA batteries. Nurse Led Penlights , Medical Supplies Penlights for Nurses Doctors EMT Trauma.\n【PERFECT DESIGN】:The penlights with pupil gauge and a 5cm-ruler, helpful so that you can measure the size of pupil dilation and body parts, the penlights can also be powered by 2 pieces AAA batteries with keeping the positive pole “+” direction of batteries to the pen bulbs.\n【USEFUL】: The penlights are made of premium aluminum alloy and led bulb, quite simple to operate by pressing the button, which be certain these nurse penlights durable and long-life the usage of.\n【EASY TO USE】: Bored with losing pen light? Our nurse pen lights are push-button on/off switches with pocket clip, very best size and very handy penlights are easy to slot in your hand. Keep them within reach all the time with you!\n【Hand-tested】: All of the items are manual assembly, inspected and hand-tested.",,,taxable,,1,,,0,0,,,,,1,,7.19,7.99,"Industrial and Scientific > Professional Medical Supplies",,,"https://m.media-amazon.com/images/I/41gaz-xlGlL.jpg, https://m.media-amazon.com/images/I/41gaz-xlGlL.jpg",,,,,,,https://4anurse.com/?redirectAmzASIN=B09G3G3JYD&redirect_prodid=amz-B09G3G3JYD,,0,,,,,,"[gallery]
【MED KIT with Batteries】: Contained 3 pack Medical penlights, set comes with 6 packs AAA batteries. Nurse Led Penlights , Medical Supplies Penlights for Nurses Doctors EMT Trauma.
【PERFECT DESIGN】:The penlights with pupil gauge and a 5cm-ruler, helpful {for you to|so that you can} measure the size of pupil dilation and body parts, the penlights {can be|can also be|may also be|will also be} powered by 2 pieces AAA batteries with keeping the positive pole “+” direction of batteries to the pen bulbs.
【USEFUL】: The penlights are made of premium aluminum alloy and led bulb, {very simple|quite simple} to operate by pressing the button, which {make sure|ensure|make certain|be sure|ensure that|be certain that|make sure that|be sure that|be certain} these nurse penlights durable and long-life {using|the use of|the usage of}.
【EASY TO USE】: {Tired of|Uninterested in|Bored with} losing pen light? Our nurse pen lights are push-button on/off switches with pocket clip, {perfect|very best|absolute best|best possible|best|highest|easiest} size and very handy penlights are easy {to fit in|to slot in} your hand. Keep them within reach {at all times|always|all the time} with you!
【Hand-tested】: {All the|All of the|The entire} items are manual assembly, inspected and hand-tested.","[gallery]
【MED KIT with Batteries】: Contained 3 pack Medical penlights, set comes with 6 packs AAA batteries. Nurse Led Penlights , Medical Supplies Penlights for Nurses Doctors EMT Trauma.
【PERFECT DESIGN】:The penlights with pupil gauge and a 5cm-ruler, helpful {so that you can|for you to} measure the size of pupil dilation and body parts, the penlights {can also be|will also be|may also be|can be} powered by 2 pieces AAA batteries with keeping the positive pole “+” direction of batteries to the pen bulbs.
【USEFUL】: The penlights are made of premium aluminum alloy and led bulb, {quite simple|very simple} to operate by pressing the button, which {be certain|be sure that|make certain|ensure that|ensure|be sure|make sure that|be certain that|make sure} these nurse penlights durable and long-life {the usage of|the use of|using}.
【EASY TO USE】: {Bored with|Uninterested in|Tired of} losing pen light? Our nurse pen lights are push-button on/off switches with pocket clip, {very best|highest|easiest|best|absolute best|best possible|perfect} size and very handy penlights are easy {to slot in|to fit in} your hand. Keep them within reach {all the time|always|at all times} with you!
【Hand-tested】: {All of the|The entire|All the} items are manual assembly, inspected and hand-tested.","[gallery]
【MED KIT with Batteries】: Contained 3 pack Medical penlights, set comes with 6 packs AAA batteries. Nurse Led Penlights , Medical Supplies Penlights for Nurses Doctors EMT Trauma.
【PERFECT DESIGN】:The penlights with pupil gauge and a 5cm-ruler, helpful for you to measure the size of pupil dilation and body parts, the penlights can be powered by 2 pieces AAA batteries with keeping the positive pole “+” direction of batteries to the pen bulbs.
【USEFUL】: The penlights are made of premium aluminum alloy and led bulb, very simple to operate by pressing the button, which make sure these nurse penlights durable and long-life using.
【EASY TO USE】: Tired of losing pen light? Our nurse pen lights are push-button on/off switches with pocket clip, perfect size and very handy penlights are easy to fit in your hand. Keep them within reach at all times with you!
【Hand-tested】: All the items are manual assembly, inspected and hand-tested.",B09G3G3JYD,com,999999,amz-B09G3G3JYD,amazon,https://www.amazon.com/dp/B09G3G3JYD/,1747058676,0,0,1,209,0,209,,0,0,1778970612,invalid,11
996,external,,,"MEUUT 15 pcs Stethoscope Case Kit, Perfect Nurse Gift Include Stethoscope Case, Medical Scissors, Penlights with Batteries, Bandage Wraps, Badge Holders for Nurse Accessories for Work",1,0,visible,"【NURSE KIT】: Come with a stethoscope case kit, contained 1 pcs stethoscope case, 2 pcs pen lights with 4 AAA batteries, 1 pcs medical scissor, 4 pcs self adhesive bandage wraps, 1 pcs permanent marker, 1 pcs ballpoint Pen, 1 pcs retractable badge holder set with Carabiner Reel Clip.\n【STETHOSCOPE CASE】:Outer: 11.82"" L x 5.12"" W x 2.37"" H, internal: 11.0"" L x 4.44"" W x 2"" H, larger than most others. Compatible with a variety of nurse accessories.\n【DURABLE& EASY TO CARRY】: Our classic stethoscope case kit is a nurse gift , take with them anywhere conveniently. We use hard EVA and nylon to keep stethoscope accessories kit safely, shockproof, tear-resistant, and flame resistant along with a soft interlayer. A double zipper design to keep everything safely locked inside and includes a wristband and a carabiner so you can carry it comfortably.","[gallery]\n【NURSE KIT】: Come with a stethoscope case kit, contained 1 pcs stethoscope case, 2 pcs pen lights with 4 AAA batteries, 1 pcs medical scissor, 4 pcs self adhesive bandage wraps, 1 pcs permanent marker, 1 pcs ballpoint Pen, 1 pcs retractable badge holder set with Carabiner Reel Clip.\n【STETHOSCOPE CASE】:Outer: 11.82"" L x 5.12"" W x 2.37"" H, internal: 11.0"" L x 4.44"" W x 2"" H, larger than most others. Compatible with a variety of nurse accessories.\n【DURABLE& EASY TO CARRY】: Our classic stethoscope case kit is a nurse gift , take with them anywhere conveniently. We use hard EVA and nylon to keep stethoscope accessories kit safely, shockproof, tear-resistant, and flame resistant along with a soft interlayer. A double zipper design to keep everything safely locked inside and includes a wristband and a carabiner so you can carry it comfortably.\n【PENLIGHTS WITH BATTERIES】: Come with batteries, made of premium aluminum alloy and led bulb, a 5cm-ruler chart, pupil gauge, metal pocket clip. The penlights can be powered by 2 pieces AAA batteries with keeping the positive pole “+” direction of batteries to the pen bulbs.\n【PATENTED MEDICAL SCISSORS】: Cut anything safely and efficiently with these sharp, professional grade medical scissors. The upgraded blades material is stainless steel 440, with higher strength and hardness compared to others, to ensure MEUUT medical scissors much sharper and durable for long-lasting time. Forging high-density stainless steel blades with 3 times heat treatments to ensure scissors much sharper and durable.\n【Badge Holder set】: Include 2 horizontal ID badge holder and 1 retractable badge reels.\n【BANDAGE WRAPS】: 4pcs, each is 1 inch wide and 5 yards long. This bandage is a strong self-adherent tape that offers excellent support.",,,taxable,,1,,,0,0,,,,,1,,,21.99,"Industrial and Scientific > Professional Medical Supplies > Diagnostics and Screening > Stethoscope Accessories",,,"https://m.media-amazon.com/images/I/518HTBZtr7L.jpg, https://m.media-amazon.com/images/I/518HTBZtr7L.jpg",,,,,,,https://4anurse.com/?redirectAmzASIN=B09HSMC8J3&redirect_prodid=amz-B09HSMC8J3,,0,,,,,,,,,B09HSMC8J3,com,999999,amz-B09HSMC8J3,amazon,https://www.amazon.com/dp/B09HSMC8J3/,1747063932,0,0,1,213,0,213,,0,0,1778970612,invalid,8
998,external,,,"(3PCs) The Nurse Tarot Vinyl Sticker, The Nurse Tarot Card Holographic Stickers, Nurse Skeleton Hologrpahic Vinyl Stickers, Fun Nurse Decal- Stickers for Laptop Water Bottle Phone Car Helmet 3""",1,0,visible,"PERFECT FOR PERSONALIZING: Decorate your Car, Hard Hat, Helmet, Water Bottle, Tumbler, Cup, Laptop, Guitar, Cars, Bumper, Motorcycle, Bike, Skateboard, Luggage Box, Computer, Laptop, Phone Case or any other smooth surface with these stickers to add a touch of personality. This sticker is designed to be easy to apply and can be removed without leaving any residue, making it perfect for those who like to change up their decor.\nPERFECT GIFT IDEA: Stickers are great perfect gift idea for yourself and the one you love! Funny cute humor joke inspirational motivation saying quotes stickers, birthday gift for kids, adults, her, him, men, man, mother, father, sisters, brothers, grandpa, grandma, friends, boyfriend, girlfriend, boy, girls, couple, co-worker, teacher, student, worker... We offer you 5 size options: 2x2 inches, 3x3 inches, 4x4 inches, 5x5 inches, 6x6 inches. Multi Sticker Packs: We have up to 5 pcs/pack.\n(3PCs) The Nurse Tarot Vinyl Sticker, The Nurse Tarot Card Holographic Stickers, Nurse Skeleton Hologrpahic Vinyl Stickers, Fun Nurse Decal- Stickers For Laptop Water Bottle Phone Car Helmet 3"" Search us with: Skeleton decal, tarot stickers, sticker tarot, skeleton laptop stickers, future nurse stickers, funny nurse stickers for water bottles, nursing computer sticker, skeleton decal stickers, nursing stickers, tarot accessories, nurse tarot sticker, funny Kindle stickers, healthcare stickers funny, sarcastic water bottle stickers, nursery sticker decal, nursery sticker decal, funny nursing stickers...","[gallery]\nPERFECT FOR PERSONALIZING: Decorate your Car, Hard Hat, Helmet, Water Bottle, Tumbler, Cup, Laptop, Guitar, Cars, Bumper, Motorcycle, Bike, Skateboard, Luggage Box, Computer, Laptop, Phone Case or any other smooth surface with these stickers to add a touch of personality. This sticker is designed to be easy to apply and can be removed without leaving any residue, making it perfect for those who like to change up their decor.\nPERFECT GIFT IDEA: Stickers are great perfect gift idea for yourself and the one you love! Funny cute humor joke inspirational motivation saying quotes stickers, birthday gift for kids, adults, her, him, men, man, mother, father, sisters, brothers, grandpa, grandma, friends, boyfriend, girlfriend, boy, girls, couple, co-worker, teacher, student, worker... We offer you 5 size options: 2x2 inches, 3x3 inches, 4x4 inches, 5x5 inches, 6x6 inches. Multi Sticker Packs: We have up to 5 pcs/pack.\n(3PCs) The Nurse Tarot Vinyl Sticker, The Nurse Tarot Card Holographic Stickers, Nurse Skeleton Hologrpahic Vinyl Stickers, Fun Nurse Decal- Stickers For Laptop Water Bottle Phone Car Helmet 3"" Search us with: Skeleton decal, tarot stickers, sticker tarot, skeleton laptop stickers, future nurse stickers, funny nurse stickers for water bottles, nursing computer sticker, skeleton decal stickers, nursing stickers, tarot accessories, nurse tarot sticker, funny Kindle stickers, healthcare stickers funny, sarcastic water bottle stickers, nursery sticker decal, nursery sticker decal, funny nursing stickers...\nHigh Quality, Waterproof & UV Resistant: Our die-cut vinyl stickers are made from high-quality materials that offer excellent adhesion, that are waterproof, durable, ensuring they won't fall off even in extreme weather conditions, will last a long time and can be used both indoors and outdoors. Strong adhesive backing that ensures they will stay in place, even on curved or uneven surfaces. They are easy to apply and remove without leaving any residue or damaging the surface they are applied on.\nFit all Occasions: The personalized sticker decal are great for Wedding Favors, Bridal Shower Favor, Drive by Bridal Shower, Graduation Thank You, Retirement Party, Thank You Stickers, Celebrations, Anniversary, Marketing Promotions, Sports Team, Company Events, Group Travels, School Activities, Volunteer Activities, and any other Group Activities. Great perfect gift idea for yourself and the one you love! perfect birthday gift for kids, adults, her, him, men, man, mother, father, couple...",,,taxable,,1,,,0,0,,,,,1,,,6.99,"Automotive > Exterior Accessories",,,"https://m.media-amazon.com/images/I/51b3FL4WHCL.jpg, https://m.media-amazon.com/images/I/51b3FL4WHCL.jpg",,,,,,,https://4anurse.com/?redirectAmzASIN=B0DRP6N52H&redirect_prodid=amz-B0DRP6N52H,,0,,,,,,,,,B0DRP6N52H,com,999999,amz-B0DRP6N52H,amazon,https://www.amazon.com/dp/B0DRP6N52H/,1747063946,0,0,1,204,0,204,,0,0,1778970612,invalid,13
1000,external,,,"200 Pcs Funny Nurse Stickers, Nursing Stickers Gifts for Students Teachers Nursing School, Positive Medical Waterproof Vinyl Stickers for Water Bottle Laptop Nurse Week Nurses Day",1,0,visible,"[Funny Nurse Stickers ] You will receive 200 pieces of nurse stickers in 100 different designs, with enough quantity and styles to meet your various decoration needs. The funny nurse stickers can bring a lot of fun to your life and work\n[Gift] Our funny nursing stickers contain many nursing and humorous elements, conveying positive energy to this profession. They are the perfect gift for students, teachers, nurses, and nursing schools. Nurses can personalize their belongings with our stickers\n[Widely used] Our fun nurse stickers are suitable for water bottles, laptops, scrapbooks, carrying case , medical cases, nurse cases, diaries, computers, phone case, folder. Exquisite gift stickers, perfect as nursing party supplies, nurse week gifts bulk, nurse graduation party decorations","[gallery]\n[Funny Nurse Stickers ] You will receive 200 pieces of nurse stickers in 100 different designs, with enough quantity and styles to meet your various decoration needs. The funny nurse stickers can bring a lot of fun to your life and work\n[Gift] Our funny nursing stickers contain many nursing and humorous elements, conveying positive energy to this profession. They are the perfect gift for students, teachers, nurses, and nursing schools. Nurses can personalize their belongings with our stickers\n[Widely used] Our fun nurse stickers are suitable for water bottles, laptops, scrapbooks, carrying case , medical cases, nurse cases, diaries, computers, phone case, folder. Exquisite gift stickers, perfect as nursing party supplies, nurse week gifts bulk, nurse graduation party decorations\n[Material] Nurse vinyl stickers are made of safe and professional grade waterproof vinyl, firmly adhering to any smooth surface, easy to tear and leaving no residue. The surface of nurse stickers is not easily faded, so their color can remain clear for a long time\n[Service Guarantee] Customer satisfaction is our greatest motivation, we will provide you with the most sincere, caring and satisfactory service. If you have any questions about our nurse stickers pack, please feel free to contact us",,,taxable,,1,,,0,0,,,,,1,,7.99,9.99,"Electronics > Computers and Accessories > Laptop Accessories > Skins and Decals",,,"https://m.media-amazon.com/images/I/61AWQS4DiaL.jpg, https://m.media-amazon.com/images/I/61AWQS4DiaL.jpg",,,,,,,https://4anurse.com/?redirectAmzASIN=B0DNLS6YRS&redirect_prodid=amz-B0DNLS6YRS,,0,,,,,,,,,B0DNLS6YRS,com,999999,amz-B0DNLS6YRS,amazon,https://www.amazon.com/dp/B0DNLS6YRS/,1747063947,0,0,1,211,1,211,,0,0,1778970612,invalid,13
1002,external,,,"BulbaCraft 100Pcs Funny Nurse Stickers, Funny Nurse Gifts, Nursing Stickers, Medical Decals for Computer, Cups, Planner Laptop Decals, Gifts for Women & Men",1,0,visible,"💉Waterproof Vinyl Stickers for Nurse are perfectly suitable for water bottles or lunch boxes, that need to be stored in a fridge. Don’t care about damage from spills.\n👩‍⚕️Usable Sticker Sheets - Our sticker pack contains several sheets with colorful stickers. This arrangement is very convenient for use and storage. Stickers can be reused several times by sticking it back on the sheet.\n💉Enjoy the High-Quality Vinyl Material - nurse vinyl stickers are crafted using safe, professional grade vinyl and stick firmly to any smooth surface, they don't peel off easily. Stickers don’t fade, so their colors stay clear for a long time.","[gallery]\n💉Waterproof Vinyl Stickers for Nurse are perfectly suitable for water bottles or lunch boxes, that need to be stored in a fridge. Don’t care about damage from spills.\n👩‍⚕️Usable Sticker Sheets - Our sticker pack contains several sheets with colorful stickers. This arrangement is very convenient for use and storage. Stickers can be reused several times by sticking it back on the sheet.\n💉Enjoy the High-Quality Vinyl Material - nurse vinyl stickers are crafted using safe, professional grade vinyl and stick firmly to any smooth surface, they don't peel off easily. Stickers don’t fade, so their colors stay clear for a long time.\n👩‍⚕️Versatile Nurse Stickers are suitable for nurse and medical students or even doctors. They are perfect nurse gifts for your friends and relatives. Of course it will be an unusual and funny nurse week gift. Nurses have the opportunity to personalize items with our stickers and everybody will know about their profession.\n💉Make Nurse Party Unique and unforgettable with our stickers. Use them for nurse party supplies or as nurse party favors. Nurse stickers pack contain a lot of witty quotations, which will exhilarate your guests. Have a good fun with our excellent stickers!\n👩‍⚕️Decorate Everything you Want. Nurse decals strong material allows them to liven up an infinite number of items: phone, mirror, fridge, laptop 💻, skateboards, luggage, bikes🚴. Use nurse stickers for crafts and collage. Adorn your books, photo albums, exercise books, diaries. The possibilities of decoration are endless!",,,taxable,,1,,,0,0,,,,,1,,,9.99,"Electronics > Computers and Accessories > Laptop Accessories > Skins and Decals",,,"https://m.media-amazon.com/images/I/61pKnbx1gRL.jpg, https://m.media-amazon.com/images/I/61pKnbx1gRL.jpg",,,,,,,https://4anurse.com/?redirectAmzASIN=B0BG971YRY&redirect_prodid=amz-B0BG971YRY,,0,,,,,,,,,B0BG971YRY,com,999999,amz-B0BG971YRY,amazon,https://www.amazon.com/dp/B0BG971YRY/,1747063953,0,0,1,231,0,231,,0,0,1778970612,invalid,16
1004,external,,,"12 Pack Mini Funny Nurse Sticky Notes, Nurse Notepad, Medical Assistant Stickers, Gifts for Nurse Medical Assistants, Hospital Themed Cute Memos Pads, Nurse Office Supplies, Medical Sticky Notes",1,0,visible,"Assorted Nursing Sticky Notes: This set includes 12 uniquely designed sticky notes nurse, each with 20 sheets, providing ample quantity for daily use or sharing with colleagues. Each design features vibrant medical-themed patterns, making our nurse post it notes ideal for adding personality to notes\nSmooth Writing Surface: Crafted from high-quality paper, our nurse note pad offers a smooth writing experience, compatible with most pens. The sturdy material ensures our medical assistant note pad is reliable for frequent use in hospitals, clinics, or at home\nStrong Adhesion & Easy Removal: Designed with excellent self-adhesive properties, our funny nurse notepads stick securely to smooth surfaces like books, monitors, and desks. Our funny nurse sticky notes peel off easily without leaving residue, making them convenient for marking important information","[gallery]\n<!-- show up to 2 reviews by default --> <p> </p><p><span class=""a-text-bold a-text-italic"">Why Choose Our Pharmacy Sticky Notes?</span></p><p><span class=""a-text-bold"">Vibrant And Unique Designs</span></p><p><span>Our unique nurse gifts set includes 12 pads, each featuring a unique medical-themed design. These eye-catching patterns, inspired by nurse and doctor essentials, make note-taking more fun and engaging. Whether for work, study, or daily reminders, our medical assistant sticky notes add charm to every task.</span></p><p><span class=""a-text-bold"">Premium Quality Paper</span></p><p><span>Crafted from durable and smooth paper, our student nurse gifts provide a seamless writing experience. They resist tearing, allowing you to write clearly with pens, pencils, or markers. Perfect for long-term use in hospitals, schools, or at home.</span></p><p><span><br></span></p><p><span class=""a-text-bold"">Specifications</span></p><p><span>Material: High-quality paper</span></p><p><span>Quantity: 12 pads (12 designs, 20 sheets per pad)</span></p><p><span>Size: Refer to product images for detailed dimensions</span></p><p><span><br></span></p><p><span class=""a-text-bold"">Package Includes</span></p><p><span>12 * Nurse sticky notes</span></p><p><span><br></span></p><p><span class=""a-text-bold"">Shop With Confidence</span></p><p><span>We are dedicated to providing exceptional products and outstanding customer support. If you have any questions or concerns about our gifts for nurses, don’t hesitate to reach out. Your satisfaction is our priority.</span></p><p><span><br></span></p><p><span class=""a-text-bold"">Note</span></p><p><span>Slight size variations may occur due to manual measurements</span></p><p><span>Colors may appear differently on various screens due to monitor settings</span></p> <p></p>\nAssorted Nursing Sticky Notes: This set includes 12 uniquely designed sticky notes nurse, each with 20 sheets, providing ample quantity for daily use or sharing with colleagues. Each design features vibrant medical-themed patterns, making our nurse post it notes ideal for adding personality to notes\nSmooth Writing Surface: Crafted from high-quality paper, our nurse note pad offers a smooth writing experience, compatible with most pens. The sturdy material ensures our medical assistant note pad is reliable for frequent use in hospitals, clinics, or at home\nStrong Adhesion & Easy Removal: Designed with excellent self-adhesive properties, our funny nurse notepads stick securely to smooth surfaces like books, monitors, and desks. Our funny nurse sticky notes peel off easily without leaving residue, making them convenient for marking important information\nVersatile Applications: Perfect for writing down reminders, to-do lists, or quick memos, our doctor note pad is suitable for medical professionals, students, or anyone needing creative organizational tools. Use our dentist sticky notepad in offices, schools, or homes for daily tasks\nThoughtful Gifts: Our dentist notepads, with their charming medical-themed designs, make a great present for nurses, doctors, or healthcare students. Practical and fun, our nurse christmas gifts are a delightful way to keep important notes within reach",,,taxable,,1,,,0,0,,,,,1,,,8.99,"Office Products > Office and School Supplies > Paper > Notebooks and Writing Pads > Self-Stick Notes",,,"https://m.media-amazon.com/images/I/41V-Jrv0aVL.jpg, https://m.media-amazon.com/images/I/41V-Jrv0aVL.jpg",,,,,,,https://4anurse.com/?redirectAmzASIN=B0DNMJ7MM4&redirect_prodid=amz-B0DNMJ7MM4,,0,,,,,,,,,B0DNMJ7MM4,com,999999,amz-B0DNMJ7MM4,amazon,https://www.amazon.com/dp/B0DNMJ7MM4/,1747063959,0,0,1,253,0,253,,0,0,1778970612,invalid,9
1006,external,,,"100 PCS Funny Nurse Stickers Medical Stickers Nursing Accessories for Nurses Nursing Healthcare Stickers Funny Nurse Gifts",1,0,visible,"Package Contents: There are 100 patterns in this sticker set and each one is unique! Each sticker is brightly colored and fully cut.\nHigh Quality: Our stickers are made of waterproof, non-toxic and non-hazardous materials, while at the same time ensuring that each sticker is brightly colored and clearly patterned. The nurse sticker measure 2 inches and all decals are perfectly cut to shape and size.\nWide Application: You can stick it anywhere you want, such as mugs, cell phone cases, notebooks. You can let your imagination run wild to create your favorite world!","[gallery]\nPackage Contents: There are 100 patterns in this sticker set and each one is unique! Each sticker is brightly colored and fully cut.\nHigh Quality: Our stickers are made of waterproof, non-toxic and non-hazardous materials, while at the same time ensuring that each sticker is brightly colored and clearly patterned. The nurse sticker measure 2 inches and all decals are perfectly cut to shape and size.\nWide Application: You can stick it anywhere you want, such as mugs, cell phone cases, notebooks. You can let your imagination run wild to create your favorite world!\nEasy to Use: Before using this sticker, you can wipe the surface of the object. This will not only make the sticker stronger, but also tear it off without any marks.\nPerfect Gift: This medical sticker is the perfect gift choice. You can give this gift to your friends and family and it will be a memorable gift!",,,taxable,,1,,,0,0,,,,,1,,,6.99,"Electronics > Computers and Accessories > Laptop Accessories > Skins and Decals",,,"https://m.media-amazon.com/images/I/61JsJJmDZNL.jpg, https://m.media-amazon.com/images/I/61JsJJmDZNL.jpg",,,,,,,https://4anurse.com/?redirectAmzASIN=B0DY18VDH6&redirect_prodid=amz-B0DY18VDH6,,0,,,,,,,,,B0DY18VDH6,com,999999,amz-B0DY18VDH6,amazon,https://www.amazon.com/dp/B0DY18VDH6/,1747064202,0,0,1,247,0,248,,0,0,1778970612,invalid,9
1008,external,,,"50 Pcs Nurse Stickers, Nursing Stickers Nurse's Day Decals Nurse Accessories Medical Decals for Work Nurse Week Gifts for Computer Water Bottles Cups Planner Scrapbook Car Luggage",1,0,visible,"Wide Range of Applications: These 50pcs Nurse Stickers are versatile and can be attached to various objects such as laptops, suitcases, skateboards, cars, and more. They can also be used as a great gift for children, kids, youth, friends, family, and for DIY decoration.\nHigh-Quality Materials: Our stickers are made of superior vinyl PVC, which is waterproof and sun-proof. This ensures that the stickers maintain their gloss and brightness for a long time. The non-marking glue used in these stickers offers excellent repeated tackiness and can be reused without leaving any residue after peeling.\nEasy to Use: Applying these stickers is a breeze - simply clean the surface of the object, peel off the bottom paper of the stickers, and firmly stick them onto the desired surface. It's important to note that these stickers are not suitable for rough and uneven surfaces.","[gallery]\n<!-- show up to 2 reviews by default --> <p> </p><p><span class=""a-text-bold a-text-italic"">Nurse's Day Stickers</span></p><p><span>Theme: Nurse's Day Nurse's Week</span></p><p><span>Material: high-quality vinyl</span></p><p><span>Color: Colorful</span></p><p><span>Size: About 1 - 3 inches</span></p><p><span>Quantity: 50 non-repetitive Nurse's Day Stickers</span></p><p></p><p><span class=""a-text-bold a-text-italic"">Features</span></p><p><span>1. Durable and Safe: These Nurse Stickers are made with high-quality vinyl PVC material, ensuring durability and safety. They are safe to use and non-toxic, making them suitable for all ages.</span></p><p><span>2. Waterproof and Long-lasting: Our stickers are designed with waterproof and sun-proof properties, allowing you to confidently apply them on various surfaces, including laptops, water bottles, skateboards, and more. They will stay vibrant and intact even in wet conditions.</span></p><p><span>3. Unique Designs: Each sticker in this set is 100% brand new and features a clear HD printing, providing a diverse range of eye-catching designs. With no duplicates, you can personalize your belongings with these one-of-a-kind stickers.</span></p><p><span>4. Strong Adhesion: The adhesive used on these stickers is extremely sticky, ensuring that they will adhere firmly to any surface. You can confidently apply them without worrying about them coming off until you decide to remove them.</span></p><p><span>5. Versatile and Personalize: These Nurse's Day Stickers are a perfect choice for personalizing your belongings. Whether it's your water bottle, laptop, suitcase, or even your car, these stickers will add a touch of love and style to your everyday items. Express your affection for your mom with these beautiful stickers.</span></p><p></p><p><span class=""a-text-bold a-text-italic"">How to Use</span><span><br>Peel off the protective film on the back, clean any smooth surfaces, paste Nurse's Day Stickers on the surface, and use your imagination to DIY your own creation.</span></p><p><span>Nurse's Day Stickers are ideal for decorating your laptop, touch pad, keyboard, backpack, skateboard, suitcase, water bottle, scrapbook, mirror, notebook, diary, car, bumper, bike, bedroom, suitcase, motorcycle, snowboard, switch, etc.</span></p> <p></p>\nWide Range of Applications: These 50pcs Nurse Stickers are versatile and can be attached to various objects such as laptops, suitcases, skateboards, cars, and more. They can also be used as a great gift for children, kids, youth, friends, family, and for DIY decoration.\nHigh-Quality Materials: Our stickers are made of superior vinyl PVC, which is waterproof and sun-proof. This ensures that the stickers maintain their gloss and brightness for a long time. The non-marking glue used in these stickers offers excellent repeated tackiness and can be reused without leaving any residue after peeling.\nEasy to Use: Applying these stickers is a breeze - simply clean the surface of the object, peel off the bottom paper of the stickers, and firmly stick them onto the desired surface. It's important to note that these stickers are not suitable for rough and uneven surfaces.\nGenerous Quantity: Each package includes 50pcs of Nurse's Day Stickers, with each sticker measuring about 1 - 3 inches. All stickers are brand new and made with high-quality vinyl PVC.\n100% Satisfaction Guaranteed: We believe that these stickers will meet your expectations. However, if any problems occur or you need assistance, please don't hesitate to contact us. We are dedicated to providing excellent customer service and ensuring your satisfaction.",,,taxable,,1,,,0,0,,,,,1,,,5.99,"Electronics > Computers and Accessories > Laptop Accessories > Skins and Decals",,,"https://m.media-amazon.com/images/I/61X5FmUmBgL.jpg, https://m.media-amazon.com/images/I/61X5FmUmBgL.jpg",,,,,,,https://4anurse.com/?redirectAmzASIN=B0CYLRCGSM&redirect_prodid=amz-B0CYLRCGSM,,0,,,,,,,,,B0CYLRCGSM,com,999999,amz-B0CYLRCGSM,amazon,https://www.amazon.com/dp/B0CYLRCGSM/,1747064206,0,0,1,190,0,190,,0,0,1778970612,invalid,9
1010,external,,,"Nurses are Angels Sun Catcher - Saying Printed on Heart Shaped Glass - Enameled Nurse's Hat Accent with Silver Chain for Hanging - 4.5 Inches",1,0,visible,"NURSE heart sun catcher measures 4 ½” H X 4 ¼” W. Comes with a silver chain already attached to easily hang in your window (suction cup not included). Hangs about 7"" long. Has a cute white, blue and red cross nurse's hat accent.\nGIFTS FOR NURSES home health nurses, nursing assistants, registered nurses, travel nurses, intensive care, medical, surgical or school nurses. Nice way to say thank you to all front line workers this year.\nNURSES ARE ANGELS who comfort and care someone to lean on the answers to our prayers gently encouraging skillful and kind compassionate healers of body and mind.","[gallery]\n<!-- show up to 2 reviews by default --> <p> <span>Nurse suncatcher. Heart shaped glass with silver border. Measures 4 ½” H X 4 ¼” W. Comes with a silver chain already attached to easily hang in your window. Hangs about 7"" long.</span> </p>\nNURSE heart sun catcher measures 4 ½” H X 4 ¼” W. Comes with a silver chain already attached to easily hang in your window (suction cup not included). Hangs about 7"" long. Has a cute white, blue and red cross nurse's hat accent.\nGIFTS FOR NURSES home health nurses, nursing assistants, registered nurses, travel nurses, intensive care, medical, surgical or school nurses. Nice way to say thank you to all front line workers this year.\nNURSES ARE ANGELS who comfort and care someone to lean on the answers to our prayers gently encouraging skillful and kind compassionate healers of body and mind.\nGRADUATION GIFTS FOR NURSING STUDENTS if you have a daughter or granddaughter graduating from nursing school, this would be a nice gift.\nBANBERRY DESIGNS is a registered brand protected by Trademark and is distributed by Relevant Gifts.",,,taxable,,1,,,0,0,,,,,1,,,14.99,"Patio\, Lawn and Garden > Outdoor Décor > Garden Sculptures and Statues > Suncatchers",,,"https://m.media-amazon.com/images/I/51hm-suypcL.jpg, https://m.media-amazon.com/images/I/51hm-suypcL.jpg",,,,,,,https://4anurse.com/?redirectAmzASIN=B08BS4N9MT&redirect_prodid=amz-B08BS4N9MT,,0,,,,,,,,,B08BS4N9MT,com,999999,amz-B08BS4N9MT,amazon,https://www.amazon.com/dp/B08BS4N9MT/,1747064209,0,0,1,207,0,207,,0,0,1778970612,invalid,7
1012,external,,,"Primitives by Kathy 31137 Polka Dot-Trimmed Box Sign, 4 x 4-Inches, Nurses are Angels",1,0,visible,"CLASSIC BOX SIGN STYLE: Signature Primitives by Kathy wood box sign with sentiment and distressed detailing\nDIMENSIONS: Small box sign measures 4 x 4 x 1. 75-inches\nSENTIMENT READS: Nurses Are Angels In Comfortable Shoes""","[gallery]\n<!-- show up to 2 reviews by default --> <p> <span>A classic black and white wooden box sign featuring a distressed ""Nurses Are Angels In Comfortable Shoes"" sentiment with polka dot trim designs. Easy to hang or can free-stand alone. CAREFULLY BUY ONLY FROM or trusted partners to authentic Primitives By Kathy gifts and decor with premium quality printing, stitching, and fabrics. In 1997, Kathy made her first ""primitive candle box"" by hand, taking care into each detail from the sanded edges to the type of ribbon tied on the wire handles, each was a work of passion. As Primitives by Kathy grows, the company works to give back, starting with an initial relationship with Goodwill Services and expanding into several more charitable causes held both by the company and those the company supports on behalf of their employees. They are constantly inspired by the people, places and things around us. Kathy travels the world to pull inspiration first hand from cultures around the globe. Look for all of Primitives by Kathy for inspirational, fun, sarcastic, and heart-warming gifts and home decor. You'll want to have one for yourself and another for someone you care about.</span> </p>\nCLASSIC BOX SIGN STYLE: Signature Primitives by Kathy wood box sign with sentiment and distressed detailing\nDIMENSIONS: Small box sign measures 4 x 4 x 1. 75-inches\nSENTIMENT READS: Nurses Are Angels In Comfortable Shoes""\nDISTRESSED FINISH: Black and white with sanding on surfaces, with rounded edges and corners\nSAY IT WITH SASS: Hilarious, sarcastic or heartwarming - Primitives by Kathy has just the right gift to tell them how you really feel",,,taxable,,1,,,0,0,,,,,1,,,10.2,"Home and Kitchen > Kitchen and Dining > Kitchen and Table Linens",,,"https://m.media-amazon.com/images/I/51dYK41gKvL.jpg, https://m.media-amazon.com/images/I/51dYK41gKvL.jpg",,,,,,,https://4anurse.com/?redirectAmzASIN=B01BXMIFXC&redirect_prodid=amz-B01BXMIFXC,,0,,,,,,,,,B01BXMIFXC,com,999999,amz-B01BXMIFXC,amazon,https://www.amazon.com/dp/B01BXMIFXC/,1747064213,0,0,1,185,0,185,,0,0,1778970612,invalid,19
1014,external,,,"Nurse Resin Doll – Hand-Painted 5.9-Inch Nurse Figurine, Love to Share Theme, Thoughtful Tabletop Decoration, Gifts for Nurses, Healthcare Workers, and Medical Graduates",1,0,visible,"PERFECT GIFTS FOR NURSES: This delightful nurse figurine is an ideal gift to express your appreciation for nurses. Perfect for occasions such as graduations, holidays, or just to say thank you, it’s a thoughtful gesture that any nurse will cherish.\nHIGH- QUALITY CRAFTSMANSHIP: Made from durable resin, this doll boasts a smooth and dazzling surface. It is designed to be strong and resistant to breakage, ensuring it remains a treasured keepsake for years to come.\nEASY TO USE: This versatile ornament can be used for decoration on tabletops, desks, or shelves, adding a touch of warmth and inspiration to any space.","[gallery]\n<!-- show up to 2 reviews by default --> <p> <span>Bozspacer Nurse Who Has Love To Share Resin Doll, Hand-Painted Figurine Nurse Resin Doll, 5.9 Inches Resin Tabletop, Perfect Gifts For Nurse (Nurse) The Bozspacer Nurse Doll is a charming 5.9-inch resin figurine that embodies the spirit of nursing. Made from high-quality materials, this hand-painted doll features intricate details that highlight the love and commitment nurses bring to their profession. It serves not only as a decorative piece but also as a heartfelt reminder of the important role nurses play in healthcare.</span> </p>\nPERFECT GIFTS FOR NURSES: This delightful nurse figurine is an ideal gift to express your appreciation for nurses. Perfect for occasions such as graduations, holidays, or just to say thank you, it’s a thoughtful gesture that any nurse will cherish.\nHIGH- QUALITY CRAFTSMANSHIP: Made from durable resin, this doll boasts a smooth and dazzling surface. It is designed to be strong and resistant to breakage, ensuring it remains a treasured keepsake for years to come.\nEASY TO USE: This versatile ornament can be used for decoration on tabletops, desks, or shelves, adding a touch of warmth and inspiration to any space.\nPRODUCT SIZE DETAILS: The doll stands at 5.9 inches tall, making it the perfect size for display without taking up too much space.\nSATISFACTION GUARANTEE: We prioritize customer satisfaction! If you have any questions or concerns about your Bozspacer Nurse Doll, please contact us. We are committed to providing you with a satisfactory solution within 24 hours.",,,taxable,,1,,,0,0,,,,,1,,,34.99,"Home and Kitchen > Home Décor Products",,,"https://m.media-amazon.com/images/I/31L3DlvES8L.jpg, https://m.media-amazon.com/images/I/31L3DlvES8L.jpg",,,,,,,https://4anurse.com/?redirectAmzASIN=B0DHGYN4RL&redirect_prodid=amz-B0DHGYN4RL,,0,,,,,,,,,B0DHGYN4RL,com,999999,amz-B0DHGYN4RL,amazon,https://www.amazon.com/dp/B0DHGYN4RL/,1747064217,0,0,1,243,0,243,,0,0,1778970612,invalid,13
1016,external,,,"Vizuzi Funny Nurse Desk Decor, Inspirational Plaque for Women, Nurses Week Gift, Fun Office Accessories, Decorative Signs ZBB12",1,0,visible,"Funny Desk Signs :The sign for desk isn't just decor; it's also a joyful message Sign. Enrich your desk while adding a touch of humor to your workspace.\nDesk Accessory Gifts: As a fun office gifts for women or men. It's more than a fun sign; it's a reminder to enjoy the small things and not get lost in the hustle.\nUnique Design: Composed of an square acrylic and wood stand sheets, UV machine printing on acrylic with fun or positive message, simple design.","[gallery]\nFunny Desk Signs :The sign for desk isn't just decor; it's also a joyful message Sign. Enrich your desk while adding a touch of humor to your workspace.\nDesk Accessory Gifts: As a fun office gifts for women or men. It's more than a fun sign; it's a reminder to enjoy the small things and not get lost in the hustle.\nUnique Design: Composed of an square acrylic and wood stand sheets, UV machine printing on acrylic with fun or positive message, simple design.\n【Size and Material】: The sign measures approximately: 11 x 12 cm. Made of high-quality acrylic and pine wood stand, It's sized to fit just right on your desk. It doesn't take up much space when you put it next to the computer.\n【Easy to Place】The desk signs are thick enough for you to directly placing on the desk, table, shelves, cabinet, window sill, night table, and other smooth surfaces, stable and firm, not easy to fall or incline, also convenient for you to take and change its location.",,,taxable,,1,,,0,0,,,,,1,,,9.99,"Home and Kitchen > Home Décor Products",,,"https://m.media-amazon.com/images/I/41FuzRKAKGL.jpg, https://m.media-amazon.com/images/I/41FuzRKAKGL.jpg",,,,,,,https://4anurse.com/?redirectAmzASIN=B0CSFFCHY9&redirect_prodid=amz-B0CSFFCHY9,,0,,,,,,,,,B0CSFFCHY9,com,999999,amz-B0CSFFCHY9,amazon,https://www.amazon.com/dp/B0CSFFCHY9/,1747064220,0,0,1,203,0,203,,0,0,1778970612,invalid,26
1018,external,,,"Dicksons God Took Best Angels Made Nurses White 8 inch Resin Tabletop Figurine",1,0,visible,"Beautifully sculpted angel figurine features engraved sentiment ""God took his best angels and made them nurses""\nMade of a quality resin material; A sentimental reminder of your special loved one\nMeasures approximately 8 inches tall; Adding interest to your home décor","[gallery]\n<!-- show up to 2 reviews by default --> <p> <span>At Dicksons, our mission is to uplift and encourage people by creating inspirational gifts that inspire the heart and beautify the home. We strive for quality in all the work we do by using state-of-the-art technology and efficient processes. We commit to the well-being of our customers, vendors and employees through thoughtful and caring support.</span> </p>\nBeautifully sculpted angel figurine features engraved sentiment ""God took his best angels and made them nurses""\nMade of a quality resin material; A sentimental reminder of your special loved one\nMeasures approximately 8 inches tall; Adding interest to your home décor\nPerfect atop a shelf, nestled on a mantel or end table\nContained in protective packaging; Ready for easy gifting for a birthday, holiday, Christmas, Mother's Day or other celebration",,,taxable,,1,,,0,0,,,,,1,,,21.95,"Home and Kitchen > Home Décor Products",,,"https://m.media-amazon.com/images/I/41SzHP2NAWL.jpg, https://m.media-amazon.com/images/I/41SzHP2NAWL.jpg",,,,,,,https://4anurse.com/?redirectAmzASIN=B0BW7NNGPX&redirect_prodid=amz-B0BW7NNGPX,,0,,,,,,,,,B0BW7NNGPX,com,999999,amz-B0BW7NNGPX,amazon,https://www.amazon.com/dp/B0BW7NNGPX/,1747064221,0,0,1,232,0,232,,0,0,1778970612,invalid,16
1020,external,,,"Occupation Angel Figurine - Nurse",1,0,visible,"Angel is 6"" tall\nMade of high quality resin stone\nRetail Boxed","[gallery]\n<!-- show up to 2 reviews by default --> <p> <span>Each Heart of AngelStar Figurine is uniquely detailed for every special moment in your life. This Angel is wearing a detailed cap with a single red Cross, and holding a pile of hearts to her chest. Her skirt reads “Nursing is a Work of Heart” and her heart-shaped wings are a subtle reminder of love. This serene beauty is wonderful way to celebrate the Angels in your life.</span> </p>\nAngel is 6"" tall\nMade of high quality resin stone\nRetail Boxed",,,taxable,,1,,,0,0,,,,,1,,,15.89,"Home and Kitchen > Home Décor Products",,,"https://m.media-amazon.com/images/I/31dU3J9-uNL.jpg, https://m.media-amazon.com/images/I/31dU3J9-uNL.jpg",,,,,,,https://4anurse.com/?redirectAmzASIN=B07PC35BZD&redirect_prodid=amz-B07PC35BZD,,0,,,,,,,,,B07PC35BZD,com,999999,amz-B07PC35BZD,amazon,https://www.amazon.com/dp/B07PC35BZD/,1747064225,0,0,1,214,0,214,,0,0,1778970612,invalid,14
1022,external,,,"Nicu Nurse Gifts Nurse Practitioner Gifts For Women Nursing Appreciation Gift Rn Graduation Keychain Registered Nurse Nursing School Gifts For Nurses Day Women Nurse Accessories For Work",1,0,visible,,[gallery],,,taxable,,1,,,0,0,,,,,1,,,4.99,"Clothing\, Shoes and Jewelry > Women",,,"https://m.media-amazon.com/images/I/415nYuh7JwL.jpg, https://m.media-amazon.com/images/I/415nYuh7JwL.jpg",,,,,,,https://4anurse.com/?redirectAmzASIN=B0DRVC5CDS&redirect_prodid=amz-B0DRVC5CDS,,0,,,,,,,,,B0DRVC5CDS,com,999999,amz-B0DRVC5CDS,amazon,https://www.amazon.com/dp/B0DRVC5CDS/,1747064229,0,0,1,186,0,186,,0,0,1778970612,invalid,13
1024,external,,,"HOPE LOVE SHINE Sterling Silver Nurse Graduation Necklace - Heartfelt Thank You Gift for Nursing School Graduate - Meaningful Medical Professional Jewelry for Women",1,0,visible,,[gallery],,,taxable,,1,,,0,0,,,,,1,,,39.99,"Clothing\, Shoes and Jewelry > Women",,,"https://m.media-amazon.com/images/I/41a-5G4gfIL.jpg, https://m.media-amazon.com/images/I/41a-5G4gfIL.jpg",,,,,,,https://4anurse.com/?redirectAmzASIN=B08XK71KZ5&redirect_prodid=amz-B08XK71KZ5,,0,,,,,,,,,B08XK71KZ5,com,999999,amz-B08XK71KZ5,amazon,https://www.amazon.com/dp/B08XK71KZ5/,1747064233,0,0,1,196,0,196,,0,0,1778970612,invalid,8
1026,external,,,"Gossby Positive Sunflower Doll Crochet with Card - This is A Little Reminder - Appreciation Gift for Coworker, Best Friend, Teacher, Sister, Mom - Christmas, Birthday, Thank You Gift for Women, Men",1,0,visible,"🌻Mini Funny Positive Sunflower Doll Crochet Plant: this tiny, knitted sunflower potato crochet is more than just a cute gift. It's a compact companion designed to brighten your day. With its cheerful appearance and an inspiring message card, it's the perfect pick-me-up gift for women, men.\n🧶100% Handmade Knitted Positive Sunflower: bearing an inspiring message, this sunflower crochet doll is lovingly crafted by expert artisans.\n💕A Cute Appreciation Gift for Coworker Friend: this THIS IS A LITTLE REMINDER positive sunflower doll crochet will embrace your loved ones in a warm hug. This one will surely bring a big smile to their faces.","[gallery]\n🌻Mini Funny Positive Sunflower Doll Crochet Plant: this tiny, knitted sunflower potato crochet is more than just a cute gift. It's a compact companion designed to brighten your day. With its cheerful appearance and an inspiring message card, it's the perfect pick-me-up gift for women, men.\n🧶100% Handmade Knitted Positive Sunflower: bearing an inspiring message, this sunflower crochet doll is lovingly crafted by expert artisans.\n💕A Cute Appreciation Gift for Coworker Friend: this THIS IS A LITTLE REMINDER positive sunflower doll crochet will embrace your loved ones in a warm hug. This one will surely bring a big smile to their faces.\n🌟Multi-functional: This heartwarming wool crochet plant, paired with an uplifting emotional card, is a versatile decor piece for both home and car. Perfect for a desk or dashboard, it's a truly thank you gift that any coworker, best friend will adore and treasure.\n🎁Perfect Gift Idea for Coworker Best Friend: whether you're seeking appreciation gift for coworker best friend, thank you gift for coworker best friend, birthday gift for coworker best friend, christmas gift for coworker best friend... this positive potato sunflower crochet doll plant will always be an ideal choice.\n👩‍💼Satisfied Customer Service: your satisfaction is our priority. If you have any concerns related to the product, please feel free to share with us whatever reason.",,,taxable,,1,,,0,0,,,,,1,,14.99,16.99,"Home and Kitchen > Home Décor Products",,,"https://m.media-amazon.com/images/I/51wgQi+RVAL.jpg, https://m.media-amazon.com/images/I/51wgQi+RVAL.jpg",,,,,,,https://4anurse.com/?redirectAmzASIN=B0DPX388BH&redirect_prodid=amz-B0DPX388BH,,0,,,,,,,,,B0DPX388BH,com,999999,amz-B0DPX388BH,amazon,https://www.amazon.com/dp/B0DPX388BH/,1747064237,0,0,1,196,0,196,,0,0,1778970612,invalid,13
1028,external,,,"Nurse Daily Affirmations for Home Office Hospital Desk Bookshelf Desktop Cubicle Decor Inspirational Thank You Nurses Week Gift for Women PA Mental Health Registered Nurse Pediatric Nurse ZBB73",1,0,visible,"【Easy to Place】Placing on the desk, table, shelves, cabinet, window sill, night table, and other smooth surfaces, stable and firm, not easy to fall or incline, also convenient for you to take and change its location.\n【Size and Material】: The sign measures approximately: 11 x 12 cm. It is made of premium quality acrylic material and wooden base, It's sized to fit just right on your desk. It doesn't take up much space when you put it next to the computer.\n【Nurse practitioner gifts for women】As a cute gifts for pediatric nurse Gifts for women PN Nurse Practitioner graduation nursing student gifts.","[gallery]\n<!-- show up to 2 reviews by default --> <p> <span>【Nurse practitioner gifts for women】As a cute gifts for pediatric nurse Gifts for women PN Nurse Practitioner graduation nursing student gifts.</span> </p>\n【Easy to Place】Placing on the desk, table, shelves, cabinet, window sill, night table, and other smooth surfaces, stable and firm, not easy to fall or incline, also convenient for you to take and change its location.\n【Size and Material】: The sign measures approximately: 11 x 12 cm. It is made of premium quality acrylic material and wooden base, It's sized to fit just right on your desk. It doesn't take up much space when you put it next to the computer.\n【Nurse practitioner gifts for women】As a cute gifts for pediatric nurse Gifts for women PN Nurse Practitioner graduation nursing student gifts.\n【Nurse Desk Signs】It will bring a smile to Nurse. It is a inspirational gift for Nurse practitioner nursing student.",,,taxable,,1,,,0,0,,,,,1,,,9.99,"Home and Kitchen > Home Décor Products",,,"https://m.media-amazon.com/images/I/51L7GM3CFnL.jpg, https://m.media-amazon.com/images/I/51L7GM3CFnL.jpg",,,,,,,https://4anurse.com/?redirectAmzASIN=B0CY29CQ9P&redirect_prodid=amz-B0CY29CQ9P,,0,,,,,,,,,B0CY29CQ9P,com,999999,amz-B0CY29CQ9P,amazon,https://www.amazon.com/dp/B0CY29CQ9P/,1747064241,0,0,1,229,0,229,,0,0,1778970612,invalid,14
1030,external,,,"25PCS Positive Crochet Animals Employee Teacher Appreciation Gifts Bulk Emotional Support Crochet Animals with Positive Messages Graduation Nurses Week Fathers Day Birthday Gifts for Women Men Her Him",1,0,visible,"Crafted with Love: Each piece is lovingly crocheted by hand, making it a one-of-a-kind treasure.\nCharming Designs: Adorable animal, plant, and fruit motifs add a splash of personality and fun to any space.\nFunctional Art: Not just a pretty face, these pieces double as conversation starters and mood boosters.","[gallery]\nCrafted with Love: Each piece is lovingly crocheted by hand, making it a one-of-a-kind treasure.\nCharming Designs: Adorable animal, plant, and fruit motifs add a splash of personality and fun to any space.\nFunctional Art: Not just a pretty face, these pieces double as conversation starters and mood boosters.\nHeartfelt Gifting: Comes with an inspiring card, perfect for lifting spirits and showing you care.\nGifts for All Occasions: A go-to gift for friends in need or for spreading joy, anytime.",,,taxable,,1,,,0,0,,,,,1,,,89.98,"Home and Kitchen > Home Décor Products",,,"https://m.media-amazon.com/images/I/51iAldjU+QL.jpg, https://m.media-amazon.com/images/I/51iAldjU+QL.jpg",,,,,,,https://4anurse.com/?redirectAmzASIN=B0DMP3TKZJ&redirect_prodid=amz-B0DMP3TKZJ,,0,,,,,,,,,B0DMP3TKZJ,com,999999,amz-B0DMP3TKZJ,amazon,https://www.amazon.com/dp/B0DMP3TKZJ/,1747064245,0,0,1,229,0,229,,0,0,1778970612,invalid,10
1032,external,,,"Dicksons Nurses are Angels Without Wings Blue 6 Inch Resin Tabletop Angel Figurine",1,0,visible,"Measures approximately 6 inches tall\nBeautiful angel in nurse uniform with inspirational on skirt of dress\nPerfect for displaying on a shelf or mantle","[gallery]\nMeasures approximately 6 inches tall\nBeautiful angel in nurse uniform with inspirational on skirt of dress\nPerfect for displaying on a shelf or mantle\nMade of quality resin stone\nCarefully packaged in fitted box for easy gifting",,,taxable,,1,,,0,0,,,,,1,,,19.95,"Home and Kitchen > Home Décor Products",,,"https://m.media-amazon.com/images/I/31IsA9xnvNL.jpg, https://m.media-amazon.com/images/I/31IsA9xnvNL.jpg",,,,,,,https://4anurse.com/?redirectAmzASIN=B00V3RSFPG&redirect_prodid=amz-B00V3RSFPG,,0,,,,,,,,,B00V3RSFPG,com,999999,amz-B00V3RSFPG,amazon,https://www.amazon.com/dp/B00V3RSFPG/,1747064249,0,0,1,251,0,251,,0,0,1778970612,invalid,17
1034,external,,,"Willow Tree Angel of Healing, Sculpted Hand-Painted Figure",1,0,visible,"Sentiment: ”For those who give comfort with caring and tenderness” written on Enclosure Card\n5”h hand-painted resin figure of a standing angel in cream dress and wire wings, holding blue-gray bird in hands.\nA gift to comfort and encourage hope and healing. Packaged in fitted box ready for gift-giving.","[gallery]\nSentiment: ”For those who give comfort with caring and tenderness” written on Enclosure Card\n5”h hand-painted resin figure of a standing angel in cream dress and wire wings, holding blue-gray bird in hands.\nA gift to comfort and encourage hope and healing. Packaged in fitted box ready for gift-giving.\nArtist Susan Lordi hand carves the original of each Willow Tree piece from her studio in Kansas City, MO. This piece is cast from Susan's original carving and painted by hand.\nReady to display on a shelf, table or mantel. To clean, dust with soft brush or cloth.",,,taxable,,1,,,0,0,,,,,1,,,24.49,"Home and Kitchen > Home Décor Products",,,"https://m.media-amazon.com/images/I/41jG-AiAZNL.jpg, https://m.media-amazon.com/images/I/41jG-AiAZNL.jpg",,,,,,,https://4anurse.com/?redirectAmzASIN=B000CQYT9U&redirect_prodid=amz-B000CQYT9U,,0,,,,,,,,,B000CQYT9U,com,999999,amz-B000CQYT9U,amazon,https://www.amazon.com/dp/B000CQYT9U/,1747064258,0,0,1,219,1,219,,0,0,1778970612,invalid,18
1036,external,,,"WINNICACA Nurse Gifts Nurse Pendant Sterling Silver Nurse Necklace Caduceus Angel Wings RN Necklace Stethoscope Necklaces Graduation Birthday Nurse's Day Christmas Gifts for Nurses",1,0,visible,,[gallery],,,taxable,,1,,,0,0,,,,,1,,,45.99,"Clothing\, Shoes and Jewelry > Women",,,"https://m.media-amazon.com/images/I/41xwPg5kx4L.jpg, https://m.media-amazon.com/images/I/41xwPg5kx4L.jpg",,,,,,,https://4anurse.com/?redirectAmzASIN=B0D48K497X&redirect_prodid=amz-B0D48K497X,,0,,,,,,,,,B0D48K497X,com,999999,amz-B0D48K497X,amazon,https://www.amazon.com/dp/B0D48K497X/,1747064265,0,0,1,216,1,216,,0,0,1778970612,invalid,5
1038,external,,,"Custom Nurse Sweatshirt with Name on Sleeve, New Nurse Gift, Gift for Healthcare Workers, Medical Staff",1,0,visible,,"[gallery]\n<!-- show up to 2 reviews by default --> <p> <span>* Product type: Unisex Shirt Ladies T-shirt Premium Soft Shirt Long Sleeve Shirt Crewneck Sweatshirt Unisex Hoodie with the size S-4XL.<br> * Sizes: S M L XL 2XL 3XL to plus size 4XL. Please see more details in our size picture chart for accurate sizes. <br> * Material: Heavyweight fabric <br> - Sport Grey And Antique Heathers: 90% Cotton | 10% Polyester <br> - Safety Colors And Heathers: 50% Cotton | 50% Polyester <br> - Other colors: 100% cotton. <br> * Care Instructions: Machine washes cold inside-out. Tumble dry low inside-out. Do not iron overprint. Do not dry clean. Do not bleach. <br> * Attention Please: <br> - About Size Item Measure by hand it could be 1-2cm different please check the size detail before you buy <br> - We endeavor 100% customer satisfaction service and experience. <br> - If you receive damaged or wrong items please contact us with the attached pictures about the problem and we will provide you with a satisfactory solution within 24 hours. <br></span> </p>",,,taxable,,1,,,0,0,,,,,1,,,16.95,"Clothing\, Shoes and Jewelry > Women",,,"https://m.media-amazon.com/images/I/41UnXgMdATL.jpg, https://m.media-amazon.com/images/I/41UnXgMdATL.jpg",,,,,,,https://4anurse.com/?redirectAmzASIN=B0F3TSCD5D&redirect_prodid=amz-B0F3TSCD5D,,0,,,,,,,,,B0F3TSCD5D,com,999999,amz-B0F3TSCD5D,amazon,https://www.amazon.com/dp/B0F3TSCD5D/,1747064269,0,0,1,243,0,243,,0,0,1778970612,invalid,12
1040,external,,,"SANDJEST Nurse Gifts for Women - Nutrition Facts Water Bottle 32oz Stainless Steel Insulated with Lid, Nurse Appreciation Gifts for Female Nurses, Friends, Graduation Christmas Birthday Nurse Week",1,0,visible,"Please note: The final product may vary slightly in appearance from the images displayed due to differences in computer monitors or mobile color displays\nA companion for an active life: thanks to our 32 ounce stainless steel water bottle, you will always stay refreshed while playing your favorite sports, training at the gym or just simply taking a walk at a park\nSleek and portable: with a sporty userbase in mind, we designed the bottle to seamlessly fit into your backpack, bottle cage or cup holder; the ergonomic shape offers an effortless grip for maximum convenience","[gallery]\nPlease note: The final product may vary slightly in appearance from the images displayed due to differences in computer monitors or mobile color displays\nA companion for an active life: thanks to our 32 ounce stainless steel water bottle, you will always stay refreshed while playing your favorite sports, training at the gym or just simply taking a walk at a park\nSleek and portable: with a sporty userbase in mind, we designed the bottle to seamlessly fit into your backpack, bottle cage or cup holder; the ergonomic shape offers an effortless grip for maximum convenience\nSafe and secure: our leakproof lid provides ample security so you can toss it into your bag or carry around without worrying about spills; not just that, the top cap provides easy access to your drinks anywhere on the go\nLooking cool for a healthy lifestyle: our water bottle is not just practical, but we also offer many styles, including sports-based designs for football, baseball or basketball fans; it's a wonderful gift for you and your loved ones",,,taxable,,1,,,0,0,,,,,1,,,24.95,"Home and Kitchen > Kitchen and Dining > Storage and Organization > Thermoses",,,"https://m.media-amazon.com/images/I/31HojVCgU3L.jpg, https://m.media-amazon.com/images/I/31HojVCgU3L.jpg",,,,,,,https://4anurse.com/?redirectAmzASIN=B0DR8QGCSH&redirect_prodid=amz-B0DR8QGCSH,,0,,,,,,,,,B0DR8QGCSH,com,999999,amz-B0DR8QGCSH,amazon,https://www.amazon.com/dp/B0DR8QGCSH/,1747064277,0,0,1,216,0,216,,0,0,1778970612,invalid,33
1042,external,,,"SANDJEST Nurse Gift Tumbler 40oz with Handle and Straw – Nurse Fuel Insulated Stainless Steel Travel Coffee Mug for Nursing Friend Student - Gifts for Appreciation, Birthday, Christmas",1,0,visible,"Please note: The final product may vary slightly in appearance from the images displayed due to differences in computer monitors or mobile color displays\nHydration in style: our 40 ounce slider tumbler with handle is big enough to conquer your thirst while adding a stylish touch to your daily routine; plus the practicality of the tumbler makes excellent gift option for cherished ones\nSavor every sip: Our double-walled stainless steel tumbler locks in flavor and temperature, keeping your drinks refreshingly cold or delightfully hot. With a generous 40-ounce capacity, enjoy extended taste without constant refill","[gallery]\nPlease note: The final product may vary slightly in appearance from the images displayed due to differences in computer monitors or mobile color displays\nHydration in style: our 40 ounce slider tumbler with handle is big enough to conquer your thirst while adding a stylish touch to your daily routine; plus the practicality of the tumbler makes excellent gift option for cherished ones\nSavor every sip: Our double-walled stainless steel tumbler locks in flavor and temperature, keeping your drinks refreshingly cold or delightfully hot. With a generous 40-ounce capacity, enjoy extended taste without constant refill\nYour perfect companion: The tumbler's comfortable handle makes it effortless to carry, whether you're at home, work, the gym, or on your favorite adventure\nWorthwhile gift to all: with many designs to choose from, you can easily find a tumbler that suits your taste or your love ones' taste; as for cleaning, we highly recommend washing the tumbler by hands",,,taxable,,1,,,0,0,,,,,1,,19.95,24.95,"Home and Kitchen > Kitchen and Dining > Storage and Organization > Thermoses > Insulated Beverage Containers > Tumblers",,,"https://m.media-amazon.com/images/I/31H-EzbHSaL.jpg, https://m.media-amazon.com/images/I/31H-EzbHSaL.jpg",,,,,,,https://4anurse.com/?redirectAmzASIN=B0DQXNKLH4&redirect_prodid=amz-B0DQXNKLH4,,0,,,,,,,,,B0DQXNKLH4,com,999999,amz-B0DQXNKLH4,amazon,https://www.amazon.com/dp/B0DQXNKLH4/,1747064288,0,0,1,206,0,206,,0,0,1778970612,invalid,16
1044,external,,,"Swig Life 24oz Party Cup, Stackable Insulated Travel Coffee Tumbler with EZ Slider Lid, Cup Holder Friendly, Reusable, Stainless Steel 24 oz Tumbler, Nurse Gifts for Women (Scrub Life)",1,0,visible,"24OZ TUMBLER WITH LID keeps cold drinks cold for 12 hours and hot drinks hot for 3 hours with Swig Life's triple insulated, copper-plated, stainless steel cups. Stackable travel coffee cup holds up to 24oz of your favorite beverages.\nCUP HOLDER FRIENDLY 24 oz tumbler fits most standard size cup holders and easily stacks on other cups. With condensation free coating, this insulated coffee tumbler is easy to carry and perfect for use as an everyday insulated water bottle. Perfect nurse accessories for work, nurse gifts, and nurse essentials.\nHIGH QUALITY INSULATED CUP keeps your drinks at the perfect temperature all day long. The large opening allows ice to fit with ease, and the spill resistant EZ Slider lid lets you take bigger sips.","[gallery]\n24OZ TUMBLER WITH LID keeps cold drinks cold for 12 hours and hot drinks hot for 3 hours with Swig Life's triple insulated, copper-plated, stainless steel cups. Stackable travel coffee cup holds up to 24oz of your favorite beverages.\nCUP HOLDER FRIENDLY 24 oz tumbler fits most standard size cup holders and easily stacks on other cups. With condensation free coating, this insulated coffee tumbler is easy to carry and perfect for use as an everyday insulated water bottle. Perfect nurse accessories for work, nurse gifts, and nurse essentials.\nHIGH QUALITY INSULATED CUP keeps your drinks at the perfect temperature all day long. The large opening allows ice to fit with ease, and the spill resistant EZ Slider lid lets you take bigger sips.\nTRAVEL COFFEE TUMBLER comes with an X-large lid (compatible with Swig reusable straw sets) with a removable slider for an easy sipping experience. Features a built-in coaster base that prevents slips, drips, and scratches. Top rack dishwasher safe.\nVARIETY OF COLORS AND PRINTS to choose from makes the Swig Life range of cups, travel mugs, tumblers, and water bottles the best unique drinkware you'll find. We also offer a variety of bags, coolers, straws, straw toppers, and other water bottle accessories to style your Swig.\nSCRUB LIFE PRINT makes a great nurse gift, doctor gift, or PA gift! Show your superhero some appreciation with this heartfelt Scrub Life design featuring bandaids, stethoscopes, pills, and more.",,,taxable,,1,,,0,0,,,,,1,,,39.95,"Home and Kitchen > Kitchen and Dining > Storage and Organization > Thermoses > Insulated Beverage Containers > Tumblers",,,"https://m.media-amazon.com/images/I/41MdOyG4XVL.jpg, https://m.media-amazon.com/images/I/41MdOyG4XVL.jpg",,,,,,,https://4anurse.com/?redirectAmzASIN=B0DQ9R78JS&redirect_prodid=amz-B0DQ9R78JS,,0,,,,,,,,,B0DQ9R78JS,com,999999,amz-B0DQ9R78JS,amazon,https://www.amazon.com/dp/B0DQ9R78JS/,1747064300,0,0,1,226,0,226,,0,0,1778970612,invalid,27
1046,external,,,"Rogue River Tactical Funny Nurse Coffee Mug Keep Calm Not that Calm Novelty Cup Great Gift Idea For Nurse Doctor CNA RN Psych Tech EMT EMS Paramedic",1,0,visible,"This Coffee Mug Is A Great Unique Gift For A Nurse RN or CNA EMT EMS Paramedic Or Doctor\nThis Funny Coffee Mug Would Make a Great Gift For Any Occasion, Mother's Day, Christmas, Wedding Retirement, Bridal and Baby Shower Valentine's Day Birthday Anniversary Graduation XMAS Party Secret Santa Gifts.\nOur Hilarious Coffee Cups Make a Great Gift For Anybody, Men Women Mom Dad Grandma Grandpa Brother Sister Son Daughter Husband Wife Boyfriend Girlfriend Best Friend In Laws , Coworkers Employees Boss Friend Second Cousin Aunts And Uncles Him and Her Or Just Anybody Who Enjoys A Nice Cup Of Coffee In The Morning.","[gallery]\nThis Coffee Mug Is A Great Unique Gift For A Nurse RN or CNA EMT EMS Paramedic Or Doctor\nThis Funny Coffee Mug Would Make a Great Gift For Any Occasion, Mother's Day, Christmas, Wedding Retirement, Bridal and Baby Shower Valentine's Day Birthday Anniversary Graduation XMAS Party Secret Santa Gifts.\nOur Hilarious Coffee Cups Make a Great Gift For Anybody, Men Women Mom Dad Grandma Grandpa Brother Sister Son Daughter Husband Wife Boyfriend Girlfriend Best Friend In Laws , Coworkers Employees Boss Friend Second Cousin Aunts And Uncles Him and Her Or Just Anybody Who Enjoys A Nice Cup Of Coffee In The Morning.\nMade With The Highest Quality Guaranteed To Last, Microwave and Dishwasher Safe. Our Mugs Are Printed On Both Sides Which IS Great for Both The Right Hand And The Left.\nThis 11oz White Ceramic Mug Is Great For Coffee, Tea , Hot Chocolate, Or any Hot or Cold Beverage Rogue River Exclusive Item Comes with the Rogue River Warranty",,,taxable,,1,,,0,0,,,,,1,,,15.99,"Home and Kitchen > Kitchen and Dining > Dining and Entertaining > Novelty",,,"https://m.media-amazon.com/images/I/41adeaoymmL.jpg, https://m.media-amazon.com/images/I/41adeaoymmL.jpg",,,,,,,https://4anurse.com/?redirectAmzASIN=B078WYDJ1Y&redirect_prodid=amz-B078WYDJ1Y,,0,,,,,,,,,B078WYDJ1Y,com,999999,amz-B078WYDJ1Y,amazon,https://www.amazon.com/dp/B078WYDJ1Y/,1747064315,0,0,1,222,0,222,,0,0,1778970612,invalid,6
1048,external,,,"Rechargeable Vein Finder for IV Access – ONCOVEIN PRO LED Vein Finder Light for Phlebotomy in Clinics and Home Use – Ideal for All Skin Tones",1,0,visible,"Optimal Vein Visualization: Equipped with powerful 3W THZ light per LED, the ONCOVEIN PRO offers excellent clarity for vein detection. This ensures precise visualization for IV access, blood draws, and transfusions. The device is designed to work effectively on all skin tones, providing reliable results in various settings.\nDurable and Reliable: The vein finder features a 840mAh battery with overcharge protection for safe, long-lasting use. Its robust black nylon casing is built to withstand daily use and drops from up to 4 feet. This ensures durability and reliability, making it ideal for both clinic and home care environments.\nHands-Free Usage: The included occlusion belt slot and hook-and-loop belt allow for secure, hands-free use. This ensures optimal vein occlusion during medical procedures, reducing the need for multiple attempts. It makes vein access more efficient and less stressful for both healthcare professionals and patients","[gallery]\nOptimal Vein Visualization: Equipped with powerful 3W THZ light per LED, the ONCOVEIN PRO offers excellent clarity for vein detection. This ensures precise visualization for IV access, blood draws, and transfusions. The device is designed to work effectively on all skin tones, providing reliable results in various settings.\nDurable and Reliable: The vein finder features a 840mAh battery with overcharge protection for safe, long-lasting use. Its robust black nylon casing is built to withstand daily use and drops from up to 4 feet. This ensures durability and reliability, making it ideal for both clinic and home care environments.\nHands-Free Usage: The included occlusion belt slot and hook-and-loop belt allow for secure, hands-free use. This ensures optimal vein occlusion during medical procedures, reducing the need for multiple attempts. It makes vein access more efficient and less stressful for both healthcare professionals and patients\nEfficient Battery Management: The ONCOVEIN PRO features an advanced battery management system that supports up to 860 mah of current. This ensures safe power consumption and extends battery life. The device’s efficient battery management system allows for prolonged use without frequent recharging.\nEasy to Use for All Ages: Designed for simplicity, the device has a user-friendly on/off switch and three intensity modes. It is suitable for all skin tones and all ages, making vein detection accessible to a wide range of users. This easy operation ensures a stress-free experience for both professionals and individuals.",,,taxable,,1,,,0,0,,,,,1,,,168,"Industrial and Scientific > Professional Medical Supplies",,,"https://m.media-amazon.com/images/I/41CEKFTsjTL.jpg, https://m.media-amazon.com/images/I/41CEKFTsjTL.jpg",,,,,,,https://4anurse.com/?redirectAmzASIN=B0DQH1KVSG&redirect_prodid=amz-B0DQH1KVSG,,0,,,,,,,,,B0DQH1KVSG,com,999999,amz-B0DQH1KVSG,amazon,https://www.amazon.com/dp/B0DQH1KVSG/,1747064322,0,0,1,225,1,225,,0,0,1778970612,invalid,31
1050,external,,,"LEDX Vein Finder – Sclerotherapy Varicose Vein Mapping and Access Device. The Gold Standard, Used by All Major Vein Treatment Centers Around The World.",1,0,visible,"Veinlite LEDX is the leading vein access device in the field of sclerotherapy. LEDX was designed with the largest vein imaging area, allowing for fast and efficient treatment sessions.\nPortable vein finder features one-handed operation for ease of use – Color switching allows provider to see and treat superficial and deeper varicose vein structures.\nVeinlite LEDX is held against the skin and shows vein structures through transillumination. As varicose veins are identified, the C-shaped opening enables direct access for sclerosant injection.","[gallery]\n<!-- show up to 2 reviews by default --> <h3> <span>Product description</span> </h3> <p> <span>Veinlite LEDX is leading the way in Sclerotherapy for vein visualization and providing effective treatment for varicose veins. LEDX features the largest viewing area of any Veinlite device (31mm), color selection and high contrast for vein imaging. It runs on an internal rechargeable Li-Ion battery for up to 160 minutes between charges. Kit includes: Veinlite LEDX Storage Case Disposable Plastic Covers Rechargeable Li-Ion Battery Light Shield, Size Adapter USB charging cord Over 100,000 medical professionals rely on Veinlite devices for simple and accurate vein access. Across numerous clinical studies comparing vein access success rates, Veinlite transillumination (93% first attempt success rate) outperformed both the Standard of Care (observation/palpation, 72%) and infrared devices (digital vein image projection on skin, 45%). The superiority of Veinlite devices is a result of its overall design as a vein access device...not just a vein finder. Veinlite LEDX is not a “flashlight.” Unlike infrared devices that use projection technology to visually “show” where veins are located using a 2-D projection, Veinlite is designed for use directly on the patient’s skin, where its patented design reveals venous structure, stretches the skin, acts as a tourniquet, and anchors the vein to ensure successful venous access. Features Switchable color selection for maximum vein contrast Suitable on patients of all ages Effective on “hard to stick” patients, including those with dark skin tones and those who are overweight LED light array is cool to the touch (no burns or discomfort) Rechargeable Li-Ion battery provides up to 160 minutes of run time between charges Specifications Power: Rechargeable Li-Ion battery (USB charging) Device Weight, including battery: 83g Device Dimensions: 102mm x 65mm x 21mm Lights: 32 LEDs (24 orange and 8 red) UPC: 094922881038 This model is designed for sclerotherapy and vein treatment. See our full product lineup.</span> </p> <h3> <span>Manufacturer Contact Information</span> </h3> <p> <span>(281) 240-3111</span> </p>\nVeinlite LEDX is the leading vein access device in the field of sclerotherapy. LEDX was designed with the largest vein imaging area, allowing for fast and efficient treatment sessions.\nPortable vein finder features one-handed operation for ease of use – Color switching allows provider to see and treat superficial and deeper varicose vein structures.\nVeinlite LEDX is held against the skin and shows vein structures through transillumination. As varicose veins are identified, the C-shaped opening enables direct access for sclerosant injection.\nMeets INS & CDC Guidelines using affordable, disposable plastic covers.\nLEDX created Veinlite Sclerotherapy.",,,taxable,,1,,,0,0,,,,,1,,645,679,"Health and Household > Medical Supplies and Equipment",,,"https://m.media-amazon.com/images/I/41wvhs9Bf6L.jpg, https://m.media-amazon.com/images/I/41wvhs9Bf6L.jpg",,,,,,,https://4anurse.com/?redirectAmzASIN=B00B0ZM034&redirect_prodid=amz-B00B0ZM034,,0,,,,,,,,,B00B0ZM034,com,999999,amz-B00B0ZM034,amazon,https://www.amazon.com/dp/B00B0ZM034/,1747064326,0,0,1,200,0,200,,0,0,1778970612,invalid,24
1052,external,,,"Illumivein® High Powered Red LED Flashlight Torch Transilluminator Vein Finder",1,0,visible,"QUICK VEIN FINDING FOR AMATEURS TO PROS: The Nurses behind the Original Illumivein created this transilluminator to easily find hidden veins whether it's your first time or you’re a seasoned vet, simply dim the lights and you’ll find your vein in no time\n700nm VEIN-FINDING TECH: Unlike cheap ‘red-filtered’ flashlights, The Original Illumivein’s powerful LED Array is precision-tuned to 700-nanometers, showing veins as a visible shadow - even deep or narrow veins\nACCURACY WITHOUT THE COSTLY MEDICAL MACHINERY: The Original Illumivein Vein Finder helps build confidence in finding peripheral veins, putting an end to multiple pokes (and the expensive, bulky gear); in fact, some say they prefer Illumivein over the expensive, old-school illuminators that stress out already-tense patients","[gallery]\n<!-- show up to 2 reviews by default --> <p> <span>Satisfied Nurses Are Enjoying Precision Vein Finding In Seconds, From Amateurs To Pros Whether it's your first time or you’re a seasoned vet, you can feel confident finding hard-to-see veins, quick. The Nurses behind the Original Illumivein created this transilluminator to easily find hidden veins. Simply dim the lights and you’ll find your vein in no time. 700nm Precision-Tuned LED Array (No Cheap Filters or Colored Bulbs) Unlike cheap red-filtered flashlights that fail to show even surface-level veins, the Original Illumivein’s Precise 700-nanometer LED Array is built and tuned specifically for transillumination, reacting with blood as it passes through the rays. Transillumination In 3 Easy Steps No more struggling to find veins from arm to arm. You'll quickly see your veins as a shadowy dark line in 3 easy steps: (1) dim the lights, a dark room is best (2) turn on your Original Illumivein (3) gently press the light to the skin and slowly move side to side Durable Design Takes The Beating of Long Shifts, Without The Bulk The first touch will tell you that the rugged, lightweight aluminum housing can take a beating and stand up to long, fast pace shifts. Plus, the compact design fits perfectly in medical uniform pockets without adding awkward bulk. Build Your Vein-Finding Confidence, Without The Old School Machinery Med Students say this the Original Illumivein vein finder helps them build confidence finding peripheral veins fast, putting an end to the embarrassment of multiple pokes. In fact, some say they prefer Illumivein over costly and bulky, old-school illuminators that add stress to already-tense patients. But Don’t Take Our Word For It… Add the Original Illumivein Vein Finder to your next shift and see for yourself why so many fans are enjoying stress-free vein finding in the palm of their hands.</span> </p>\nQUICK VEIN FINDING FOR AMATEURS TO PROS: The Nurses behind the Original Illumivein created this transilluminator to easily find hidden veins whether it's your first time or you’re a seasoned vet, simply dim the lights and you’ll find your vein in no time\n700nm VEIN-FINDING TECH: Unlike cheap ‘red-filtered’ flashlights, The Original Illumivein’s powerful LED Array is precision-tuned to 700-nanometers, showing veins as a visible shadow - even deep or narrow veins\nACCURACY WITHOUT THE COSTLY MEDICAL MACHINERY: The Original Illumivein Vein Finder helps build confidence in finding peripheral veins, putting an end to multiple pokes (and the expensive, bulky gear); in fact, some say they prefer Illumivein over the expensive, old-school illuminators that stress out already-tense patients\nTRANSILLUMINATION MADE EASY: Medical professionals who grew tired of struggling to find veins from arm to arm say they feel confident with these 3 easy steps: (1) dim the lights, a dark room is best (2) turn on your Original Illumivein (3) gently press the light to the skin and slowly move from side to side - you'll quickly find your veins as a shadowy dark line\nSLIM, LIGHT & READY FOR LONG SHIFTS: This portable vein finder’s compact design fits perfectly in medical uniform pockets without adding bulk; Plus, the rugged, lightweight aluminum housing gives you confidence that your vein finder will stand up to the fast pace of any shift",,,taxable,,1,,,0,0,,,,,1,,,24.99,"Tools and Home Improvement",,,"https://m.media-amazon.com/images/I/51biLWgdwYL.jpg, https://m.media-amazon.com/images/I/51biLWgdwYL.jpg",,,,,,,https://4anurse.com/?redirectAmzASIN=B00TQB0OAU&redirect_prodid=amz-B00TQB0OAU,,0,,,,,,,,,B00TQB0OAU,com,999999,amz-B00TQB0OAU,amazon,https://www.amazon.com/dp/B00TQB0OAU/,1747064330,0,0,1,212,0,212,,0,0,1778970612,invalid,15
1054,external,,,"Rechargeable Vein Finder Viewer for IV Access Phlebotomy for Nurse Clinics Homes Use，Vein Finder Light for Various Skin People,Yellow",1,0,visible,"【Portable Pocket Design】 This vein finder weighs only 1.67 ounces and has a length of 5.7 inches that can easily be carried in your pocket so that you can use it at any time.\n【Super Long Battery Life and Rechargeable】After being fully charged for 30 minutes, the vein lighting can be used for about 100-120 minutes. Package includes 1 vein finder, 1 charger and 1 USB cable.\n【Multi-purpose for any skin tone】Can be used on adults or children of any skin tone. You can use this vein finder to view superficial veins in your body. When you need to find veins for blood drawing, blood transfusion, intravenous injection and phlebotomy, it will become your best assistant and can be used to avoid the pain of multiple punctures.","[gallery]\n【Portable Pocket Design】 This vein finder weighs only 1.67 ounces and has a length of 5.7 inches that can easily be carried in your pocket so that you can use it at any time.\n【Super Long Battery Life and Rechargeable】After being fully charged for 30 minutes, the vein lighting can be used for about 100-120 minutes. Package includes 1 vein finder, 1 charger and 1 USB cable.\n【Multi-purpose for any skin tone】Can be used on adults or children of any skin tone. You can use this vein finder to view superficial veins in your body. When you need to find veins for blood drawing, blood transfusion, intravenous injection and phlebotomy, it will become your best assistant and can be used to avoid the pain of multiple punctures.\n【Orange-red light LED vein finder】Orange-red light has better penetration into the skin. The depth of penetration in the skin is about 2 ~ 3 mm, wavelength 635-650nm, yellow light 0.5 ~ 2 mm, wavelength 570- 600nm, so orange-red light is your better choice\n【After-sales Service】If the goods are damaged by non-human factors, we can provide you with a 12-month warranty.",,,taxable,,1,,,0,0,,,,,1,,,54.99,"Industrial and Scientific > Professional Medical Supplies",,,"https://m.media-amazon.com/images/I/41eafySniPL.jpg, https://m.media-amazon.com/images/I/41eafySniPL.jpg",,,,,,,https://4anurse.com/?redirectAmzASIN=B0CKMGBRH5&redirect_prodid=amz-B0CKMGBRH5,,0,,,,,,,,,B0CKMGBRH5,com,999999,amz-B0CKMGBRH5,amazon,https://www.amazon.com/dp/B0CKMGBRH5/,1747064334,0,0,1,235,0,235,,0,0,1778970612,invalid,14
1056,external,,,"Premium Vein Finder New Model FDA Registered",1,0,visible,"EASY TO USE (EVEN IN BUSY MED-OFFICES): The Nurses who developed Illumivein know that a dark room is not always an option in busy Medical Offices, that’s why this vein finder is designed to work with just a shadow - simply press against the skin, and with the adjustable focus you’ll find your veins in no time\nPRECISION VEIN-FINDING TECH: Unlike cheap ‘red-filtered’ flashlights, The Illumivein’s Precise 700-nanometer LED is tuned specifically for transillumination, showing even deep, narrow veins as a visible shadow\nPOWERFUL LED FOR ALL SKIN TYPES: Medical professionals who grew tired of struggling to find veins from arm to arm say they enjoy how the powerful LEDs in the Premium Vein Finder illuminates through all skin colors, thicknesses, and even colorful tattoos","[gallery]\nEASY TO USE (EVEN IN BUSY MED-OFFICES): The Nurses who developed Illumivein know that a dark room is not always an option in busy Medical Offices, that’s why this vein finder is designed to work with just a shadow - simply press against the skin, and with the adjustable focus you’ll find your veins in no time\nPRECISION VEIN-FINDING TECH: Unlike cheap ‘red-filtered’ flashlights, The Illumivein’s Precise 700-nanometer LED is tuned specifically for transillumination, showing even deep, narrow veins as a visible shadow\nPOWERFUL LED FOR ALL SKIN TYPES: Medical professionals who grew tired of struggling to find veins from arm to arm say they enjoy how the powerful LEDs in the Premium Vein Finder illuminates through all skin colors, thicknesses, and even colorful tattoos\nCOMPACT & DURABLE (READY FOR LONG SHIFTS): This portable vein finder’s compact design fits perfectly in medical uniform pockets without adding awkward bulk; Plus, the tough aluminum housing gives you confidence that your vein finder will stand up to the fast pace of any shift\nACCURACY WITHOUT THE SCARY MEDICAL MACHINERY: This Premium Vein Finder helps build confidence in finding peripheral veins, putting an end to multiple pokes (and the costly, bulky gear); in fact, some say they prefer Illumivein over the costly and bulky, old-school illuminators that add stress to already-tense patients",,,taxable,,1,,,0,0,,,,,1,,,34.99,"Tools and Home Improvement",,,"https://m.media-amazon.com/images/I/5169Sxnr7fL.jpg, https://m.media-amazon.com/images/I/5169Sxnr7fL.jpg",,,,,,,https://4anurse.com/?redirectAmzASIN=B07SCMFNTH&redirect_prodid=amz-B07SCMFNTH,,0,,,,,,,,,B07SCMFNTH,com,999999,amz-B07SCMFNTH,amazon,https://www.amazon.com/dp/B07SCMFNTH/,1747064338,0,0,1,189,0,189,,0,0,1778970612,invalid,12
1058,external,,,"Yoke Style Stethoscope Name Tag Personalized, Custom Stethoscope Charms for Nurses, Stethoscope ID Tag Graduation Gifts for Nurse, RN, Doctors",1,0,visible,"Nurse Accessories for Work: We design these stethoscope tags with any names, initials in different font styles, birthstones and so on. Each element as unique as you are.A necessary accessory for any nurse or medical students.\nUnique Charms for Most Stethoscope: Our name tag for stethoscope suit for most stethoscope, give your stethoscope a name specific to it, which makes it easier to distinguish it from your classmates or colleagues'stethoscope.\nIdea Gifts for RN: It is a great nurse graduation or back to school gift for Registered nurse (RN), Licensed practical nurse (LPN), Nurse practitioner (NP), Intensive care unit (ICU) registered nurse, Medical-surgical (MS) nursing, emergency room nurse and so on. Or is a perfect gift for the doctor student, postgraduate or nurse student etc. Suitable for vet, doctor, medical assistant, school nurse, future nurse or cardiologist to use for their stethoscope.","[gallery]\nNurse Accessories for Work: We design these stethoscope tags with any names, initials in different font styles, birthstones and so on. Each element as unique as you are.A necessary accessory for any nurse or medical students.\nUnique Charms for Most Stethoscope: Our name tag for stethoscope suit for most stethoscope, give your stethoscope a name specific to it, which makes it easier to distinguish it from your classmates or colleagues'stethoscope.\nIdea Gifts for RN: It is a great nurse graduation or back to school gift for Registered nurse (RN), Licensed practical nurse (LPN), Nurse practitioner (NP), Intensive care unit (ICU) registered nurse, Medical-surgical (MS) nursing, emergency room nurse and so on. Or is a perfect gift for the doctor student, postgraduate or nurse student etc. Suitable for vet, doctor, medical assistant, school nurse, future nurse or cardiologist to use for their stethoscope.\nFinished Color: We finished stethoscope id tags with silver, gold plated, rose gold plated color, smooth and bright surface, strong and durable, never fade, rust, fade, corrosion, dyeing, carving text clear and neat will not be allergic, perfect quality will not let you down.\nPremium Material Made: This personalized name tag made of durable copper and stainless steel, the custom name not easy to fade. The nurse accessories for work will make your stethoscope become more outstanding and fashion.",,,taxable,,1,,,0,0,,,,,1,,,13.99,"Industrial and Scientific > Professional Medical Supplies > Diagnostics and Screening > Stethoscope Accessories",,,"https://m.media-amazon.com/images/I/41KrerbvPgL.jpg, https://m.media-amazon.com/images/I/41KrerbvPgL.jpg",,,,,,,https://4anurse.com/?redirectAmzASIN=B0C7V5G4BQ&redirect_prodid=amz-B0C7V5G4BQ,,0,,,,,,,,,B0C7V5G4BQ,com,999999,amz-B0C7V5G4BQ,amazon,https://www.amazon.com/dp/B0C7V5G4BQ/,1747064344,0,0,1,224,0,224,,0,0,1778970612,invalid,15
1060,external,,,"MDF Instruments, Acoustica Lightweight Stethoscope for Doctors, Nurses, Students, Home Health Use, Adult, Dual Head, Pastel Purple Tube, Pink Pinkore Chestpiece-Headset, MDF747XPPO07",1,0,visible,"TRUSTED by Medical Providers since 1971 | Backed by our Full Lifetime Warranty & Replacement-Parts-For-Life Program Included| Latex-Free\nALL-PURPOSE LIGHTWEIGHT diagnostic stethoscope that delivers accurate auscultation of heart, lung, and stomach (gastrointestinal, bowel, etc.), blood pressure flow (Korotkoff) sounds with acoustic integrity and clarity in doctor, nurse, student, etc. clinical settings or home settings.\nDUAL HEAD CHESTPIECE designed with a turnable, fully rotating stem and a true bell and true diaphragm to capture high or low frequency sounds as needed. Handcrafted from premium aluminum to deliver the ultimate value in auditory diagnostics with unmatched performance and durability in its lightweight class.","[gallery]\n<!-- show up to 2 reviews by default --> <p> <span>The MDF Acoustica Stethoscope is a lightweight diagnostic device that provides precise stethoscope of heart, lung and colatocoff with acoustic integrity and clarity. Ergonomic design ensures doctors and patients comfort even after long time use. Precisely handcrafted from premium aluminum, the Acoustica Stethoscope is the ultimate hearing diagnosis with unmatched performance and durability. CHEST PIECE: Ultra heavy duty, lightweight aluminum dual head chestpiece is precisely machined and hand polished for maximum performance and durability. Fully rotating acoustic valve stem and green indicator dots allow users to easily identify active sound channels. The chest piece has an ultra-sensitive diaphragm attached to the chest piece that provides safe acoustic transmission. The large bell is covered with a chill-resistant bell ring for louder sound amplification, low frequency isolation, and patient comfort. Acoustic Tube: Constructed of thick, dense, latex-free PVC, Y-shape non-stick acoustic tube provides excellent sound isolation, and prevents cracking and wear caused by repeated use. Longer than average, providing a comfortable space between medical professionals and patients. Acoustic Pyramid Chamber: Patented internal metal alloy chamber placed on an acoustic tube under the spring leaves tube channel open for maximum sound transfer to the headset. ErgonoMax Headset: Hand polished, pre-angled chrome plated brass headset with patented internal dual leaf spring construction for durability and custom fit. Soft silicone ComfortSeal ear tips (available in standard and small sizes) are clear for hygiene and block excess noise along your ears and ensure comfort even after extended use. Patented SafetyLock ear tip adapters are the industry leader in user safety.</span> </p>\nTRUSTED by Medical Providers since 1971 | Backed by our Full Lifetime Warranty & Replacement-Parts-For-Life Program Included| Latex-Free\nALL-PURPOSE LIGHTWEIGHT diagnostic stethoscope that delivers accurate auscultation of heart, lung, and stomach (gastrointestinal, bowel, etc.), blood pressure flow (Korotkoff) sounds with acoustic integrity and clarity in doctor, nurse, student, etc. clinical settings or home settings.\nDUAL HEAD CHESTPIECE designed with a turnable, fully rotating stem and a true bell and true diaphragm to capture high or low frequency sounds as needed. Handcrafted from premium aluminum to deliver the ultimate value in auditory diagnostics with unmatched performance and durability in its lightweight class.\nPATENTS, HEADSET, TUBING & EARTIPS: longer, thicker and non-stick tube and ErgonoMax headset that includes a patented dual-leaf spring construction, patented Acoustic Pyramid Chamber and a patented SafetyLock Eartip adapters to maximize sound performance, durability, comfort, and extended use.\nINCLUDES: 3 pairs of Small, Regular and Large MDF ComfortSeal clear eartips, an extra diaphragm, ID name tag, Lifetime Warranty and Replacement Parts for Life program included. Makes a great gift with over 20 color variations to choose from.",,,taxable,,1,,,0,0,,,,,1,,,54.99,"Industrial and Scientific > Professional Medical Supplies > Diagnostics and Screening > Stethoscopes",,,"https://m.media-amazon.com/images/I/31OOvdM9dvL.jpg, https://m.media-amazon.com/images/I/31OOvdM9dvL.jpg",,,,,,,https://4anurse.com/?redirectAmzASIN=B0CFG285J8&redirect_prodid=amz-B0CFG285J8,,0,,,,,,,,,B0CFG285J8,com,999999,amz-B0CFG285J8,amazon,https://www.amazon.com/dp/B0CFG285J8/,1747064348,0,0,1,227,0,227,,0,0,1778970612,invalid,22
1062,external,,,"MDF Instruments Mermaid Kaleidoscope ProCardial Cardiology Stethoscope, Limited Edition Mprints, Lightweight Titanium, Adult, Dual Head, Mermaid Tube, Kaleidoscope Chestpiece-Headset, MDF797TMMKL",1,0,visible,"TRUSTED by Doctors, Nurses, Students, Home Health, Medical Providers since 1971 | Backed by our Full Lifetime Warranty & Free-Parts-For-Life Program | Latex-Free\nProCardial Cardiology Titanium line is known for performance, durability and aesthetics. Constructed from acoustically-superior and lightweight titanium with extra deep diaphragm and bell, ending the tradeoff between sound quality and weight. Makes a great gift with over 20 color variations to choose from.\nCHESTPIECE: cardiology grade dual head stethoscope for adult diagnostics that delivers transmission of heart, lung, stomach (GI, bowel, etc.) & blood pressure flow (Korotkoff) sounds with acoustic integrity & clarity for doctors, nurses, students in clinical or home settings. TRUE BELL & DIAPHRAGM: designed with a turnable fully rotating stem for diaphragm & bell side to capture high or low frequency sounds as needed. CONVERTIBLE full pediatric & infant-neonatal chestpiece (sold separately).","[gallery]\nTRUSTED by Doctors, Nurses, Students, Home Health, Medical Providers since 1971 | Backed by our Full Lifetime Warranty & Free-Parts-For-Life Program | Latex-Free\nProCardial Cardiology Titanium line is known for performance, durability and aesthetics. Constructed from acoustically-superior and lightweight titanium with extra deep diaphragm and bell, ending the tradeoff between sound quality and weight. Makes a great gift with over 20 color variations to choose from.\nCHESTPIECE: cardiology grade dual head stethoscope for adult diagnostics that delivers transmission of heart, lung, stomach (GI, bowel, etc.) & blood pressure flow (Korotkoff) sounds with acoustic integrity & clarity for doctors, nurses, students in clinical or home settings. TRUE BELL & DIAPHRAGM: designed with a turnable fully rotating stem for diaphragm & bell side to capture high or low frequency sounds as needed. CONVERTIBLE full pediatric & infant-neonatal chestpiece (sold separately).\nPATENTS to maximize sound performance, durability and comfort for extended use, including our GlideLock System on our chestpieces to lock in sound in the diaphragm and bell channels. ErgonoMax Headset with dual-leaf spring construction, patented Acoustic Pyramid Chamber with patent pending STEnT to ensure structural sound integrity and patented SafetyLock Eartip adaptors that are non-invasive and lead the industry in user safety.\nTUBING: C34 tubing has 34 channels etched inside to direct clear and precise sound waves without interference. Tubing is flexible and thicker for better sound transmission, longer for your comfort and latex free. INCLUDES: 3 pairs of ComfortSeal soft silicone eartips in sizes small, medium and large, extra diaphragm and ID tag.",,,taxable,,1,,,0,0,,,,,1,,179.99,199.99,"Industrial and Scientific > Professional Medical Supplies > Diagnostics and Screening > Stethoscopes",,,"https://m.media-amazon.com/images/I/413hUQVL78L.jpg, https://m.media-amazon.com/images/I/413hUQVL78L.jpg",,,,,,,https://4anurse.com/?redirectAmzASIN=B08LH9TFK3&redirect_prodid=amz-B08LH9TFK3,,0,,,,,,,,,B08LH9TFK3,com,999999,amz-B08LH9TFK3,amazon,https://www.amazon.com/dp/B08LH9TFK3/,1747064352,0,0,1,247,0,247,,0,0,1778970612,invalid,30
1064,external,,,"MDF Instruments, Calibra Aneroid Premium Professional Sphygmomanometer, Blood Pressure Monitor with Adult Cuff & Carrying Case, Lifetime Calibration, White Dial, Black Cuff, MDF808M11",1,0,visible,"TRUSTED by Medical Providers since 1971 | Lifetime Calibration | Latex-Free | Adult Sized Cuff Included\nFAST & EASY to measure blood pressure in a medical setting, at home or on the road\nGAUGE: easy to read, extra-large high-contrast dial, stress-tested over 3,000 times, calibrated five times and certified 300 mmHg manometer attains accuracy of +/- 3 mmHg without pin stop.","[gallery]\nTRUSTED by Medical Providers since 1971 | Lifetime Calibration | Latex-Free | Adult Sized Cuff Included\nFAST & EASY to measure blood pressure in a medical setting, at home or on the road\nGAUGE: easy to read, extra-large high-contrast dial, stress-tested over 3,000 times, calibrated five times and certified 300 mmHg manometer attains accuracy of +/- 3 mmHg without pin stop.\nCUFF and CARRYING CASE: adult-sized cuff, high-molecular polymer nylon cuff and carrying case are abrasion and moisture resistant. Accurate arterial compression with artery indicator label and index range. Removable bladder for easy cuff cleaning.\nINFLATION: high-density non-stick, non-cracking inflation bulb and bladder. Equipped with screw-type valve for easy and precise deflation control.",,,taxable,,1,,,0,0,,,,,1,,,39.99,"Industrial and Scientific > Professional Medical Supplies > Diagnostics and Screening > Sphygmomanometers",,,"https://m.media-amazon.com/images/I/31r0Z6XaiML.jpg, https://m.media-amazon.com/images/I/31r0Z6XaiML.jpg",,,,,,,https://4anurse.com/?redirectAmzASIN=B00LV74908&redirect_prodid=amz-B00LV74908,,0,,,,,,,,,B00LV74908,com,999999,amz-B00LV74908,amazon,https://www.amazon.com/dp/B00LV74908/,1747064356,0,0,1,237,0,237,,0,0,1778970612,invalid,13
1066,external,,,"MDF Instruments, RoseGold MD One Stainless Steel Stethoscope, Adult, White Tube, RoseGold Chestpieces-Headset, MDF777RG29",1,0,visible,"TRUSTED by Doctors, Nurses, Students, Home Health, Medical Providers since 1971 | Backed by our Full Lifetime Warranty & Free-Parts-For-Life Program | Latex-Free\nMD ONE line is known for performance, durability and aesthetics. Constructed from acoustically-superior stainless steel. Makes a great gift with over 20 color variations to choose from.\nCHESTPIECE: dual head stethoscope for adult diagnostics that delivers accurate transmission of heart, lung, and stomach (gastrointestinal, bowel, etc.) sounds, and blood pressure flow (Korotkoff) sounds with acoustic integrity and clarity in doctor, nurse, student, etc. clinical settings or home settings. TRUE BELL & TRUE DIAPHRAGM: designed with a turnable, fully rotating stem for diaphragm and bell side to capture high or low frequency sounds as needed.","[gallery]\nTRUSTED by Doctors, Nurses, Students, Home Health, Medical Providers since 1971 | Backed by our Full Lifetime Warranty & Free-Parts-For-Life Program | Latex-Free\nMD ONE line is known for performance, durability and aesthetics. Constructed from acoustically-superior stainless steel. Makes a great gift with over 20 color variations to choose from.\nCHESTPIECE: dual head stethoscope for adult diagnostics that delivers accurate transmission of heart, lung, and stomach (gastrointestinal, bowel, etc.) sounds, and blood pressure flow (Korotkoff) sounds with acoustic integrity and clarity in doctor, nurse, student, etc. clinical settings or home settings. TRUE BELL & TRUE DIAPHRAGM: designed with a turnable, fully rotating stem for diaphragm and bell side to capture high or low frequency sounds as needed.\nPATENTS to maximize sound performance, durability and comfort for extended use, including our ErgonoMax Headset with dual-leaf spring construction, patented Acoustic Pyramid Chamber and patented SafetyLock Eartip adaptors that are non-invasive and lead the industry in user safety.\nTUBING that is flexible and thicker for better sound transmission, longer for your comfort and latex free. INCLUDES: 3 pairs of ComfortSeal soft silicone eartips in sizes small, medium and large, extra diaphragm and ID tag.",,,taxable,,1,,,0,0,,,,,1,,,89.99,"Industrial and Scientific > Professional Medical Supplies > Diagnostics and Screening > Stethoscopes",,,"https://m.media-amazon.com/images/I/41UX3pXC7wL.jpg, https://m.media-amazon.com/images/I/41UX3pXC7wL.jpg",,,,,,,https://4anurse.com/?redirectAmzASIN=B017JCM1WG&redirect_prodid=amz-B017JCM1WG,,0,,,,,,,,,B017JCM1WG,com,999999,amz-B017JCM1WG,amazon,https://www.amazon.com/dp/B017JCM1WG/,1747064361,0,0,1,265,0,265,,0,0,1778970612,invalid,9
1068,external,,,"3M™ Littmann® Cardiology IV™ Diagnostic Stethoscope, Limited Edition Featuring Red Logo Diaphragm, Engraved Heart on Stainless Steel High Polish Smoke Chestpiece, 27"" Red Tube, Black Stem, 6182",1,0,visible,"Diagnose and make decisions with confidence and hear subtle changes in patient status\nUseful in critical care and challenging environments such as the ED, ICU, Cardiac ICU, step-down unit and other dynamic locations\nMore than twice as loud* as the next leading stethoscope. *Based on tests against globally-available comparable stethoscopes in an equivalent class using recorded heart sounds with diaphragm.","[gallery]\n<!-- show up to 2 reviews by default --> <h3> <span>Product Description</span> </h3> <p> <span class=""a-text-bold"">Built to hear more</span><span> <br> Sturdy and refined, the Littmann Cardiology IV helps isolate subtle sounds</span><span><sup>2</sup></span><span> so you can hear changes in your patients in the most critical and challenging environments. Designed to help you listen for hard-to-hear sounds, including aortic stenosis, S3 gallop murmurs and faint pulmonary anomalies. <br> Useful in critical care and challenging environments <br> Such as the ED, ICU, Cardiac ICU, step-down unit and other dynamic locations <br> <br> Hear subtle changes in patient status. <br> <br> Diagnose and make decisions with confidence. <br> <br> </span></p><p><span>Put the power of improved listening in your pocket with the Littmann Learning App. This powerful app is designed to help users better recognize benign and pathological heart sounds, murmurs, and lung sounds. It reinforces learning by offering self-directed learning modules directly on your phone. You can download the free Littmann Learning App now from the App Store® or Google Play Store®. *Expanded content is available with a subscription.</span></p><span> <br> <br> </span><span><sup>2</sup></span><span>Better audibility of high-frequency sounds (adult side, firm pressure) compared to Cardiology III can help you learn more about your patient’s condition</span> <p></p> <h3> <span>Manufacturer Contact Information</span> </h3> <p> <span>1-800-228-3957</span> </p>\nDiagnose and make decisions with confidence and hear subtle changes in patient status\nUseful in critical care and challenging environments such as the ED, ICU, Cardiac ICU, step-down unit and other dynamic locations\nMore than twice as loud* as the next leading stethoscope. *Based on tests against globally-available comparable stethoscopes in an equivalent class using recorded heart sounds with diaphragm.\nAllows you to more reliably and consistently hear heart sounds at lower frequencies (below 120Hz*) like Korotkoff sounds, Mitral Stenosis and S3 and S4 Gallops when compared to other leading stethoscopes.\nWeighs less** than other stethoscopes. ** Based on published weights of globally-available comparable stethoscopes in an equivalent class.\nErgonomic and high profile construction; 40% larger chestpiece and 60% deeper bell than the 3M Littmann Classic III Stethoscope\nTunable, dual-sided stainless steel chestpiece with open or closed bell; Non-chill bell sleeve for greater patient comfort\nDesigned for use with adult and pediatric patients\nSoft-sealing ear-tips provide optimal comfort and excellent sound occlusion\nDesigned and manufactured in the USA with globally-sourced materials; 7-year warranty",,,taxable,,1,,,0,0,,,,,1,,212.79,224.99,"Industrial and Scientific > Professional Medical Supplies > Diagnostics and Screening > Stethoscopes",,,"https://m.media-amazon.com/images/I/41w3+x81VIL.jpg, https://m.media-amazon.com/images/I/41w3+x81VIL.jpg",,,,,,,https://4anurse.com/?redirectAmzASIN=B08H3WPNQS&redirect_prodid=amz-B08H3WPNQS,,0,,,,,,,,,B08H3WPNQS,com,999999,amz-B08H3WPNQS,amazon,https://www.amazon.com/dp/B08H3WPNQS/,1747064365,0,0,1,260,0,260,,0,0,1778970612,invalid,13
1070,external,,,"Zyrev ZetaLife Otoscope - Ear Scope with Light, Ear Infection Detector, Pocket Size (Purple Color)",1,0,visible,"AT HOME - This compact otoscope is great for home use whether you use it for children or for adult ear-mergencies. Its great to have at home as an ear cleaning tool or to examine ears!\nPROFESSIONALS & STUDENTS - Its also perfect for professionals or students (medical, nursing etc.) who need to do ear exams to practice or for their job/school.\nCOMPACT - Light weight, powerful and easy to carry anywhere.","[gallery]\nAT HOME - This compact otoscope is great for home use whether you use it for children or for adult ear-mergencies. Its great to have at home as an ear cleaning tool or to examine ears!\nPROFESSIONALS & STUDENTS - Its also perfect for professionals or students (medical, nursing etc.) who need to do ear exams to practice or for their job/school.\nCOMPACT - Light weight, powerful and easy to carry anywhere.\nBEAUTIFUL CASE - Comes in a beautiful nylon case, in a color of your choice, for easy storage and safe keeping.\nBATTERIES - Uses 2 AA batteries (not included)",,,taxable,,1,,,0,0,,,,,1,,,21.99,"Industrial and Scientific > Professional Medical Supplies",,,"https://m.media-amazon.com/images/I/51+m+ig1FHL.jpg, https://m.media-amazon.com/images/I/51+m+ig1FHL.jpg",,,,,,,https://4anurse.com/?redirectAmzASIN=B07MQBQ7Y5&redirect_prodid=amz-B07MQBQ7Y5,,0,,,,,,,,,B07MQBQ7Y5,com,999999,amz-B07MQBQ7Y5,amazon,https://www.amazon.com/dp/B07MQBQ7Y5/,1747064369,0,0,1,230,0,230,,0,0,1778970612,invalid,9
1072,external,,,"Magnetic Stethoscope Holder Hip Clip for 3M Littmann Stethoscope, MDF, & More - PU Leather Stethoscope Holster Great for RN, MD, EMT, & Medical Student | Nurse Accessories for Work. (Navy Blue)",1,0,visible,"Strong magnetic closure – The choice to use a magnet in the design of the stethoscope holder is a smart one. The strong magnetic force keeps the stethoscope securely in place while still making it easily accessible when needed, offering both convenience and efficiency during patient care. Plus, the absence of Velcro means there’s no risk of lint or debris getting trapped in the hip clip, helping keep your stethoscope clean and sanitary.\nNo more neck discomfort - Constantly carrying a stethoscope around the neck can lead to discomfort and neck soreness, especially during long shifts. This innovative stethoscope holder addresses this issue by providing a hands-free and comfortable way to carry the stethoscope.\nSoft leather material & waxed edges – These two features provide durability and strength, allowing the holder to withstand wear and tear over time. The waxed edges add an extra layer of protection, preventing fraying and increasing the longevity of the stethoscope clip. The soft leather offers a luxurious look and feel, conveying professionalism and sophistication.","[gallery]\nStrong magnetic closure – The choice to use a magnet in the design of the stethoscope holder is a smart one. The strong magnetic force keeps the stethoscope securely in place while still making it easily accessible when needed, offering both convenience and efficiency during patient care. Plus, the absence of Velcro means there’s no risk of lint or debris getting trapped in the hip clip, helping keep your stethoscope clean and sanitary.\nNo more neck discomfort - Constantly carrying a stethoscope around the neck can lead to discomfort and neck soreness, especially during long shifts. This innovative stethoscope holder addresses this issue by providing a hands-free and comfortable way to carry the stethoscope.\nSoft leather material & waxed edges – These two features provide durability and strength, allowing the holder to withstand wear and tear over time. The waxed edges add an extra layer of protection, preventing fraying and increasing the longevity of the stethoscope clip. The soft leather offers a luxurious look and feel, conveying professionalism and sophistication.\nAdded bell pocket – The decision to redesign the stethoscope holster with a dedicated bell pocket shows a strong understanding of the everyday challenges medical professionals face. By prioritizing easy access and secure storage, the founder of Bobcat Medical created a solution that not only meets but exceeds the expectations of healthcare workers.\nStethoscope holder belt clip – A practical feature that allows medical professionals to securely attach their stethoscope to clothing, a belt, or scrubs, ensuring convenient and easy access throughout their shift.",,,taxable,,1,,,0,0,,,,,1,,14.44,16.95,"Industrial and Scientific > Professional Medical Supplies > Diagnostics and Screening > Stethoscope Accessories",,,"https://m.media-amazon.com/images/I/51OofuEeogL.jpg, https://m.media-amazon.com/images/I/51OofuEeogL.jpg",,,,,,,https://4anurse.com/?redirectAmzASIN=B0C6B7FXHY&redirect_prodid=amz-B0C6B7FXHY,,0,,,,,,,,,B0C6B7FXHY,com,999999,amz-B0C6B7FXHY,amazon,https://www.amazon.com/dp/B0C6B7FXHY/,1747064377,0,0,1,229,0,229,,0,0,1778970612,invalid,17
1074,external,,,"3M Littmann Cardiology IV Diagnostic Stethoscope, 6200, More Than 2X as Loud, Weighs Less",1,0,visible,"Diagnose and make decisions with confidence and hear subtle changes in patient status\nUseful in critical care and challenging environments such as the ED, ICU, Cardiac ICU, step-down unit and other dynamic locations\nMore than twice as loud* as the next leading stethoscope. *Based on tests against globally-available comparable stethoscopes in an equivalent class using recorded heart sounds with diaphragm.","[gallery]\n<!-- show up to 2 reviews by default --> <h3> <span>Product Description</span> </h3> <p> <span class=""a-text-bold"">Built to hear more</span><span> <br> Sturdy and refined, the Littmann Cardiology IV helps isolate subtle sounds</span><span><sup>2</sup></span><span> so you can hear changes in your patients in the most critical and challenging environments. Designed to help you listen for hard-to-hear sounds, including aortic stenosis, S3 gallop murmurs and faint pulmonary anomalies. <br> Useful in critical care and challenging environments <br> Such as the ED, ICU, Cardiac ICU, step-down unit and other dynamic locations <br> <br> Hear subtle changes in patient status. <br> <br> Diagnose and make decisions with confidence. <br> <br> </span></p><p><span>Put the power of improved listening in your pocket with the Littmann Learning App. This powerful app is designed to help users better recognize benign and pathological heart sounds, murmurs, and lung sounds. It reinforces learning by offering self-directed learning modules directly on your phone. You can download the free Littmann Learning App now from the App Store® or Google Play Store®. *Expanded content is available with a subscription.</span></p><span> <br> <br> </span><span><sup>2</sup></span><span>Better audibility of high-frequency sounds (adult side, firm pressure) compared to Cardiology III can help you learn more about your patient’s condition</span> <p></p> <h3> <span>Manufacturer Contact Information</span> </h3> <p> <span>1-800-228-3957</span> </p>\nDiagnose and make decisions with confidence and hear subtle changes in patient status\nUseful in critical care and challenging environments such as the ED, ICU, Cardiac ICU, step-down unit and other dynamic locations\nMore than twice as loud* as the next leading stethoscope. *Based on tests against globally-available comparable stethoscopes in an equivalent class using recorded heart sounds with diaphragm.\nAllows you to more reliably and consistently hear heart sounds at lower frequencies (below 120Hz*) like Korotkoff sounds, Mitral Stenosis and S3 and S4 Gallops when compared to other leading stethoscopes.\nWeighs less** than other stethoscopes. ** Based on published weights of globally-available comparable stethoscopes in an equivalent class.\nErgonomic and high profile construction; 40% larger chestpiece and 60% deeper bell than the 3M Littmann Classic III Stethoscope\nTunable, dual-sided stainless steel chestpiece with open or closed bell; Non-chill bell sleeve for greater patient comfort\nDesigned for use with adult and pediatric patients\nSoft-sealing ear-tips provide optimal comfort and excellent sound occlusion\nDesigned and manufactured in the USA with globally-sourced materials; 7-year warranty",,,taxable,,1,,,0,0,,,,,1,,193.49,273.45,"Industrial and Scientific > Professional Medical Supplies > Diagnostics and Screening > Stethoscopes",,,"https://m.media-amazon.com/images/I/41ZfVZvNxRL.jpg, https://m.media-amazon.com/images/I/41ZfVZvNxRL.jpg",,,,,,,https://4anurse.com/?redirectAmzASIN=B07K2BP66B&redirect_prodid=amz-B07K2BP66B,,0,,,,,,,,,B07K2BP66B,com,999999,amz-B07K2BP66B,amazon,https://www.amazon.com/dp/B07K2BP66B/,1747064381,0,0,1,234,0,234,,0,0,1778970612,invalid,27
1076,external,,,"ADC 603IMCA Adscope Model 603 Premium Stainless Steel Clinician Stethoscope with Tunable AFD Technology, Lifetime Warranty, Iridescent Metallic Caribbean",1,0,visible,"INCREDIBLE ACOUSTICS: Proprietarty adjustable frequency design (AFD) technology enhances acoustic performance; use light pressure for low frequencies, firm pressure for high frequencies. Individually acoustic tested in the USA\nRUGGED: Combination chestpiece is precision CNC machined to exacting tolerances from surgical stainless steel. Non chill bell and diaphragm provide wide-frequency response and patient comfort\nCOMPACT & COMFORTABLE: Clinician headset features silicone reinforcing yoke molded into flexible phthalate-free PVC tubing, aluminum binaurals, and Adsoft Plus snap-on silicone eartips for the ultimate in wearing comfort and acoustic seal. Overall length 30 inches, weight 5.8 oz","[gallery]\n<!-- show up to 2 reviews by default --> <h3> <span>Product Description</span> </h3> <p> <span>One of our most popular acoustic scopes, the ADC Adscope 603 Clinician Stethoscope with AFD Technology combines outstanding performance with rugged durability. The combination diaphragm/bell chestpiece is precisely machined to exacting tolerances from surgical stainless steel. Use the ultra-sensitive diaphragm for greater amplification and crisper high-frequency transmission, or the extra-large bell for unsurpassed low-frequency response. The clinician headset features reinforcing yoke molded into flexible phthalate-free PVC tubing, stainless binaurals, and Adsoft Plus snap-on silicone eartips for the ultimate in wearing comfort and acoustic seal. Includes a scope ID tag and two additional pairs of Adsoft Plus eartips in a convenient storage case. Lifetime warranty and free parts forever.</span> </p> <h3> <span>Manufacturer Contact Information</span> </h3> <p> <span>1-800-232-2670</span> </p>\nINCREDIBLE ACOUSTICS: Proprietarty adjustable frequency design (AFD) technology enhances acoustic performance; use light pressure for low frequencies, firm pressure for high frequencies. Individually acoustic tested in the USA\nRUGGED: Combination chestpiece is precision CNC machined to exacting tolerances from surgical stainless steel. Non chill bell and diaphragm provide wide-frequency response and patient comfort\nCOMPACT & COMFORTABLE: Clinician headset features silicone reinforcing yoke molded into flexible phthalate-free PVC tubing, aluminum binaurals, and Adsoft Plus snap-on silicone eartips for the ultimate in wearing comfort and acoustic seal. Overall length 30 inches, weight 5.8 oz\nACCESSORIES INCLUDED: 2 additional pairs of Adsoft Plus eartips, accessory storage pouch, and a complimentary scope ID tag\nLIFETIME WARRANTY: Includes complimentary refurbishment and free parts forever. Assembled, inspected, and packaged in the USA",,,taxable,,1,,,0,0,,,,,1,,,73.22,"Industrial and Scientific > Professional Medical Supplies > Diagnostics and Screening > Stethoscopes",,,"https://m.media-amazon.com/images/I/41VQjUtCN8L.jpg, https://m.media-amazon.com/images/I/41VQjUtCN8L.jpg",,,,,,,https://4anurse.com/?redirectAmzASIN=B07GJS7ZS9&redirect_prodid=amz-B07GJS7ZS9,,0,,,,,,,,,B07GJS7ZS9,com,999999,amz-B07GJS7ZS9,amazon,https://www.amazon.com/dp/B07GJS7ZS9/,1747064385,0,0,1,214,0,214,,0,0,1778970612,invalid,21
1078,external,,,"Littmann Classic II S.E. Lightweight Stethoscope, Black",1,0,visible,"Lightest weight of all Littmann adult stethoscopes at just 118 grams\nDual-sided chestpiece provides versatility of both a tunable diaphragm and open bell\nTeardrop-shaped chestpiece for easier positioning under blood pressure cuffs and around bandages, tunable diaphragm: Hear high or low frequency sounds by slightly adjusting pressure on the chestpiece","<!-- show up to 2 reviews by default --> <p> <span>Used as a diagnostic aid as part of the physical assessment of a patient. Ideally suited for certified nursing assistants, licensed practical nurses, EMT/EMS, licensed vocational nurses, medical assistants and nursing students</span> </p>\nLightest weight of all Littmann adult stethoscopes at just 118 grams\nDual-sided chestpiece provides versatility of both a tunable diaphragm and open bell\nTeardrop-shaped chestpiece for easier positioning under blood pressure cuffs and around bandages, tunable diaphragm: Hear high or low frequency sounds by slightly adjusting pressure on the chestpiece\nSoft-sealing eartips provide an excellent acoustic seal and comfortable fit\nColor: Black, non-latex, made in the USA",,,taxable,,1,,,0,0,,,,,1,,,102.19,"Industrial and Scientific > Professional Medical Supplies > Diagnostics and Screening > Stethoscopes",,,"https://m.media-amazon.com/images/I/31vClpLl22L.jpg, https://m.media-amazon.com/images/I/31vClpLl22L.jpg",,,,,,,https://4anurse.com/?redirectAmzASIN=B07HL5HX1L&redirect_prodid=amz-B07HL5HX1L,,0,,,,,,,,,B07HL5HX1L,com,999999,amz-B07HL5HX1L,amazon,https://www.amazon.com/dp/B07HL5HX1L/,1747064390,0,0,1,242,0,242,,0,0,1778970612,invalid,11
1080,external,,,"MDF Instruments, Pulse Time 2-in-1 Digital LCD Clock and Single Head Stethoscope - Purple (MDF740-08)",1,0,visible,"TRUSTED by Medical Providers - Doctors, Nurses, Students, Home Health since 1971 | Backed by our Full Lifetime Warranty & Free-Parts-For-Life Program | Latex-Free\nDIGITAL ANALOG CLOCK built into the chestpiece. This patented design allows you to conveniently take measurements without a watch, leaving you the chance to connect with your patients and not your watch.\nADULT stethoscope for adult diagnostics, that delivers accurate transmission of heart, lung, and stomach (gastrointestinal, bowel, etc.) sounds, and blood pressure flow (Korotkoff) sounds with acoustic integrity and clarity.","[gallery]\nTRUSTED by Medical Providers - Doctors, Nurses, Students, Home Health since 1971 | Backed by our Full Lifetime Warranty & Free-Parts-For-Life Program | Latex-Free\nDIGITAL ANALOG CLOCK built into the chestpiece. This patented design allows you to conveniently take measurements without a watch, leaving you the chance to connect with your patients and not your watch.\nADULT stethoscope for adult diagnostics, that delivers accurate transmission of heart, lung, and stomach (gastrointestinal, bowel, etc.) sounds, and blood pressure flow (Korotkoff) sounds with acoustic integrity and clarity.\nLIGHTWEIGHT without compromising sound performance and quality\nINCLUDES 3 pairs of MDF ComfortSeal Soft Silicone eartips in sizes small, medium and large, for a personalized and accurate fit.",,,taxable,,1,,,0,0,,,,,1,,,59.99,"Industrial and Scientific > Professional Medical Supplies > Diagnostics and Screening > Stethoscopes",,,"https://m.media-amazon.com/images/I/41RLZF9BtXL.jpg, https://m.media-amazon.com/images/I/41RLZF9BtXL.jpg",,,,,,,https://4anurse.com/?redirectAmzASIN=B000VXENHC&redirect_prodid=amz-B000VXENHC,,0,,,,,,,,,B000VXENHC,com,999999,amz-B000VXENHC,amazon,https://www.amazon.com/dp/B000VXENHC/,1747064393,0,0,1,230,0,230,,0,0,1778970612,invalid,11
1082,external,,,"3M Littmann Cardiology IvTM 27""; Stethoscope Hunter Green",1,0,visible,"Country Of Origin: United States\nModel Number: 70200789488\nItem Package Dimension: 14.8425196699"" L x 6.8503936938"" W x 1.8503936989"" H","[gallery]\n<!-- show up to 2 reviews by default -->\nCountry Of Origin: United States\nModel Number: 70200789488\nItem Package Dimension: 14.8425196699"" L x 6.8503936938"" W x 1.8503936989"" H\nItem Package Weight: 0.9700339528 lb",,,taxable,,1,,,0,0,,,,,1,,,242.96,"Industrial and Scientific > Professional Medical Supplies > Diagnostics and Screening > Stethoscopes",,,"https://m.media-amazon.com/images/I/316L851BnbL.jpg, https://m.media-amazon.com/images/I/316L851BnbL.jpg",,,,,,,https://4anurse.com/?redirectAmzASIN=B01CHMUN3M&redirect_prodid=amz-B01CHMUN3M,,0,,,,,,,,,B01CHMUN3M,com,999999,amz-B01CHMUN3M,amazon,https://www.amazon.com/dp/B01CHMUN3M/,1747064401,0,0,1,232,0,232,,0,0,1778970612,invalid,14
1084,external,,,"MDF Instruments, RoseGold MD One Stainless Steel Stethoscope, Adult, Black Tube, RoseGold Chestpieces-Headset, MDF777RG11",1,0,visible,"TRUSTED by Doctors, Nurses, Students, Home Health, Medical Providers since 1971 | Backed by our Full Lifetime Warranty & Free-Parts-For-Life Program | Latex-Free\nMD ONE line is known for performance, durability and aesthetics. Constructed from acoustically-superior stainless steel. Makes a great gift with over 20 color variations to choose from.\nCHESTPIECE: dual head stethoscope for adult diagnostics that delivers accurate transmission of heart, lung, and stomach (gastrointestinal, bowel, etc.) sounds, and blood pressure flow (Korotkoff) sounds with acoustic integrity and clarity in doctor, nurse, student, etc. clinical settings or home settings. TRUE BELL & TRUE DIAPHRAGM: designed with a turnable, fully rotating stem for diaphragm and bell side to capture high or low frequency sounds as needed.","[gallery]\nTRUSTED by Doctors, Nurses, Students, Home Health, Medical Providers since 1971 | Backed by our Full Lifetime Warranty & Free-Parts-For-Life Program | Latex-Free\nMD ONE line is known for performance, durability and aesthetics. Constructed from acoustically-superior stainless steel. Makes a great gift with over 20 color variations to choose from.\nCHESTPIECE: dual head stethoscope for adult diagnostics that delivers accurate transmission of heart, lung, and stomach (gastrointestinal, bowel, etc.) sounds, and blood pressure flow (Korotkoff) sounds with acoustic integrity and clarity in doctor, nurse, student, etc. clinical settings or home settings. TRUE BELL & TRUE DIAPHRAGM: designed with a turnable, fully rotating stem for diaphragm and bell side to capture high or low frequency sounds as needed.\nPATENTS to maximize sound performance, durability and comfort for extended use, including our ErgonoMax Headset with dual-leaf spring construction, patented Acoustic Pyramid Chamber and patented SafetyLock Eartip adaptors that are non-invasive and lead the industry in user safety.\nTUBING that is flexible and thicker for better sound transmission, longer for your comfort and latex free. INCLUDES: 3 pairs of ComfortSeal soft silicone eartips in sizes small, medium and large, extra diaphragm and ID tag.",,,taxable,,1,,,0,0,,,,,1,,,89.99,"Industrial and Scientific > Professional Medical Supplies > Diagnostics and Screening > Stethoscopes",,,"https://m.media-amazon.com/images/I/31tctDSEOHL.jpg, https://m.media-amazon.com/images/I/31tctDSEOHL.jpg",,,,,,,https://4anurse.com/?redirectAmzASIN=B00VSNG8NG&redirect_prodid=amz-B00VSNG8NG,,0,,,,,,,,,B00VSNG8NG,com,999999,amz-B00VSNG8NG,amazon,https://www.amazon.com/dp/B00VSNG8NG/,1747064406,0,0,1,283,0,283,,0,0,1778970612,invalid,13
1086,external,,,"Littmann Cardiology IV Stethoscope- 6168- Navy/Black",1,0,visible,"Diagnose and make decisions with confidence\nHear subtle changes in patient status\nUseful in critical care and challenging environments such as the ED, ICU, Cardiac ICU, step-down unit and other dynamic locations","[gallery]\n<!-- show up to 2 reviews by default --> <p> <span>Diagnose and make decisions with confidence Hear subtle changes in patient status Useful in critical care and challenging environments such as the ED, ICU, Cardiac ICU, step-down unit and other dynamic locations 7-year warranty</span> </p>\nDiagnose and make decisions with confidence\nHear subtle changes in patient status\nUseful in critical care and challenging environments such as the ED, ICU, Cardiac ICU, step-down unit and other dynamic locations\nErgonomic and high profile construction; 40% larger chestpiece and 60% deeper bell than the 3M Littmann Classic III Stethoscope",,,taxable,,1,,,0,0,,,,,1,,,199.99,"Industrial and Scientific > Professional Medical Supplies > Diagnostics and Screening > Stethoscopes",,,"https://m.media-amazon.com/images/I/31FlEjQDuLL.jpg, https://m.media-amazon.com/images/I/31FlEjQDuLL.jpg",,,,,,,https://4anurse.com/?redirectAmzASIN=B00M7QPXWA&redirect_prodid=amz-B00M7QPXWA,,0,,,,,,,,,B00M7QPXWA,com,999999,amz-B00M7QPXWA,amazon,https://www.amazon.com/dp/B00M7QPXWA/,1747064409,0,0,1,249,0,250,,0,0,1778970612,invalid,17
1088,external,,,"3M Littmann Classic II Pediatric Stethoscope, 2119, Stainless Steel Chestpiece, 28"" Caribbean Blue Tube",1,0,visible,"Dual-sided chestpiece with small 3.3cm diaphragm is ideal for pediatric patients.\nVersatile chestpiece design provides high acoustic sensitivity with both a floating diaphragm and open bell.\nNon-chill rim and diaphragm provide patient comfort.","[gallery]\n<!-- show up to 2 reviews by default --> <p> <span>The 3M™ Littmann® Classic II Pediatric Stethoscope is based on the proven design of Littmann Classic stethoscopes. It’s a dependable, hard working clinical tool for physical assessment, monitoring, and diagnosis of smaller patients.</span> </p>\nDual-sided chestpiece with small 3.3cm diaphragm is ideal for pediatric patients.\nVersatile chestpiece design provides high acoustic sensitivity with both a floating diaphragm and open bell.\nNon-chill rim and diaphragm provide patient comfort.\nSoft-sealing eartips provide an excellent acoustic seal and comfortable fit.\nHeadset is easily adjusted for individual fit and comfort. Angled eartubes align with ear canals.",,,taxable,,1,,,0,0,,,,,1,,,97.46,"Industrial and Scientific > Professional Medical Supplies > Diagnostics and Screening > Stethoscopes",,,"https://m.media-amazon.com/images/I/31JP3TtcomL.jpg, https://m.media-amazon.com/images/I/31JP3TtcomL.jpg",,,,,,,https://4anurse.com/?redirectAmzASIN=B000F4UP10&redirect_prodid=amz-B000F4UP10,,0,,,,,,,,,B000F4UP10,com,999999,amz-B000F4UP10,amazon,https://www.amazon.com/dp/B000F4UP10/,1747064414,0,0,1,250,0,250,,0,0,1778970612,invalid,11
1090,external,,,"3M Littmann Classic II Infant Stethoscope, 2157, Stainless Steel Rainbow-Finish Chestpiece, 28"" Raspberry Tube, Brass Stem, and Headset",1,0,visible,"Dual-sided chestpiece with small 2.7cm diaphragm is ideal for pediatric patients.\nVersatile chestpiece design provides high acoustic sensitivity with both a floating diaphragm and open bell.\nNon-chill rim and diaphragm provide patient comfort.","[gallery]\n<!-- show up to 2 reviews by default --> <h3> <span>Product Description</span> </h3> <p> <span>The 3M™ Littmann® Classic II Infant Stethoscope is based on the proven design of Littmann Classic stethoscopes. It’s a dependable, hard working clinical tool for physical assessment, monitoring, and diagnosis of the smallest patients. </span></p><p><span>The 3M™ Littmann® Classic II Infant Stethoscope is specially designed for use on the smallest patients. It delivers high acoustic sensitivity, through its dual-sided chestpiece, for both high and low frequency sounds. It is used by medical professionals and students alike to identify, listen to, and study heart, lung, and other body sounds for physical assessment and diagnosis in infant patients. </span></p><p><span>Headset tension is easily adjusted for head size and comfort by squeezing together or pulling apart the eartubes. Snap-tight, soft-sealing eartips conform to individual ears for an excellent acoustic seal and comfortable fit. Eartips snap firmly onto the ends of the eartubes and, for safety, require a significant effort to remove. </span></p><p><span>Resilient next-generation tubing retains its shape and flexibility even after folding tightly into a pocket. It provides longer stethoscope life due to improved resistance to skin oils and alcohol, and is less likely to pick up stains. Next-generation tubing is not made with natural rubber latex, a benefit to sensitive medical professionals and their patients. And, to play its part in the protection of human health and the environment, the next-generation tubing does not contain phthalate plasticizers. </span></p><p><span>The Classic II Infant stethoscope is made in the USA for consistent quality. It comes complete with large soft-sealing eartips, large firm eartips, and instructions. </span></p><p><span>Put the power of improved listening in your pocket with the Littmann Learning App. This powerful app is designed to help users better recognize benign and pathological heart sounds, murmurs, and lung sounds. It reinforces learning by offering self-directed learning modules directly on your phone. You can download the free Littmann Learning App now from the App Store® or Google Play Store®. *Expanded content is available with a subscription.</span></p> <p></p> <h3> <span>Manufacturer Contact Information</span> </h3> <p> <span>651-575-5000</span> </p>\nDual-sided chestpiece with small 2.7cm diaphragm is ideal for pediatric patients.\nVersatile chestpiece design provides high acoustic sensitivity with both a floating diaphragm and open bell.\nNon-chill rim and diaphragm provide patient comfort.\nSoft-sealing eartips provide an excellent acoustic seal and comfortable fit.\nHeadset is easily adjusted for individual fit and comfort. Angled eartubes align with ear canals.",,,taxable,,1,,,0,0,,,,,1,,,191.19,"Industrial and Scientific > Professional Medical Supplies > Diagnostics and Screening > Stethoscopes",,,"https://m.media-amazon.com/images/I/31iQNcpfFpL.jpg, https://m.media-amazon.com/images/I/31iQNcpfFpL.jpg",,,,,,,https://4anurse.com/?redirectAmzASIN=B002JPSYSE&redirect_prodid=amz-B002JPSYSE,,0,,,,,,,,,B002JPSYSE,com,999999,amz-B002JPSYSE,amazon,https://www.amazon.com/dp/B002JPSYSE/,1747064418,0,0,1,251,0,251,,0,0,1778970612,invalid,16
1092,external,,,"3M Littmann Classic II Pediatric Stethoscope, 2153, Stainless Steel Rainbow-Finish Chestpiece, 28"" Caribbean Blue Tube, Brass Stem, and Headset",1,0,visible,"Dual-sided chestpiece with small 3.3cm diaphragm is ideal for pediatric patients.\nVersatile chestpiece design provides high acoustic sensitivity with both a floating diaphragm and open bell.\nNon-chill rim and diaphragm provide patient comfort.","[gallery]\n<!-- show up to 2 reviews by default --> <p> <span>The 3M™ Littmann® Classic II Pediatric Stethoscope is based on the proven design of Littmann Classic stethoscopes. It’s a dependable, hard working clinical tool for physical assessment, monitoring, and diagnosis of smaller patients. </span></p><p><span>The 3M™ Littmann® Classic II Pediatric Stethoscope is specially designed for use on smaller patients. It delivers high acoustic sensitivity, through its dual-sided chestpiece, for both high and low frequency sounds. It is used by medical professionals and students alike to identify, listen to, and study heart, lung, and other body sounds for physical assessment and diagnosis in pediatric patients. </span></p><p><span>Headset tension is easily adjusted for head size and comfort by squeezing together or pulling apart the eartubes. Snap-tight, soft-sealing eartips conform to individual ears for an excellent acoustic seal and comfortable fit. Eartips snap firmly onto the ends of the eartubes and, for safety, require a significant effort to remove. </span></p><p><span>Resilient next-generation tubing retains its shape and flexibility even after folding tightly into a pocket. It provides longer stethoscope life due to improved resistance to skin oils and alcohol, and is less likely to pick up stains. Next-generation tubing is not made with natural rubber latex, a benefit to sensitive medical professionals and their patients. And, to play its part in the protection of human health and the environment, the next-generation tubing does not contain phthalate plasticizers. </span></p><p><span>The Classic II Pediatric stethoscope is made in the USA for consistent quality. It comes complete with large soft-sealing eartips, large firm eartips, and instructions. </span></p><p><span>Put the power of improved listening in your pocket with the Littmann Learning App. This powerful app is designed to help users better recognize benign and pathological heart sounds, murmurs, and lung sounds. It reinforces learning by offering self-directed learning modules directly on your phone. You can download the free Littmann Learning App now from the App Store® or Google Play Store®. *Expanded content is available with a subscription.</span></p> <p></p>\nDual-sided chestpiece with small 3.3cm diaphragm is ideal for pediatric patients.\nVersatile chestpiece design provides high acoustic sensitivity with both a floating diaphragm and open bell.\nNon-chill rim and diaphragm provide patient comfort.\nSoft-sealing eartips provide an excellent acoustic seal and comfortable fit.\nHeadset is easily adjusted for individual fit and comfort. Angled eartubes align with ear canals.",,,taxable,,1,,,0,0,,,,,1,,107.16,132.22,"Industrial and Scientific > Professional Medical Supplies > Diagnostics and Screening > Stethoscopes",,,"https://m.media-amazon.com/images/I/31Le6zMT4eL.jpg, https://m.media-amazon.com/images/I/31Le6zMT4eL.jpg",,,,,,,https://4anurse.com/?redirectAmzASIN=B004W744TA&redirect_prodid=amz-B004W744TA,,0,,,,,,,,,B004W744TA,com,999999,amz-B004W744TA,amazon,https://www.amazon.com/dp/B004W744TA/,1747064423,0,0,1,237,0,237,,0,0,1778970612,invalid,9
1094,external,,,"3M Littmann Classic III Monitoring Stethoscope, 5622, More Than 2X as Loud, Weighs Less, Stainless Steel Chestpiece, 27' Navy Blue Tube",1,0,visible,"Monitor and assess a wide range of patients and detect normal and abnormal sounds and rhythms\nUseful in non-critical care environments such as a medical office, general ward, OB/GYN, ambulatory clinic or urgent care\nMore than twice as loud* as the next leading stethoscope. *Based on tests against globally-available comparable stethoscopes in an equivalent class using recorded heart sounds with diaphragm.","[gallery]\n<!-- show up to 2 reviews by default --> <h3> <span>Product Description</span> </h3> <p> </p><p><span class=""a-text-bold"">Love your stethoscope</span><span> <br> The compact and sensitive Littmann Classic III stethoscope is the perfect instrument for clinicians who monitor and assess children or adults in non-critical environments. Manufactured with strong yet lightweight materials for hours of comfortable use.<br></span></p><p><span>The 3M™ Littmann® Classic III™ Stethoscope is the latest version of the stethoscope that helps millions of medical professionals achieve their best. The Classic III stethoscope offers high acoustic sensitivity for exceptional performance, plus a versatile two-sided chestpiece with tunable diaphragms. The Classic III stethoscope is used by students and medical professionals alike to identify, listen to, and study heart, lung, and other body sounds for physical assessment, patient monitoring, and diagnosis.</span></p><p><span>Tunable diaphragm technology—a 3M invention—lets clinicians hear different frequency sounds by simply adjusting the pressure on the chestpiece. Hold the chestpiece with light pressure to hear low frequency sounds; press a little more to hear higher frequency sounds. This time-saving feature allows the healthcare provider to focus on the patient, while the non-chill diaphragm provides patient comfort.</span></p><p><span>Headset tension is easily adjusted for head size and comfort by squeezing together or pulling apart the eartubes. Snap-tight, soft-sealing eartips conform to individual ears for an excellent acoustic seal and comfortable fit. Eartips snap firmly onto the ends of the eartubes and, for safety, require a significant effort to remove.</span></p><p><span>Resilient next-generation tubing retains its shape and flexibility even after folding tightly into a pocket. It provides longer stethoscope life due to improved resistance to skin oils and alcohol, and is less likely to pick up stains. Next-generation tubing is not made with natural rubber latex, a benefit to sensitive medical professionals and their patients. And, to play its part in the protection of human health and the environment, the next-generation tubing does not contain phthalate plasticizers.</span></p><p><span>The Classic III stethoscope is made in the USA for consistent quality. It comes complete with large and small soft-sealing eartips, non-chill bell sleeve, and instructions.</span></p><p><span>Put the power of improved listening in your pocket with the Littmann Learning App. This powerful app is designed to help users better recognize benign and pathological heart sounds, murmurs, and lung sounds. It reinforces learning by offering self-directed learning modules directly on your phone. You can download the free Littmann Learning App now from the App Store® or Google Play Store®. *Expanded content is available with a subscription.</span></p> <p></p> <h3> <span>Manufacturer Contact Information</span> </h3> <p> <span>18002283957</span> </p>\nMonitor and assess a wide range of patients and detect normal and abnormal sounds and rhythms\nUseful in non-critical care environments such as a medical office, general ward, OB/GYN, ambulatory clinic or urgent care\nMore than twice as loud* as the next leading stethoscope. *Based on tests against globally-available comparable stethoscopes in an equivalent class using recorded heart sounds with diaphragm.\nAllows you to more reliably and consistently hear heart sounds at lower frequencies (below 120Hz*) like Korotkoff sounds, Mitral Stenosis and S3 and S4 Gallops when compared to other leading stethoscopes. *Based on tests against globally-available comparable stethoscopes in an equivalent class using recorded heart sounds with diaphragm.\nWeighs less** than other stethoscopes. ** Based on published weights of globally-available comparable stethoscopes in an equivalent class.\nFun and vibrant; match color and finish to your personality\nDesigned for use with adult and pediatric patients\nTunable, dual-sided stainless steel chestpiece with open or closed bell and non-chill bell sleeve for greater patient comfort\nSoft-sealing ear-tips provide optimal comfort and excellent sound occlusion\nDesigned and manufactured in the USA with globally-sourced materials; 5-year warranty",,,taxable,,1,,,0,0,,,,,1,,108.16,118.25,"Industrial and Scientific > Professional Medical Supplies > Diagnostics and Screening > Stethoscopes",,,"https://m.media-amazon.com/images/I/31k5SwhyFqL.jpg, https://m.media-amazon.com/images/I/31k5SwhyFqL.jpg",,,,,,,https://4anurse.com/?redirectAmzASIN=B00PCQWK2I&redirect_prodid=amz-B00PCQWK2I,,0,,,,,,,,,B00PCQWK2I,com,999999,amz-B00PCQWK2I,amazon,https://www.amazon.com/dp/B00PCQWK2I/,1747064427,0,0,1,251,1,251,,0,0,1778970612,invalid,11
1096,external,,,"3M Littmann Cardiology IV Diagnostic Stethoscope, 6201, More Than 2X as Loud, Weighs Less",1,0,visible,"Diagnose and make decisions with confidence and hear subtle changes in patient status\nUseful in critical care and challenging environments such as the ED, ICU, Cardiac ICU, step-down unit and other dynamic locations\nMore than twice as loud* as the next leading stethoscope. *Based on tests against globally-available comparable stethoscopes in an equivalent class using recorded heart sounds with diaphragm.","[gallery]\n<!-- show up to 2 reviews by default --> <h3> <span>Product Description</span> </h3> <p> <span class=""a-text-bold"">Built to hear more</span><span> <br> Sturdy and refined, the Littmann Cardiology IV helps isolate subtle sounds</span><span><sup>2</sup></span><span> so you can hear changes in your patients in the most critical and challenging environments. Designed to help you listen for hard-to-hear sounds, including aortic stenosis, S3 gallop murmurs and faint pulmonary anomalies. <br> Useful in critical care and challenging environments <br> Such as the ED, ICU, Cardiac ICU, step-down unit and other dynamic locations <br> <br> Hear subtle changes in patient status. <br> <br> Diagnose and make decisions with confidence. <br> <br> </span></p><p><span>Put the power of improved listening in your pocket with the Littmann Learning App. This powerful app is designed to help users better recognize benign and pathological heart sounds, murmurs, and lung sounds. It reinforces learning by offering self-directed learning modules directly on your phone. You can download the free Littmann Learning App now from the App Store® or Google Play Store®. *Expanded content is available with a subscription.</span></p><span> <br> <br> </span><span><sup>2</sup></span><span>Better audibility of high-frequency sounds (adult side, firm pressure) compared to Cardiology III can help you learn more about your patient’s condition</span> <p></p> <h3> <span>Manufacturer Contact Information</span> </h3> <p> <span>1-800-228-3957</span> </p>\nDiagnose and make decisions with confidence and hear subtle changes in patient status\nUseful in critical care and challenging environments such as the ED, ICU, Cardiac ICU, step-down unit and other dynamic locations\nMore than twice as loud* as the next leading stethoscope. *Based on tests against globally-available comparable stethoscopes in an equivalent class using recorded heart sounds with diaphragm.\nAllows you to more reliably and consistently hear heart sounds at lower frequencies (below 120Hz*) like Korotkoff sounds, Mitral Stenosis and S3 and S4 Gallops when compared to other leading stethoscopes.\nWeighs less** than other stethoscopes. ** Based on published weights of globally-available comparable stethoscopes in an equivalent class.\nErgonomic and high profile construction; 40% larger chestpiece and 60% deeper bell than the 3M Littmann Classic III Stethoscope\nTunable, dual-sided stainless steel chestpiece with open or closed bell; Non-chill bell sleeve for greater patient comfort\nDesigned for use with adult and pediatric patients\nSoft-sealing ear-tips provide optimal comfort and excellent sound occlusion\nDesigned and manufactured in the USA with globally-sourced materials; 7-year warranty",,,taxable,,1,,,0,0,,,,,1,,193.49,273.45,"Industrial and Scientific > Professional Medical Supplies > Diagnostics and Screening > Stethoscopes",,,"https://m.media-amazon.com/images/I/41IZVA1-PHL.jpg, https://m.media-amazon.com/images/I/41IZVA1-PHL.jpg",,,,,,,https://4anurse.com/?redirectAmzASIN=B07K2DB7MQ&redirect_prodid=amz-B07K2DB7MQ,,0,,,,,,,,,B07K2DB7MQ,com,999999,amz-B07K2DB7MQ,amazon,https://www.amazon.com/dp/B07K2DB7MQ/,1747064432,0,0,1,243,0,243,,0,0,1778970612,invalid,10
1098,external,,,"3M Littmann Lightweight II S.E. Stethoscope, 2456, 28"" Pearl Pink Tube",1,0,visible,"Lightest weight of all Littmann adult stethoscopes at just 118 grams.\nDual-sided chestpiece provides versatility of both a tunable diaphragm and open bell.\nTeardrop-shaped chestpiece for easier positioning under blood pressure cuffs and around bandages.","[gallery]\n<!-- show up to 2 reviews by default --> <h3> <span>Product Description</span> </h3> <p> <span>The 3M™ Littmann® Lightweight II S.E. Stethoscope is an ideal entry level instrument, with a tunable diaphragm, dual sided chestpiece, and reliable acoustic performance. Its teardrop shape makes auscultation around blood pressure cuffs easier. </span></p><p><span>The 3M™ Littmann® Lightweight II S.E. Stethoscope provides reliable acoustic performance for taking blood pressure readings and making limited physical assessments of adult patients. Weighing just 118 grams, it’s the lightest of all Littmann adult stethoscopes, making it more comfortable for caregivers who wear their stethoscopes all day long. </span></p><p><span>The Lightweight II S.E. stethoscope is an entry-level instrument that offers a surprising number of beyond-the-basics features such as a tunable diaphragm, dual-sided chestpiece, and adjustable headset. It’s a good choice for medical professionals such as LPNs, licensed vocational nurses, certified nursing assistants, and nursing students. </span></p><p><span>Tunable diaphragm technology—a 3M invention—lets clinicians hear different frequency sounds by simply adjusting the pressure on the chestpiece. Hold the chestpiece with light pressure to hear low frequency sounds; press a little more to hear higher frequency sounds. This time-saving feature allows the healthcare provider to focus on the patient, while the non-chill diaphragm and rim provide patient comfort. </span></p><p><span>Resilient tubing retains its shape and flexibility even after folding tightly into a pocket. Headset tension is easily adjusted for head size and comfort by squeezing together or pulling apart the eartubes. Snap-tight, soft-sealing eartips conform to individual ears for an excellent acoustic seal and comfortable fit. Eartips snap firmly onto the ends of the eartubes and, for safety, require a significant effort to remove. </span></p><p><span>Next-generation tubing is not made with natural rubber latex, a benefit to sensitive medical professionals and their patients. And, to play its part in the protection of human health and the environment, the next-generation tubing does not contain phthalate plasticizers. </span></p><p><span>The Lightweight II S.E. stethoscope is made in the USA for consistent quality. It comes complete with large soft-sealing eartips and instructions. </span></p><p><span>Put the power of improved listening in your pocket with the Littmann Learning App. This powerful app is designed to help users better recognize benign and pathological heart sounds, murmurs, and lung sounds. It reinforces learning by offering self-directed learning modules directly on your phone. You can download the free Littmann Learning App now from the App Store® or Google Play Store®. *Expanded content is available with a subscription.</span></p> <p></p> <h3> <span>Manufacturer Contact Information</span> </h3> <p> <span>1-800-228-3957</span> </p>\nLightest weight of all Littmann adult stethoscopes at just 118 grams.\nDual-sided chestpiece provides versatility of both a tunable diaphragm and open bell.\nTeardrop-shaped chestpiece for easier positioning under blood pressure cuffs and around bandages.\nTunable diaphragm: Hear high or low frequency sounds by slightly adjusting pressure on the chestpiece.\nSoft-sealing eartips provide an excellent acoustic seal and comfortable fit.",,,taxable,,1,,,0,0,,,,,1,,,59.5,"Industrial and Scientific > Professional Medical Supplies > Diagnostics and Screening > Stethoscopes",,,"https://m.media-amazon.com/images/I/31RKPnDAWUL.jpg, https://m.media-amazon.com/images/I/31RKPnDAWUL.jpg",,,,,,,https://4anurse.com/?redirectAmzASIN=B004QEZ3GW&redirect_prodid=amz-B004QEZ3GW,,0,,,,,,,,,B004QEZ3GW,com,999999,amz-B004QEZ3GW,amazon,https://www.amazon.com/dp/B004QEZ3GW/,1747064436,0,0,1,241,0,241,,0,0,1778970612,invalid,15
1100,external,,,"Dixie EMS Blood Pressure and Sprague Stethoscope Kit - Teal",1,0,visible,"A DELUXE KIT PERFECT FOR DOCTORS & NURSES - Two pieces of high quality medical equipment come bundled together in one convenient package. Dixie EMS offers their high quality aneroid sphygmomanometer adult blood pressure cuff along with a sprague rappaport stethoscope. In addition, your order comes with a complete accessory kit and a deluxe carrying case.\nLATEX FREE BLOOD PRESSURE CUFF - Designed to fit adult arms between 10"" and 16"" in circumference. The PVC inflation bag allows for both precise and rapid thanks to its two types of air release valves; screw type & push type. So convenient, it can be operated easily with a single finger or thumb.\nHIGH CONTRAST & EASY TO READ DIAL - The high contrast dial on the aluminum alloy manometer allows the use to easily read blood pressure measurements with quality and accuracy. The dial features a sturdy clip that attaches to clothing or belts when not in use.","[gallery]\nA DELUXE KIT PERFECT FOR DOCTORS & NURSES - Two pieces of high quality medical equipment come bundled together in one convenient package. Dixie EMS offers their high quality aneroid sphygmomanometer adult blood pressure cuff along with a sprague rappaport stethoscope. In addition, your order comes with a complete accessory kit and a deluxe carrying case.\nLATEX FREE BLOOD PRESSURE CUFF - Designed to fit adult arms between 10"" and 16"" in circumference. The PVC inflation bag allows for both precise and rapid thanks to its two types of air release valves; screw type & push type. So convenient, it can be operated easily with a single finger or thumb.\nHIGH CONTRAST & EASY TO READ DIAL - The high contrast dial on the aluminum alloy manometer allows the use to easily read blood pressure measurements with quality and accuracy. The dial features a sturdy clip that attaches to clothing or belts when not in use.\nDUAL-HEAD SPRAGUE STETHOSCOPE - Designed for patients of all ages, the sprague stethoscope is great for nurses, doctors, and medical students looking for a high quality stethoscope. The eartubes are designed to be flexible and adjustable to ensure the most comfortable possible fit for the user, and the extra earpieces provided can be swapped out for a custom fit.\nCARRYING CASE INCLUDED - The convenient carrying case will keep your equipment secure when not in use. The zippered design is secure and water resistant, allowing you to transport your equipment easily.",,,taxable,,1,,,0,0,,,,,1,,,24.95,"Industrial and Scientific > Professional Medical Supplies",,,"https://m.media-amazon.com/images/I/41Wva9qlCmL.jpg, https://m.media-amazon.com/images/I/41Wva9qlCmL.jpg",,,,,,,https://4anurse.com/?redirectAmzASIN=B01MTAHF1C&redirect_prodid=amz-B01MTAHF1C,,0,,,,,,,,,B01MTAHF1C,com,999999,amz-B01MTAHF1C,amazon,https://www.amazon.com/dp/B01MTAHF1C/,1747064441,0,0,1,232,0,232,,0,0,1778970612,invalid,13
1102,external,,,"3M Littmann Classic III Monitoring Stethoscope, 5633, More Than 2X as Loud, Weighs Less, Stainless Steel Chestpiece, 27' Pearl Pink Tube",1,0,visible,"Monitor and assess a wide range of patients and detect normal and abnormal sounds and rhythms\nUseful in non-critical care environments such as a medical office, general ward, OB/GYN, ambulatory clinic or urgent care\nMore than twice as loud* as the next leading stethoscope. *Based on tests against globally-available comparable stethoscopes in an equivalent class using recorded heart sounds with diaphragm.","[gallery]\n<!-- show up to 2 reviews by default --> <h3> <span>Product Description</span> </h3> <p> </p><p><span class=""a-text-bold"">Love your stethoscope</span><span> <br> The compact and sensitive Littmann Classic III stethoscope is the perfect instrument for clinicians who monitor and assess children or adults in non-critical environments. Manufactured with strong yet lightweight materials for hours of comfortable use.<br></span></p><p><span>The 3M™ Littmann® Classic III™ Stethoscope is the latest version of the stethoscope that helps millions of medical professionals achieve their best. The Classic III stethoscope offers high acoustic sensitivity for exceptional performance, plus a versatile two-sided chestpiece with tunable diaphragms. The Classic III stethoscope is used by students and medical professionals alike to identify, listen to, and study heart, lung, and other body sounds for physical assessment, patient monitoring, and diagnosis.</span></p><p><span>Tunable diaphragm technology—a 3M invention—lets clinicians hear different frequency sounds by simply adjusting the pressure on the chestpiece. Hold the chestpiece with light pressure to hear low frequency sounds; press a little more to hear higher frequency sounds. This time-saving feature allows the healthcare provider to focus on the patient, while the non-chill diaphragm provides patient comfort.</span></p><p><span>Headset tension is easily adjusted for head size and comfort by squeezing together or pulling apart the eartubes. Snap-tight, soft-sealing eartips conform to individual ears for an excellent acoustic seal and comfortable fit. Eartips snap firmly onto the ends of the eartubes and, for safety, require a significant effort to remove.</span></p><p><span>Resilient next-generation tubing retains its shape and flexibility even after folding tightly into a pocket. It provides longer stethoscope life due to improved resistance to skin oils and alcohol, and is less likely to pick up stains. Next-generation tubing is not made with natural rubber latex, a benefit to sensitive medical professionals and their patients. And, to play its part in the protection of human health and the environment, the next-generation tubing does not contain phthalate plasticizers.</span></p><p><span>The Classic III stethoscope is made in the USA for consistent quality. It comes complete with large and small soft-sealing eartips, non-chill bell sleeve, and instructions.</span></p><p><span>Put the power of improved listening in your pocket with the Littmann Learning App. This powerful app is designed to help users better recognize benign and pathological heart sounds, murmurs, and lung sounds. It reinforces learning by offering self-directed learning modules directly on your phone. You can download the free Littmann Learning App now from the App Store® or Google Play Store®. *Expanded content is available with a subscription.</span></p> <p></p> <h3> <span>Manufacturer Contact Information</span> </h3> <p> <span>18002283957</span> </p>\nMonitor and assess a wide range of patients and detect normal and abnormal sounds and rhythms\nUseful in non-critical care environments such as a medical office, general ward, OB/GYN, ambulatory clinic or urgent care\nMore than twice as loud* as the next leading stethoscope. *Based on tests against globally-available comparable stethoscopes in an equivalent class using recorded heart sounds with diaphragm.\nAllows you to more reliably and consistently hear heart sounds at lower frequencies (below 120Hz*) like Korotkoff sounds, Mitral Stenosis and S3 and S4 Gallops when compared to other leading stethoscopes. *Based on tests against globally-available comparable stethoscopes in an equivalent class using recorded heart sounds with diaphragm.\nWeighs less** than other stethoscopes. ** Based on published weights of globally-available comparable stethoscopes in an equivalent class.\nFun and vibrant; match color and finish to your personality\nDesigned for use with adult and pediatric patients\nTunable, dual-sided stainless steel chestpiece with open or closed bell and non-chill bell sleeve for greater patient comfort\nSoft-sealing ear-tips provide optimal comfort and excellent sound occlusion\nDesigned and manufactured in the USA with globally-sourced materials; 5-year warranty",,,taxable,,1,,,0,0,,,,,1,,98.79,108.16,"Industrial and Scientific > Professional Medical Supplies > Diagnostics and Screening > Stethoscopes",,,"https://m.media-amazon.com/images/I/41u3c39BYsL.jpg, https://m.media-amazon.com/images/I/41u3c39BYsL.jpg",,,,,,,https://4anurse.com/?redirectAmzASIN=B001HRMJ54&redirect_prodid=amz-B001HRMJ54,,0,,,,,,,,,B001HRMJ54,com,999999,amz-B001HRMJ54,amazon,https://www.amazon.com/dp/B001HRMJ54/,1747064448,0,0,1,259,0,259,,0,0,1778970612,invalid,10
1104,external,,,"CORE 500™ Digital Stethoscope — 40x Amplification, Active Noise Cancellation, 3-Lead ECG, FDA-Cleared AI with Eko+, Full-Color Display, Reimbursement Eligible — Silver, COR501",1,0,visible,"Introducing the Eko CORE 500 Digital Stethoscope (CORE 500) — The first digital stethoscope with high fidelity audio, a full-color display, and 3-lead ECG capture. Supports clinicians who need to listen to heart and lung sounds with precision, work in settings with background noise, or regularly assess patients for abnormalities.\nNext-Gen Audio — TrueSound technology minimizes artifact and delivers the most precise sound with optimal filtering, background noise reduction, and 40x amplification through in-ear speakers.\nFull-Color Display — Heart rate and ECG data, exam insights, and device settings are visible directly on the stethoscope’s screen for a comprehensive view of your patient’s heart.","[gallery]\nIntroducing the Eko CORE 500 Digital Stethoscope (CORE 500) — The first digital stethoscope with high fidelity audio, a full-color display, and 3-lead ECG capture. Supports clinicians who need to listen to heart and lung sounds with precision, work in settings with background noise, or regularly assess patients for abnormalities.\nNext-Gen Audio — TrueSound technology minimizes artifact and delivers the most precise sound with optimal filtering, background noise reduction, and 40x amplification through in-ear speakers.\nFull-Color Display — Heart rate and ECG data, exam insights, and device settings are visible directly on the stethoscope’s screen for a comprehensive view of your patient’s heart.\nAI Detection with Eko+ — Become an Eko+ member to access murmur and AFib detection supported by Eko AI and sound recording and sharing. Connect your device to the Eko App to start a complimentary 14-day Eko+ trial and unlock faster, more accurate care.\nVisualize What You’re Hearing — The CORE 500 includes basic Eko App access, allowing you to use free features such as waveform visualization and single sound recording with real-time playback during exams.\nDurability — The CORE 500 stays charged, via rechargeable battery, for up to 60 hours of regular clinical use and has a water- and shatter-resistant design.\nBuilt for Healthcare Professionals — The CORE 500 is designed for screening, monitoring, or triaging patients in both outpatient and inpatient settings. The device is recommended for use on human patients by Physicians, Physician Associates, Nurse Practitioners, EMS Providers, Nurses, Students, and Educators.\nFSA/HSA Eligible — All stethoscopes from Eko are eligible for HSA (health spending account), FSA (flexible spending account), HRA (health reimbursement arrangement), or CME (continuing medical education) purchase and/or reimbursement.",,,taxable,,1,,,0,0,,,,,1,,419,449,"Industrial and Scientific > Professional Medical Supplies > Diagnostics and Screening > Stethoscopes",,,"https://m.media-amazon.com/images/I/31aeWdT+wnL.jpg, https://m.media-amazon.com/images/I/31aeWdT+wnL.jpg",,,,,,,https://4anurse.com/?redirectAmzASIN=B0CTN3JH68&redirect_prodid=amz-B0CTN3JH68,,0,,,,,,,,,B0CTN3JH68,com,999999,amz-B0CTN3JH68,amazon,https://www.amazon.com/dp/B0CTN3JH68/,1747064452,0,0,1,251,0,251,,0,0,1778970612,invalid,16
1106,external,,,"3M Littmann Classic III Monitoring Stethoscope, 5870, More Than 2X as Loud, Weighs Less, Stainless Steel Rainbow-Finish Chestpiece, 27' Black Tube, Stem and Headset",1,0,visible,"Monitor and assess a wide range of patients and detect normal and abnormal sounds and rhythms\nUseful in non-critical care environments such as a medical office, general ward, OB/GYN, ambulatory clinic or urgent care\nMore than twice as loud* as the next leading stethoscope. *Based on tests against globally-available comparable stethoscopes in an equivalent class using recorded heart sounds with diaphragm.","[gallery]\n<!-- show up to 2 reviews by default --> <h3> <span>Product Description</span> </h3> <p> </p><p><span class=""a-text-bold"">Love your stethoscope</span><span> <br> The compact and sensitive Littmann Classic III stethoscope is the perfect instrument for clinicians who monitor and assess children or adults in non-critical environments. Manufactured with strong yet lightweight materials for hours of comfortable use.<br></span></p><p><span>The 3M™ Littmann® Classic III™ Stethoscope is the latest version of the stethoscope that helps millions of medical professionals achieve their best. The Classic III stethoscope offers high acoustic sensitivity for exceptional performance, plus a versatile two-sided chestpiece with tunable diaphragms. The Classic III stethoscope is used by students and medical professionals alike to identify, listen to, and study heart, lung, and other body sounds for physical assessment, patient monitoring, and diagnosis.</span></p><p><span>Tunable diaphragm technology—a 3M invention—lets clinicians hear different frequency sounds by simply adjusting the pressure on the chestpiece. Hold the chestpiece with light pressure to hear low frequency sounds; press a little more to hear higher frequency sounds. This time-saving feature allows the healthcare provider to focus on the patient, while the non-chill diaphragm provides patient comfort.</span></p><p><span>Headset tension is easily adjusted for head size and comfort by squeezing together or pulling apart the eartubes. Snap-tight, soft-sealing eartips conform to individual ears for an excellent acoustic seal and comfortable fit. Eartips snap firmly onto the ends of the eartubes and, for safety, require a significant effort to remove.</span></p><p><span>Resilient next-generation tubing retains its shape and flexibility even after folding tightly into a pocket. It provides longer stethoscope life due to improved resistance to skin oils and alcohol, and is less likely to pick up stains. Next-generation tubing is not made with natural rubber latex, a benefit to sensitive medical professionals and their patients. And, to play its part in the protection of human health and the environment, the next-generation tubing does not contain phthalate plasticizers.</span></p><p><span>The Classic III stethoscope is made in the USA for consistent quality. It comes complete with large and small soft-sealing eartips, non-chill bell sleeve, and instructions.</span></p><p><span>Put the power of improved listening in your pocket with the Littmann Learning App. This powerful app is designed to help users better recognize benign and pathological heart sounds, murmurs, and lung sounds. It reinforces learning by offering self-directed learning modules directly on your phone. You can download the free Littmann Learning App now from the App Store® or Google Play Store®. *Expanded content is available with a subscription.</span></p> <p></p> <h3> <span>Manufacturer Contact Information</span> </h3> <p> <span>651-575-5000</span> </p>\nMonitor and assess a wide range of patients and detect normal and abnormal sounds and rhythms\nUseful in non-critical care environments such as a medical office, general ward, OB/GYN, ambulatory clinic or urgent care\nMore than twice as loud* as the next leading stethoscope. *Based on tests against globally-available comparable stethoscopes in an equivalent class using recorded heart sounds with diaphragm.\nAllows you to more reliably and consistently hear heart sounds at lower frequencies (below 120Hz*) like Korotkoff sounds, Mitral Stenosis and S3 and S4 Gallops when compared to other leading stethoscopes. *Based on tests against globally-available comparable stethoscopes in an equivalent class using recorded heart sounds with diaphragm.\nWeighs less** than other stethoscopes. ** Based on published weights of globally-available comparable stethoscopes in an equivalent class.\nFun and vibrant; match color and finish to your personality\nDesigned for use with adult and pediatric patients\nTunable, dual-sided stainless steel chestpiece with open or closed bell and non-chill bell sleeve for greater patient comfort\nSoft-sealing ear-tips provide optimal comfort and excellent sound occlusion\nDesigned and manufactured in the USA with globally-sourced materials; 5-year warranty",,,taxable,,1,,,0,0,,,,,1,,98.79,130.08,"Industrial and Scientific > Professional Medical Supplies > Diagnostics and Screening > Stethoscopes",,,"https://m.media-amazon.com/images/I/31GW2ohHX7L.jpg, https://m.media-amazon.com/images/I/31GW2ohHX7L.jpg",,,,,,,https://4anurse.com/?redirectAmzASIN=B071DDDCTJ&redirect_prodid=amz-B071DDDCTJ,,0,,,,,,,,,B071DDDCTJ,com,999999,amz-B071DDDCTJ,amazon,https://www.amazon.com/dp/B071DDDCTJ/,1747064457,0,0,1,245,1,245,,0,0,1778970612,invalid,27
1108,external,,,"Nurse Pharmacology Coloring Book: The Complete Series Bundle - 4 Books In 1: A Relaxing Study Guide for the Top 120+ Medications on the Next Gen NCLEX Exam Paperback – March 27, 2024",1,0,visible,,[gallery],,,taxable,,1,,,0,0,,,,,1,,,27.99,"Books > Crafts\, Hobbies and Home > Crafts and Hobbies > Coloring Books for Grown-Ups > Science and Anatomy",,,"https://m.media-amazon.com/images/I/51OKQbtn18L.jpg, https://m.media-amazon.com/images/I/51OKQbtn18L.jpg",,,,,,,https://4anurse.com/?redirectAmzASIN=B0CZJJCPWF&redirect_prodid=amz-B0CZJJCPWF,,0,,,,,,[gallery],[gallery],[gallery],B0CZJJCPWF,com,999999,amz-B0CZJJCPWF,amazon,https://www.amazon.com/dp/B0CZJJCPWF/,1747065461,0,0,1,229,0,229,,0,0,1778970612,invalid,13
1109,external,,,"Elsevier’s 2025 Intravenous Medications: A Handbook for Nurses and Health Professionals 41st Edition",1,0,visible,,,,,taxable,,1,,,0,0,,,,,1,,12,55.99,"Books > Medical Books > Medicine > Reference",,,,,,,,,,https://4anurse.com/?redirectAmzASIN=0443120404&redirect_prodid=amz-0443120404,,0,,,,,,,,,0443120404,com,999999,amz-0443120404,amazon,https://www.amazon.com/dp/0443120404/,1747065461,0,0,1,216,0,216,,0,0,1778970612,invalid,16
1111,external,,,"Nursing2025-2026 Drug Handbook (Nursing Drug Handbooks) Forty-Fifth, North American Edition",1,0,visible,,,,,taxable,,1,,,0,0,,,,,1,,,52.99,"Books > Medical Books > Medicine > Reference",,,,,,,,,,https://4anurse.com/?redirectAmzASIN=197521711X&redirect_prodid=amz-197521711X,,0,,,,,,,,,197521711X,com,999999,amz-197521711X,amazon,https://www.amazon.com/dp/197521711X/,1747065467,0,0,1,212,0,212,,0,0,1778970612,invalid,20
1112,external,,,"Nurse: Coloring Book for adults and kids| Bold and Easy designs for relaxation Paperback – January 28, 2025",1,0,visible,,[gallery],,,taxable,,1,,,0,0,,,,,1,,,7,"Books > Crafts\, Hobbies and Home > Crafts and Hobbies > Coloring Books for Grown-Ups > Science and Anatomy",,,"https://m.media-amazon.com/images/I/51kYNUiK5iL.jpg, https://m.media-amazon.com/images/I/51kYNUiK5iL.jpg",,,,,,,https://4anurse.com/?redirectAmzASIN=B0DVLX48LT&redirect_prodid=amz-B0DVLX48LT,,0,,,,,,[gallery],[gallery],[gallery],B0DVLX48LT,com,999999,amz-B0DVLX48LT,amazon,https://www.amazon.com/dp/B0DVLX48LT/,1747065469,0,0,1,222,0,222,,0,0,1778970612,invalid,17
1114,external,,,"The Nurse Paperback – September 13, 2022",1,0,visible,,[gallery],,,taxable,,1,,,0,0,,,,,1,,12.79,15.99,"Books > Mystery\, Thriller and Suspense > Thrillers and Suspense",,,"https://m.media-amazon.com/images/I/51ZPzj08fEL.jpg, https://m.media-amazon.com/images/I/51ZPzj08fEL.jpg",,,,,,,https://4anurse.com/?redirectAmzASIN=0008383561&redirect_prodid=amz-0008383561,,0,,,,,,[gallery],[gallery],[gallery],0008383561,com,999999,amz-0008383561,amazon,https://www.amazon.com/dp/0008383561/,1747065476,0,0,1,216,0,216,,0,0,1778970612,invalid,10
1115,external,,,"Brand New Nurse: Surviving Your First Day on the Job Paperback – July 22, 2022",1,0,visible,,[gallery],,,taxable,,1,,,0,0,,,,,1,,,17,"Books > Medical Books > Nursing",,,"https://m.media-amazon.com/images/I/41GUWXYe8ZL.jpg, https://m.media-amazon.com/images/I/41GUWXYe8ZL.jpg",,,,,,,https://4anurse.com/?redirectAmzASIN=B0B7QFKK5P&redirect_prodid=amz-B0B7QFKK5P,,0,,,,,,[gallery],[gallery],[gallery],B0B7QFKK5P,com,999999,amz-B0B7QFKK5P,amazon,https://www.amazon.com/dp/B0B7QFKK5P/,1747065477,0,0,1,198,0,198,,0,0,1778970612,invalid,16
1118,external,,,"Nursing Success Bundle: 400+ Page Handwritten Notes, Designed to Ace Nursing School, Concise & Comprehensive",1,0,visible,,[gallery],,,taxable,,1,,,0,0,,,,,1,,17,119.99,"Books > Medical Books > Nursing",,,"https://m.media-amazon.com/images/I/51imVtdASgL.jpg, https://m.media-amazon.com/images/I/51imVtdASgL.jpg",,,,,,,https://4anurse.com/?redirectAmzASIN=B0D545M37L&redirect_prodid=amz-B0D545M37L,,0,,,,,,[gallery],[gallery],[gallery],B0D545M37L,com,999999,amz-B0D545M37L,amazon,https://www.amazon.com/dp/B0D545M37L/,1747065485,0,0,1,257,0,257,,0,0,1778970612,invalid,11
1119,external,,,"The Nurse Leader Coach: Become the Boss No One Wants to Leave",1,0,visible,,[gallery],,,taxable,,1,,,0,0,,,,,1,,16.94,19.95,"Books > Business and Money > Management and Leadership > Mentoring and Coaching",,,"https://m.media-amazon.com/images/I/41t7qzyJ6GL.jpg, https://m.media-amazon.com/images/I/41t7qzyJ6GL.jpg",,,,,,,https://4anurse.com/?redirectAmzASIN=173291270X&redirect_prodid=amz-173291270X,,0,,,,,,[gallery],[gallery],[gallery],173291270X,com,999999,amz-173291270X,amazon,https://www.amazon.com/dp/173291270X/,1747065486,0,0,1,204,0,204,,0,0,1778970612,invalid,20
1122,external,,,"Fast Facts for the ER Nurse, Fourth Edition: Guide to a Successful Emergency Department Orientation 4th Edition",1,0,visible,,,,,taxable,,1,,,0,0,,,,,1,,22.41,50,"Books > Medical Books",,,,,,,,,,https://4anurse.com/?redirectAmzASIN=0826152163&redirect_prodid=amz-0826152163,,0,,,,,,,,,0826152163,com,999999,amz-0826152163,amazon,https://www.amazon.com/dp/0826152163/,1747065491,0,0,1,233,0,233,,0,0,1778970612,invalid,15
1123,external,,,"Nursing Narrative Note Examples to Save Your License: Charting and Documentation Suggestions for RNs & LPNs Who Have to Describe the Indescribable in a Medical Record",1,0,visible,,[gallery],,,taxable,,1,,,0,0,,,,,1,,,11.99,"Books > Medical Books > Administration and Medicine Economics > Medical History and Records",,,"https://m.media-amazon.com/images/I/41AxNq-+DgL.jpg, https://m.media-amazon.com/images/I/41AxNq-+DgL.jpg",,,,,,,https://4anurse.com/?redirectAmzASIN=165656548X&redirect_prodid=amz-165656548X,,0,,,,,,[gallery],[gallery],[gallery],165656548X,com,999999,amz-165656548X,amazon,https://www.amazon.com/dp/165656548X/,1747065493,0,0,1,211,0,211,,0,0,1778970612,invalid,15
1125,external,,,"NURSE COLORING BOOK - # Nurse Life: More than 30 Funny, Snarky & Motivational Nursing Quotes inside this Adult Coloring book For Registered Nurses and ... National Nurses day. (Nurse Coloring Books) Paperback – April 28, 2020",1,0,visible,,[gallery],,,taxable,,1,,,0,0,,,,,1,,,8.99,"Books > Crafts\, Hobbies and Home > Crafts and Hobbies > Coloring Books for Grown-Ups > Humorous",,,"https://m.media-amazon.com/images/I/6147shGh-AL.jpg, https://m.media-amazon.com/images/I/6147shGh-AL.jpg",,,,,,,https://4anurse.com/?redirectAmzASIN=B087S9NVSX&redirect_prodid=amz-B087S9NVSX,,0,,,,,,[gallery],[gallery],[gallery],B087S9NVSX,com,999999,amz-B087S9NVSX,amazon,https://www.amazon.com/dp/B087S9NVSX/,1747065497,0,0,1,205,0,205,,0,0,1778970612,invalid,10
1127,external,,,"The ICU Survival Book",1,0,visible,,[gallery],,,taxable,,1,,,0,0,,,,,1,,,22.99,"Books > Medical Books > Medicine",,,"https://m.media-amazon.com/images/I/312dRf9on4L.jpg, https://m.media-amazon.com/images/I/312dRf9on4L.jpg",,,,,,,https://4anurse.com/?redirectAmzASIN=0985296577&redirect_prodid=amz-0985296577,,0,,,,,,[gallery],[gallery],[gallery],0985296577,com,999999,amz-0985296577,amazon,https://www.amazon.com/dp/0985296577/,1747065500,0,0,1,246,0,246,,0,0,1778970612,invalid,56
1129,external,,,"Letters to a Young Nurse: Encouragement, Resilience and Wisdom for a Challenging Career Paperback – August 19, 2024",1,0,visible,,,,,taxable,,1,,,0,0,,,,,1,,,16.99,"Books > Health\, Fitness and Dieting > Psychology and Counseling",,,,,,,,,,https://4anurse.com/?redirectAmzASIN=B0DDQCLGYZ&redirect_prodid=amz-B0DDQCLGYZ,,0,,,,,,,,,B0DDQCLGYZ,com,999999,amz-B0DDQCLGYZ,amazon,https://www.amazon.com/dp/B0DDQCLGYZ/,1747065503,0,0,1,225,0,225,,0,0,1778970612,invalid,34
1130,external,,,"The Nurses: A Year of Secrets, Drama, and Miracles with the Heroes of the Hospital Paperback – April 19, 2016",1,0,visible,,[gallery],,,taxable,,1,,,0,0,,,,,1,,10.38,18.99,"Books > Biographies and Memoirs > Professionals and Academics",,,"https://m.media-amazon.com/images/I/51CGWnPs+KL.jpg, https://m.media-amazon.com/images/I/51CGWnPs+KL.jpg",,,,,,,https://4anurse.com/?redirectAmzASIN=0761189254&redirect_prodid=amz-0761189254,,0,,,,,,[gallery],[gallery],[gallery],0761189254,com,999999,amz-0761189254,amazon,https://www.amazon.com/dp/0761189254/,1747065507,0,0,1,223,0,223,,0,0,1778970612,invalid,16
1132,external,,,"What Nurses Really Want to Say But Can't: Swear Word Coloring Book for Adults with Nursing Related Cussing Paperback – June 8, 2020",1,0,visible,,[gallery],,,taxable,,1,,,0,0,,,,,1,,,7.99,"Books > Arts and Photography > Graphic Design > Techniques > Use of Color",,,"https://m.media-amazon.com/images/I/61jZjvS391L.jpg, https://m.media-amazon.com/images/I/61jZjvS391L.jpg",,,,,,,https://4anurse.com/?redirectAmzASIN=B089TVBX85&redirect_prodid=amz-B089TVBX85,,0,,,,,,[gallery],[gallery],[gallery],B089TVBX85,com,999999,amz-B089TVBX85,amazon,https://www.amazon.com/dp/B089TVBX85/,1747065511,0,0,1,202,0,202,,0,0,1778970612,invalid,10
1134,external,,,"The ER Nurse Coloring Book: Relaxing Patterns, Designs, And Funny Quotes To Color, Stress-Relieving Adult Coloring Pages Paperback – May 6, 2021",1,0,visible,,[gallery],,,taxable,,1,,,0,0,,,,,1,,,9,"Books > Crafts\, Hobbies and Home > Crafts and Hobbies > Coloring Books for Grown-Ups > Science and Anatomy",,,"https://m.media-amazon.com/images/I/511fhA99koS.jpg, https://m.media-amazon.com/images/I/511fhA99koS.jpg",,,,,,,https://4anurse.com/?redirectAmzASIN=B0948N68DJ&redirect_prodid=amz-B0948N68DJ,,0,,,,,,[gallery],[gallery],[gallery],B0948N68DJ,com,999999,amz-B0948N68DJ,amazon,https://www.amazon.com/dp/B0948N68DJ/,1747065513,0,0,1,225,0,225,,0,0,1778970612,invalid,9
1136,external,,,"Nurse Coloring Book: 40 Coloring Pages of Nurse Life Quotes For Adult to Relax And Relief Stress Paperback – Large Print, April 14, 2024",1,0,visible,,[gallery],,,taxable,,1,,,0,0,,,,,1,,,8,"Books > Crafts\, Hobbies and Home > Crafts and Hobbies > Coloring Books for Grown-Ups > Humorous",,,"https://m.media-amazon.com/images/I/518RaZAOOBL.jpg, https://m.media-amazon.com/images/I/518RaZAOOBL.jpg",,,,,,,https://4anurse.com/?redirectAmzASIN=B0D1Q8W9WB&redirect_prodid=amz-B0D1Q8W9WB,,0,,,,,,[gallery],[gallery],[gallery],B0D1Q8W9WB,com,999999,amz-B0D1Q8W9WB,amazon,https://www.amazon.com/dp/B0D1Q8W9WB/,1747065520,0,0,1,227,0,227,,0,0,1778970612,invalid,13
1138,external,,,"Stethoscope Medical Notebook Journal, Doctor Nurse Notebook, Medical Student Gifts, Future Nurse Gifts, Doctor Gifts for Women Men, Nurse Appreciate Gifts, Spiral Notebook 5.5x8.3 Inch",1,0,visible,"size:5.5x8.3 inch,The pages are college ruled ( 0.3-inch line spacing ) to keep your handwriting neat.\nStay organized with our Ecezatik Spiral Notebooks. These notebooks are perfect for office and school supplies. With their durable construction and high-quality paper, they offer a sleek and professional look, making them ideal for all your note-taking needs. Whether you're a student or a professional, our Spiral Notebooks are the perfect choice for staying organized and productive.\nOur Ecezatik Spiral Notebooks are designed with convenience in mind. With their spiral-binding, you can easily flip through pages and tear them out when necessary. The notebooks also feature a sturdy cover to protect your notes and prevent them from getting damaged. Whether you're taking notes in class or jotting down ideas at work, these notebooks are an essential tool for anyone.","[gallery]\n<!-- show up to 2 reviews by default --> <p> <span>College students and professionals can benefit greatly from the Ecezatik Spiral Notebook. Whether you are taking notes in class, organizing your thoughts in a meeting, or jotting down ideas on the go, this notebook is the perfect companion. The college ruled pages provide ample space to write, ensuring clarity and neatness. The high-quality paper is smooth to write on, preventing any smudging or bleeding of ink.Designed under the brand Ecezatik, this notebook combines functionality with stylish design. The sleek cover adds a touch of elegance to your stationery collection. Whether you're a student, author, or professional, this Spiral Notebook is the perfect tool to improve your productivity and creativity.Take your note-taking and writing experience to the next level with the Ecezatik Spiral Notebook. Order now and experience the joy of writing in a high-quality notebook so they can surely impress you and your peers!</span> </p>\nsize:5.5x8.3 inch,The pages are college ruled ( 0.3-inch line spacing ) to keep your handwriting neat.\nStay organized with our Ecezatik Spiral Notebooks. These notebooks are ideal for office and school supplies. With their durable construction and high-quality paper, they offer a sleek and professional look, making them ideal for all of your note-taking needs. Whether you're a student or a professional, our Spiral Notebooks are the perfect choice for staying organized and productive.\nOur Ecezatik Spiral Notebooks are designed with convenience in mind. With their spiral-binding, you'll be able to easily flip through pages and tear them out when necessary. The notebooks also feature a sturdy cover to give protection to your notes and prevent them from getting damaged. Whether you are taking notes in class or jotting down ideas at work, these notebooks are an essential tool for anyone.\nThe durable spiral binding allows the notebook to lay completely flat when opened, making it easy to write on both sides of the page without any discomfort. The compact size of the notebook makes it convenient to carry in your bag or backpack, ensuring that you at all times have a handy place to jot down your thoughts.\nWith our Ecezatik Spiral Notebooks, you'll be able to unleash your creativity. Whether you're sketching, doodling, or writing, these notebooks provide a blank canvas for your ideas. The possibilities are endless, and you can love the freedom to express yourself. Get inspired and let our Spiral Notebooks be your creative companion.",,,taxable,,1,,,0,0,,,,,1,,,14.99,"Office Products > Office and School Supplies > Paper > Notebooks and Writing Pads > Spiral Notebooks",,,"https://m.media-amazon.com/images/I/51P4MJMXERL.jpg, https://m.media-amazon.com/images/I/51P4MJMXERL.jpg",,,,,,,https://4anurse.com/?redirectAmzASIN=B0DGG9K8CQ&redirect_prodid=amz-B0DGG9K8CQ,,0,,,,,,"[gallery]
<!-- show up to 2 reviews by default --> <p> <span>College students and professionals can benefit greatly from the Ecezatik Spiral Notebook. Whether {you're taking|you are taking|you take} notes in class, organizing your thoughts in a meeting, or jotting down ideas on the go, this notebook is the perfect companion. The college ruled pages provide ample space to write, ensuring clarity and neatness. The high-quality paper is smooth to write on, preventing any smudging or bleeding of ink.Designed under the brand Ecezatik, this notebook combines functionality with stylish design. The sleek cover adds a touch of elegance to your stationery collection. Whether you're a student, {writer|author|creator}, or professional, this Spiral Notebook is the perfect tool to {enhance|give a boost to|beef up|strengthen|improve|reinforce|make stronger|support|fortify|toughen} your productivity and creativity.Take your note-taking and writing experience to the next level with the Ecezatik Spiral Notebook. Order now and experience the joy of writing in a high-quality notebook {that will|in order to|so that you can|so as to|to be able to|so that they can|that allows you to|so they can|with a view to|with a purpose to|on the way to|as a way to|so one can|with the intention to|in an effort to|so we can|which will|a good way to|if you want to|for you to|so that it will} surely impress you and your peers!</span> </p>
size:5.5x8.3 inch,The pages are college ruled ( 0.3-inch line spacing ) to keep your handwriting neat.
Stay organized with our Ecezatik Spiral Notebooks. These notebooks {are perfect for|are ideal for} office and school supplies. With their durable construction and high-quality paper, they offer a sleek and professional look, making them ideal for {all your|all of your|your whole|your entire} note-taking needs. Whether you're a student or a professional, our Spiral Notebooks are the perfect choice for staying organized and productive.
Our Ecezatik Spiral Notebooks are designed with convenience in mind. With their spiral-binding, {you can|you'll be able to|you'll} easily flip through pages and tear them out when necessary. The notebooks also feature a sturdy cover {to protect|to offer protection to|to give protection to} your notes and prevent them from getting damaged. Whether {you're taking|you are taking|you take} notes in class or jotting down ideas at work, these notebooks are an essential tool for anyone.
The durable spiral binding allows the notebook to lay completely flat when opened, making it easy to write on both sides of the page without any discomfort. The compact size of the notebook makes it convenient to carry in your bag or backpack, ensuring that you {always|all the time|at all times} have a handy place to jot down your thoughts.
With our Ecezatik Spiral Notebooks, {you can|you'll be able to|you'll} unleash your creativity. Whether you're sketching, doodling, or writing, these notebooks provide a blank canvas for your ideas. The possibilities are endless, and {you'll|you'll be able to|you can} love the freedom to express yourself. Get inspired and let our Spiral Notebooks be your creative companion.","[gallery]
<!-- show up to 2 reviews by default --> <p> <span>College students and professionals can benefit greatly from the Ecezatik Spiral Notebook. Whether {you are taking|you take|you're taking} notes in class, organizing your thoughts in a meeting, or jotting down ideas on the go, this notebook is the perfect companion. The college ruled pages provide ample space to write, ensuring clarity and neatness. The high-quality paper is smooth to write on, preventing any smudging or bleeding of ink.Designed under the brand Ecezatik, this notebook combines functionality with stylish design. The sleek cover adds a touch of elegance to your stationery collection. Whether you're a student, {author|creator|writer}, or professional, this Spiral Notebook is the perfect tool to {improve|beef up|give a boost to|reinforce|make stronger|support|fortify|toughen|strengthen|enhance} your productivity and creativity.Take your note-taking and writing experience to the next level with the Ecezatik Spiral Notebook. Order now and experience the joy of writing in a high-quality notebook {so they can|so that it will|so that they can|so as to|with the intention to|that allows you to|if you want to|a good way to|so we can|so one can|in order to|on the way to|so that you can|with a view to|with a purpose to|in an effort to|as a way to|which will|to be able to|for you to|that will} surely impress you and your peers!</span> </p>
size:5.5x8.3 inch,The pages are college ruled ( 0.3-inch line spacing ) to keep your handwriting neat.
Stay organized with our Ecezatik Spiral Notebooks. These notebooks {are ideal for|are perfect for} office and school supplies. With their durable construction and high-quality paper, they offer a sleek and professional look, making them ideal for {all of your|your entire|your whole|all your} note-taking needs. Whether you're a student or a professional, our Spiral Notebooks are the perfect choice for staying organized and productive.
Our Ecezatik Spiral Notebooks are designed with convenience in mind. With their spiral-binding, {you'll be able to|you'll|you can} easily flip through pages and tear them out when necessary. The notebooks also feature a sturdy cover {to give protection to|to offer protection to|to protect} your notes and prevent them from getting damaged. Whether {you are taking|you take|you're taking} notes in class or jotting down ideas at work, these notebooks are an essential tool for anyone.
The durable spiral binding allows the notebook to lay completely flat when opened, making it easy to write on both sides of the page without any discomfort. The compact size of the notebook makes it convenient to carry in your bag or backpack, ensuring that you {at all times|all the time|always} have a handy place to jot down your thoughts.
With our Ecezatik Spiral Notebooks, {you'll be able to|you'll|you can} unleash your creativity. Whether you're sketching, doodling, or writing, these notebooks provide a blank canvas for your ideas. The possibilities are endless, and {you can|you'll be able to|you'll} love the freedom to express yourself. Get inspired and let our Spiral Notebooks be your creative companion.","[gallery]
<!-- show up to 2 reviews by default --> <p> <span>College students and professionals can benefit greatly from the Ecezatik Spiral Notebook. Whether you're taking notes in class, organizing your thoughts in a meeting, or jotting down ideas on the go, this notebook is the perfect companion. The college ruled pages provide ample space to write, ensuring clarity and neatness. The high-quality paper is smooth to write on, preventing any smudging or bleeding of ink.Designed under the brand Ecezatik, this notebook combines functionality with stylish design. The sleek cover adds a touch of elegance to your stationery collection. Whether you're a student, writer, or professional, this Spiral Notebook is the perfect tool to enhance your productivity and creativity.Take your note-taking and writing experience to the next level with the Ecezatik Spiral Notebook. Order now and experience the joy of writing in a high-quality notebook that will surely impress you and your peers!</span> </p>
size:5.5x8.3 inch,The pages are college ruled ( 0.3-inch line spacing ) to keep your handwriting neat.
Stay organized with our Ecezatik Spiral Notebooks. These notebooks are perfect for office and school supplies. With their durable construction and high-quality paper, they offer a sleek and professional look, making them ideal for all your note-taking needs. Whether you're a student or a professional, our Spiral Notebooks are the perfect choice for staying organized and productive.
Our Ecezatik Spiral Notebooks are designed with convenience in mind. With their spiral-binding, you can easily flip through pages and tear them out when necessary. The notebooks also feature a sturdy cover to protect your notes and prevent them from getting damaged. Whether you're taking notes in class or jotting down ideas at work, these notebooks are an essential tool for anyone.
The durable spiral binding allows the notebook to lay completely flat when opened, making it easy to write on both sides of the page without any discomfort. The compact size of the notebook makes it convenient to carry in your bag or backpack, ensuring that you always have a handy place to jot down your thoughts.
With our Ecezatik Spiral Notebooks, you can unleash your creativity. Whether you're sketching, doodling, or writing, these notebooks provide a blank canvas for your ideas. The possibilities are endless, and you'll love the freedom to express yourself. Get inspired and let our Spiral Notebooks be your creative companion.",B0DGG9K8CQ,com,999999,amz-B0DGG9K8CQ,amazon,https://www.amazon.com/dp/B0DGG9K8CQ/,1747065522,0,0,1,215,1,215,,0,0,1778970612,invalid,23
1140,external,,,"Nurse Puzzle & Activity Book | 75+ Fun & Challenging Nurse-Themed Brain Teasers: Word Searches, Scrambles & Snakes, Hidden Picture & Sequence Puzzles, ... And Activity Books For Hardworking Nurses) Paperback – April 13, 2024",1,0,visible,,[gallery],,,taxable,,1,,,0,0,,,,,1,,,10,"Books > Humor and Entertainment",,,"https://m.media-amazon.com/images/I/51dblod5E-L.jpg, https://m.media-amazon.com/images/I/51dblod5E-L.jpg",,,,,,,https://4anurse.com/?redirectAmzASIN=B0D1R37WVP&redirect_prodid=amz-B0D1R37WVP,,0,,,,,,[gallery],[gallery],[gallery],B0D1R37WVP,com,999999,amz-B0D1R37WVP,amazon,https://www.amazon.com/dp/B0D1R37WVP/,1747065530,0,0,1,208,0,208,,0,0,1778970612,invalid,14
1142,external,,,"Nursing School Coloring Book For Adults Snarky And Relatable Coloring Pages For Nursing Students: Stress-Relieving Coloring Sheets For Nurses In The Making, Patterns, Designs, And Quotes To Color Paperback – May 6, 2021",1,0,visible,,[gallery],,,taxable,,1,,,0,0,,,,,1,,,8,"Books > Crafts\, Hobbies and Home > Crafts and Hobbies > Coloring Books for Grown-Ups > Science and Anatomy",,,"https://m.media-amazon.com/images/I/51hC-Z2tMXS.jpg, https://m.media-amazon.com/images/I/51hC-Z2tMXS.jpg",,,,,,,https://4anurse.com/?redirectAmzASIN=B094NTGKGL&redirect_prodid=amz-B094NTGKGL,,0,,,,,,[gallery],[gallery],[gallery],B094NTGKGL,com,999999,amz-B094NTGKGL,amazon,https://www.amazon.com/dp/B094NTGKGL/,1747065590,0,0,1,219,1,219,,0,0,1778970612,invalid,25
1143,external,,,"Would You Rather For Nurses | 175 Funny, Snarky, Makes You Think, Laugh Out Loud Questions (Fun Puzzle And Activity Books For Hardworking Nurses) Paperback – December 1, 2023",1,0,visible,,[gallery],,,taxable,,1,,,0,0,,,,,1,,,7.99,"Books > Humor and Entertainment",,,"https://m.media-amazon.com/images/I/51jvmvSKaHL.jpg, https://m.media-amazon.com/images/I/51jvmvSKaHL.jpg",,,,,,,https://4anurse.com/?redirectAmzASIN=B0CPDSSK86&redirect_prodid=amz-B0CPDSSK86,,0,,,,,,[gallery],[gallery],[gallery],B0CPDSSK86,com,999999,amz-B0CPDSSK86,amazon,https://www.amazon.com/dp/B0CPDSSK86/,1747065591,0,0,1,199,0,199,,0,0,1778970612,invalid,13
1146,external,,,"Fashion Clipboard, Cute Pattern Decorative Clipboards, Custom Design Wooden Wordpad with Low Profile Metal Clip, Standard A4 Size 9""x12.3"" for Teacher, Student, Lawyer and Nurse,Lovely Elephant",1,0,visible,"【Clipboard Dimensions】 The size of each clipboard is 12.3 X 8.7 X 0.1 inches (312*221*3mm) with Low-Profile Metal Clip. Suitable for standard size 8.5'' x 11.7""paper, Light weight only 7 oz.\n【High Quality Materials】 Letter-size clipboard made of cardboard and hardwood materials with smooth paperboard base provides a hard, portable writing surface .The low-profile polished metal clip is fitted with rubberized corners and a sturdy spring that grips the paper sheets securely.\n【Functinal Clipboards】 Cute clipboard holds 80-100sheets of A4 Letter Size Paper without dropping a single one. Round edges design give you a comfortable writing experience and Which can provide reliable and long-lasting strength. This clipboard adapt to anyone who needs to organize, stack, secure, and write on loose sheets of A4 or Letter-sized paper.","[gallery]\n【Clipboard Dimensions】 The size of each and every clipboard is 12.3 X 8.7 X 0.1 inches (312*221*3mm) with Low-Profile Metal Clip. Suitable for standard size 8.5'' x 11.7""paper, Light weight only 7 oz.\n【High Quality Materials】 Letter-size clipboard made of cardboard and hardwood materials with smooth paperboard base provides a hard, portable writing surface .The low-profile polished metal clip is fitted with rubberized corners and a sturdy spring that grips the paper sheets securely.\n【Functinal Clipboards】 Cute clipboard holds 80-100sheets of A4 Letter Size Paper without dropping a single one. Round edges design come up with a comfortable writing experience and Which may give reliable and long-lasting strength. This clipboard adapt to someone who needs to arrange, stack, safe, and write on loose sheets of A4 or Letter-sized paper.\n【Fashion Unique Design】Fashion designfull color printing, Plastic clipboard with high-gloss clear surface and sturdy base, Brilliant color, Fashion cute style, Classic and chic elements, Make this colorful clipboard more attractive.Not just a clipboard, But in addition an art mural.\n【Best Gift】Fashion clipboard with multi chic lovely design can adapt to different people's preferences. Heavy duty clipboard will also be great gift idea for Back to School, Valentine's Day, Easter Day, Mother's Day, Halloween, Thanksgiving Day and Christmas",,,taxable,,1,,,0,0,,,,,1,,3.99,7.99,"Office Products",,,"https://m.media-amazon.com/images/I/512Ysz+tlRL.jpg, https://m.media-amazon.com/images/I/512Ysz+tlRL.jpg",,,,,,,https://4anurse.com/?redirectAmzASIN=B0CDGVGM6T&redirect_prodid=amz-B0CDGVGM6T,,0,,,,,,"[gallery]
【Clipboard Dimensions】 The size of {each|each and every|every} clipboard is 12.3 X 8.7 X 0.1 inches (312*221*3mm) with Low-Profile Metal Clip. Suitable for standard size 8.5'' x 11.7""paper, Light weight only 7 oz.
【High Quality Materials】 Letter-size clipboard made of cardboard and hardwood materials with smooth paperboard base provides a hard, portable writing surface .The low-profile polished metal clip is fitted with rubberized corners and a sturdy spring that grips the paper sheets securely.
【Functinal Clipboards】 Cute clipboard holds 80-100sheets of A4 Letter Size Paper without dropping a single one. Round edges design {give you|come up with|provide you with} a comfortable writing experience and Which {can provide|can give|may give} reliable and long-lasting strength. This clipboard adapt to {anyone|somebody|someone|any person|any individual} who needs {to organize|to prepare|to arrange}, stack, {secure|safe|protected}, and write on loose sheets of A4 or Letter-sized paper.
【Fashion Unique Design】Fashion designfull color printing, Plastic clipboard with high-gloss clear surface and sturdy base, Brilliant color, Fashion cute style, Classic and chic elements, Make this colorful clipboard more attractive.Not {only a|just a} clipboard, {But also|But in addition|But additionally} an art mural.
【{Perfect|Very best|Absolute best|Best possible|Best|Highest|Easiest} Gift】Fashion clipboard with multi chic lovely design can adapt to different people's preferences. Heavy duty clipboard {can be|can also be|may also be|will also be} great gift idea for Back to School, Valentine's Day, Easter Day, Mother's Day, Halloween, Thanksgiving Day and Christmas","[gallery]
【Clipboard Dimensions】 The size of {each and every|every|each} clipboard is 12.3 X 8.7 X 0.1 inches (312*221*3mm) with Low-Profile Metal Clip. Suitable for standard size 8.5'' x 11.7""paper, Light weight only 7 oz.
【High Quality Materials】 Letter-size clipboard made of cardboard and hardwood materials with smooth paperboard base provides a hard, portable writing surface .The low-profile polished metal clip is fitted with rubberized corners and a sturdy spring that grips the paper sheets securely.
【Functinal Clipboards】 Cute clipboard holds 80-100sheets of A4 Letter Size Paper without dropping a single one. Round edges design {come up with|provide you with|give you} a comfortable writing experience and Which {may give|can give|can provide} reliable and long-lasting strength. This clipboard adapt to {someone|any person|any individual|somebody|anyone} who needs {to arrange|to prepare|to organize}, stack, {safe|protected|secure}, and write on loose sheets of A4 or Letter-sized paper.
【Fashion Unique Design】Fashion designfull color printing, Plastic clipboard with high-gloss clear surface and sturdy base, Brilliant color, Fashion cute style, Classic and chic elements, Make this colorful clipboard more attractive.Not {just a|only a} clipboard, {But in addition|But additionally|But also} an art mural.
【{Best|Easiest|Highest|Very best|Absolute best|Best possible|Perfect} Gift】Fashion clipboard with multi chic lovely design can adapt to different people's preferences. Heavy duty clipboard {will also be|may also be|can also be|can be} great gift idea for Back to School, Valentine's Day, Easter Day, Mother's Day, Halloween, Thanksgiving Day and Christmas","[gallery]
【Clipboard Dimensions】 The size of each clipboard is 12.3 X 8.7 X 0.1 inches (312*221*3mm) with Low-Profile Metal Clip. Suitable for standard size 8.5'' x 11.7""paper, Light weight only 7 oz.
【High Quality Materials】 Letter-size clipboard made of cardboard and hardwood materials with smooth paperboard base provides a hard, portable writing surface .The low-profile polished metal clip is fitted with rubberized corners and a sturdy spring that grips the paper sheets securely.
【Functinal Clipboards】 Cute clipboard holds 80-100sheets of A4 Letter Size Paper without dropping a single one. Round edges design give you a comfortable writing experience and Which can provide reliable and long-lasting strength. This clipboard adapt to anyone who needs to organize, stack, secure, and write on loose sheets of A4 or Letter-sized paper.
【Fashion Unique Design】Fashion designfull color printing, Plastic clipboard with high-gloss clear surface and sturdy base, Brilliant color, Fashion cute style, Classic and chic elements, Make this colorful clipboard more attractive.Not only a clipboard, But also an art mural.
【Perfect Gift】Fashion clipboard with multi chic lovely design can adapt to different people's preferences. Heavy duty clipboard can be great gift idea for Back to School, Valentine's Day, Easter Day, Mother's Day, Halloween, Thanksgiving Day and Christmas",B0CDGVGM6T,com,999999,amz-B0CDGVGM6T,amazon,https://www.amazon.com/dp/B0CDGVGM6T/,1747065710,0,0,1,195,0,195,,0,0,1778970612,invalid,14
1148,external,,,"Ospelelf Foldable Spiral Clipboard Folio with Storage Zipper Pouch, 5 Plastic Folders with 10 Pockets,Refillable Lined Notepad (11"" x 8.5""), Hardcover Project Organizer with 39 Stickers (Purple)",1,0,visible,"【Premium Materials】Unlike other flimsy folders, it features a sturdy metal clip with gripping and double screw coil to provide a secure way and organized way to store. The PP folder, PVC pouch, elastic pen loop and closure keep everything organized and secure, avoiding tears, breaks, and lost accessories. The removable notepad with 25 pages won't bleed ink. Our clipboard folio is designed to address common issues found in low-quality organizers.\n【Secure Storage】The portfolio organizer has a clear pouch with a zipper that provides a secure place to store documents, notes, or other items when you're on the go. The clipboard comes with 5 plastic folders that have 10 pockets, fitting all standard US letter-size sheets (11"" x 8.5""). It is a great way to keep your papers organized and easily accessible.\n【Portable Efficiency】Measuring at 12.2*10*0.79 inches, it easily fits into your work bag, laptop case, large handbag, or backpack. The surface is hard enough so you can write and draw on it even when you're standing, making it ideal for presentations or note-taking during meetings. The clip provides easy gripping and can hold up to 80-100 sheets of paper, ensuring that your notes stay secure.","[gallery]\n【Premium Materials】Unlike other flimsy folders, it features a sturdy metal clip with gripping and double screw coil to provide a Protected way and organized way to store. The PP folder, PVC pouch, elastic pen loop and closure keep everything organized and Protected, avoiding tears, breaks, and lost accessories. The removable notepad with 25 pages may not bleed ink. Our clipboard folio is designed to address common issues found in low-quality organizers.\n【Protected Storage】The portfolio organizer has a clear pouch with a zipper that provides a Protected place to store documents, notes, or other items if you end up on the go. The clipboard comes with 5 plastic folders that have 10 pockets, fitting all standard US letter-size sheets (11"" x 8.5""). This can be a great way to keep your papers organized and easily accessible.\n【Portable Efficiency】Measuring at 12.2*10*0.79 inches, it easily fits into your work bag, laptop case, large handbag, or backpack. The surface is hard enough so you'll be able to write and draw on it even if you end up standing, making it ideal for presentations or note-taking all through meetings. The clip provides easy gripping and can hold up to 80-100 sheets of paper, ensuring that your notes stay Protected.\n【Versatile Organizer】The spiral clipboard folio with folders is a versatile tool for students, teacher, nurse, professionals, artists, travelers, business, school, and anyone who needs to stay organized. Perfect for storing notes, documents, sketches, and more. This can be a great gift for friends, family, and loved ones on birthdays, the school year, Christmas, Thanksgiving, or New Year,and the like.\n【Customer Service】Ospelelf is dedicated to providing excellent customer service, and at all times available to answer any questions or concerns.Your 100% satisfaction is our mission. If in case you have any questions about the folding clipboard, please feel free to contact us and we can work out the best solution for you.",,,taxable,,1,,,0,0,,,,,1,,,26.99,"Office Products",,,"https://m.media-amazon.com/images/I/41aRSYoVAVL.jpg, https://m.media-amazon.com/images/I/41aRSYoVAVL.jpg",,,,,,,https://4anurse.com/?redirectAmzASIN=B0CFQBBS2L&redirect_prodid=amz-B0CFQBBS2L,,0,,,,,,"[gallery]
【Premium Materials】Unlike other flimsy folders, it features a sturdy metal clip with gripping and double screw coil to provide a {Secure|Safe|Protected} way and organized way to store. The PP folder, PVC pouch, elastic pen loop and closure keep everything organized and {Secure|Safe|Protected}, avoiding tears, breaks, and lost accessories. The removable notepad with 25 pages {won't|would possibly not|may not} bleed ink. Our clipboard folio is designed to address common issues found in low-quality organizers.
【{Secure|Safe|Protected} Storage】The portfolio organizer has a clear pouch with a zipper that provides a {Secure|Safe|Protected} place to store documents, notes, or other items {when you're|when you are|if you end up|if you find yourself|when you find yourself} on the go. The clipboard comes with 5 plastic folders that have 10 pockets, fitting all standard US letter-size sheets (11"" x 8.5""). {It is a|This is a|This can be a} great way to keep your papers organized and easily accessible.
【Portable Efficiency】Measuring at 12.2*10*0.79 inches, it easily fits into your work bag, laptop case, large handbag, or backpack. The surface is hard enough so {you can|you'll be able to|you'll} write and draw on it even {when you're|when you are|if you end up|if you find yourself|when you find yourself} standing, making it ideal for presentations or note-taking {during|all the way through|throughout|all through|right through|all over} meetings. The clip provides easy gripping and can hold up to 80-100 sheets of paper, ensuring that your notes stay {Secure|Safe|Protected}.
【Versatile Organizer】The spiral clipboard folio with folders is a versatile tool for students, teacher, nurse, professionals, artists, travelers, business, school, and anyone who needs to stay organized. Perfect for storing notes, documents, sketches, and more. {It is a|This is a|This can be a} great gift for friends, family, and loved ones on birthdays, the school year, Christmas, Thanksgiving, or New Year,{etc|and so on|and so forth|and the like}.
【Customer Service】Ospelelf is dedicated to providing excellent customer service, and {always|all the time|at all times} available to answer any questions or concerns.Your 100% satisfaction is our mission. {If you have|When you have|In case you have|When you've got|If in case you have|You probably have} any questions about the folding clipboard, please feel free to contact us and {we will|we will be able to|we can} work out the best solution for you.","[gallery]
【Premium Materials】Unlike other flimsy folders, it features a sturdy metal clip with gripping and double screw coil to provide a {Protected|Safe|Secure} way and organized way to store. The PP folder, PVC pouch, elastic pen loop and closure keep everything organized and {Protected|Safe|Secure}, avoiding tears, breaks, and lost accessories. The removable notepad with 25 pages {may not|would possibly not|won't} bleed ink. Our clipboard folio is designed to address common issues found in low-quality organizers.
【{Protected|Safe|Secure} Storage】The portfolio organizer has a clear pouch with a zipper that provides a {Protected|Safe|Secure} place to store documents, notes, or other items {if you end up|when you find yourself|if you find yourself|when you are|when you're} on the go. The clipboard comes with 5 plastic folders that have 10 pockets, fitting all standard US letter-size sheets (11"" x 8.5""). {This can be a|This is a|It is a} great way to keep your papers organized and easily accessible.
【Portable Efficiency】Measuring at 12.2*10*0.79 inches, it easily fits into your work bag, laptop case, large handbag, or backpack. The surface is hard enough so {you'll be able to|you'll|you can} write and draw on it even {if you end up|when you find yourself|if you find yourself|when you are|when you're} standing, making it ideal for presentations or note-taking {all through|right through|throughout|all the way through|all over|during} meetings. The clip provides easy gripping and can hold up to 80-100 sheets of paper, ensuring that your notes stay {Protected|Safe|Secure}.
【Versatile Organizer】The spiral clipboard folio with folders is a versatile tool for students, teacher, nurse, professionals, artists, travelers, business, school, and anyone who needs to stay organized. Perfect for storing notes, documents, sketches, and more. {This can be a|This is a|It is a} great gift for friends, family, and loved ones on birthdays, the school year, Christmas, Thanksgiving, or New Year,{and the like|and so on|and so forth|etc}.
【Customer Service】Ospelelf is dedicated to providing excellent customer service, and {at all times|all the time|always} available to answer any questions or concerns.Your 100% satisfaction is our mission. {If in case you have|In case you have|When you've got|When you have|You probably have|If you have} any questions about the folding clipboard, please feel free to contact us and {we can|we will be able to|we will} work out the best solution for you.","[gallery]
【Premium Materials】Unlike other flimsy folders, it features a sturdy metal clip with gripping and double screw coil to provide a secure way and organized way to store. The PP folder, PVC pouch, elastic pen loop and closure keep everything organized and secure, avoiding tears, breaks, and lost accessories. The removable notepad with 25 pages won't bleed ink. Our clipboard folio is designed to address common issues found in low-quality organizers.
【Secure Storage】The portfolio organizer has a clear pouch with a zipper that provides a secure place to store documents, notes, or other items when you're on the go. The clipboard comes with 5 plastic folders that have 10 pockets, fitting all standard US letter-size sheets (11"" x 8.5""). It is a great way to keep your papers organized and easily accessible.
【Portable Efficiency】Measuring at 12.2*10*0.79 inches, it easily fits into your work bag, laptop case, large handbag, or backpack. The surface is hard enough so you can write and draw on it even when you're standing, making it ideal for presentations or note-taking during meetings. The clip provides easy gripping and can hold up to 80-100 sheets of paper, ensuring that your notes stay secure.
【Versatile Organizer】The spiral clipboard folio with folders is a versatile tool for students, teacher, nurse, professionals, artists, travelers, business, school, and anyone who needs to stay organized. Perfect for storing notes, documents, sketches, and more. It is a great gift for friends, family, and loved ones on birthdays, the school year, Christmas, Thanksgiving, or New Year,etc.
【Customer Service】Ospelelf is dedicated to providing excellent customer service, and always available to answer any questions or concerns.Your 100% satisfaction is our mission. If you have any questions about the folding clipboard, please feel free to contact us and we will work out the best solution for you.",B0CFQBBS2L,com,999999,amz-B0CFQBBS2L,amazon,https://www.amazon.com/dp/B0CFQBBS2L/,1747065768,0,0,1,208,0,208,,0,0,1778970612,invalid,37
1150,external,,,"Tribe RN Nursing Clipboard with Storage - Medical Clipboard Nursing Essentials for Nurses and Nursing Students School Supplies with Quick Access Reference Guide (Pink)",1,0,visible,"Tribe RN nurse clipboard features 1"" storage for all your nursing essentials. Features a pen holder and can store up to 200 letter-sized documents. Keep your reports HIPAA compliant and your pockets light.\nOur clipboards are must-have nursing student essentials and feature a color-coded cheat sheet to give you quick access to the vital information you need plus lifetime access to our exclusive online resource library.\nTribe RN is the leading brand for nursing school supplies. Our clipboard comes with access to downloadable cheat sheet PDFs that are perfect to keep on your phone, print out, or use to study for NCLEX!","[gallery]\nTribe RN nurse clipboard features 1"" storage for all of your nursing essentials. Features a pen holder and can store as much as 200 letter-sized documents. Keep your reports HIPAA compliant and your pockets light.\nOur clipboards are should-have nursing student essentials and feature a color-coded cheat sheet to provide you with quick get admission to to the essential information you want plus lifetime get admission to to our exclusive online resource library.\nTribe RN is the leading brand for nursing school supplies. Our clipboard comes with get admission to to downloadable cheat sheet PDFs which might be perfect to keep on your phone, print out, or use to study for NCLEX!\nWe provide all of your nursing clinical essentials; our cheat sheet downloads include two General Med, Hematology, Labs, Medical Spanish, Newborn, NICU, OB/L&D, Pediatrics, Pharmacy, Respiratory References, and more! (See insert card for details.)\nVery important nursing accessories designed to maximize storage space whilst still being sleek. Our clipboard is easy to take with you to your next shift or clinical rounds so you are never caught off guard!",,,taxable,,1,,,0,0,,,,,1,,19.85,21.14,"Office Products",,,"https://m.media-amazon.com/images/I/51QhvadiaNL.jpg, https://m.media-amazon.com/images/I/51QhvadiaNL.jpg",,,,,,,https://4anurse.com/?redirectAmzASIN=B01M1UZTLG&redirect_prodid=amz-B01M1UZTLG,,0,,,,,,"[gallery]
Tribe RN nurse clipboard features 1"" storage for {all your|all of your|your whole|your entire} nursing essentials. Features a pen holder and can store {up to|as much as} 200 letter-sized documents. Keep your reports HIPAA compliant and your pockets light.
Our clipboards are {must|will have to|should}-have nursing student essentials and feature a color-coded cheat sheet to {give you|come up with|provide you with} quick {access|get entry to|get right of entry to|get admission to} to the {vital|important|essential|necessary} information {you need|you wish to have|you want} plus lifetime {access|get entry to|get right of entry to|get admission to} to our exclusive online resource library.
Tribe RN is the leading brand for nursing school supplies. Our clipboard comes with {access|get entry to|get right of entry to|get admission to} to downloadable cheat sheet PDFs {that are|which are|which might be|which can be} perfect to keep on your phone, print out, or use to study for NCLEX!
We provide {all your|all of your|your whole|your entire} nursing clinical essentials; our cheat sheet downloads include two General Med, Hematology, Labs, Medical Spanish, Newborn, NICU, OB/L&D, Pediatrics, Pharmacy, Respiratory References, and more! (See insert card for details.)
{Essential|Very important|Crucial} nursing accessories designed to maximize storage space {while|at the same time as|whilst|even as} still being sleek. Our clipboard is easy to take with you to your next shift or clinical rounds so you are never caught off guard!","[gallery]
Tribe RN nurse clipboard features 1"" storage for {all of your|your whole|your entire|all your} nursing essentials. Features a pen holder and can store {as much as|up to} 200 letter-sized documents. Keep your reports HIPAA compliant and your pockets light.
Our clipboards are {should|will have to|must}-have nursing student essentials and feature a color-coded cheat sheet to {provide you with|come up with|give you} quick {get admission to|get entry to|get right of entry to|access} to the {essential|necessary|important|vital} information {you want|you wish to have|you need} plus lifetime {get admission to|get entry to|get right of entry to|access} to our exclusive online resource library.
Tribe RN is the leading brand for nursing school supplies. Our clipboard comes with {get admission to|get entry to|get right of entry to|access} to downloadable cheat sheet PDFs {which might be|which are|which can be|that are} perfect to keep on your phone, print out, or use to study for NCLEX!
We provide {all of your|your whole|your entire|all your} nursing clinical essentials; our cheat sheet downloads include two General Med, Hematology, Labs, Medical Spanish, Newborn, NICU, OB/L&D, Pediatrics, Pharmacy, Respiratory References, and more! (See insert card for details.)
{Very important|Crucial|Essential} nursing accessories designed to maximize storage space {whilst|at the same time as|even as|while} still being sleek. Our clipboard is easy to take with you to your next shift or clinical rounds so you are never caught off guard!","[gallery]
Tribe RN nurse clipboard features 1"" storage for all your nursing essentials. Features a pen holder and can store up to 200 letter-sized documents. Keep your reports HIPAA compliant and your pockets light.
Our clipboards are must-have nursing student essentials and feature a color-coded cheat sheet to give you quick access to the vital information you need plus lifetime access to our exclusive online resource library.
Tribe RN is the leading brand for nursing school supplies. Our clipboard comes with access to downloadable cheat sheet PDFs that are perfect to keep on your phone, print out, or use to study for NCLEX!
We provide all your nursing clinical essentials; our cheat sheet downloads include two General Med, Hematology, Labs, Medical Spanish, Newborn, NICU, OB/L&D, Pediatrics, Pharmacy, Respiratory References, and more! (See insert card for details.)
Essential nursing accessories designed to maximize storage space while still being sleek. Our clipboard is easy to take with you to your next shift or clinical rounds so you are never caught off guard!",B01M1UZTLG,com,999999,amz-B01M1UZTLG,amazon,https://www.amazon.com/dp/B01M1UZTLG/,1747065829,0,0,1,209,0,209,,0,0,1778970612,invalid,10
1152,external,,,"Nursing Clipboard Foldable Nurse Clipboard: Medical Folding Clipboards with Nursing Edition Cheat Sheets Pocket Size Foldable Clipboard for Nurses Clinical Clipboards for Students Doctors Black",1,0,visible,"【Foldable, Compact & Portable】This nursing clipboard featured 3 layers trifold board, mini size after fold is 8.95"" x 4.33"" , which is perfect for scrub pocket,medical work bag and handbags. It is convenient to carry to nurse work station or nursing school.The expanded size of this foldable nursing clipboard is 12.2"" x 8.95"", which make it be more convenient, such as take notes and work log\n【180°Expand Flat & No Bending】Our nursing clipboard is designed upgrade hinges that make 3 layers medical clipboard connect tightly when folding clipboards expanded. The end piece of board will not bend and can hold sturdy when writing, so you can write smoothly no matter where you are. This nurse clipboard is perfect gifts for nursing school students, teachers, doctors and other health care worker\n【Premium Aluminum, Use Sturdy】This foldable clipboard made of high-quality aluminum material that are sturdy, lightweight, and easy to clean, folding clipboard is great for protecting your clinical cheat sheet, or other important documents from getting dirt or wet. This aluminum nursing clipboard with strong metal clips is perfect for years usage that can hold up to 50 pieces of sheets","[gallery]\n【Foldable, Compact & Portable】This nursing clipboard featured 3 layers trifold board, mini size after fold is 8.95"" x 4.33"" , which is perfect for scrub pocket,medical work bag and handbags. It is convenient to carry to nurse work station or nursing school.The expanded size of this foldable nursing clipboard is 12.2"" x 8.95"", which make it be more convenient, such as take notes and work log\n【180°Expand Flat & No Bending】Our nursing clipboard is designed upgrade hinges that make 3 layers medical clipboard connect tightly when folding clipboards expanded. The end piece of board won't bend and can hold sturdy when writing, so you'll write smoothly no matter where you are. This nurse clipboard is perfect gifts for nursing school students, teachers, doctors and other health care worker\n【Premium Aluminum, Use Sturdy】This foldable clipboard made of high-quality aluminum material that are sturdy, lightweight, and easy to clean, folding clipboard is great for protecting your clinical cheat sheet, or other important documents from getting dirt or wet. This aluminum nursing clipboard with strong metal clips is perfect for years usage that can hold up to 50 pieces of sheets\n【Nursing Cheat Sheets】Our nurse clipboard built in nursing cheat sheet that are custom made from a premium high gloss PVC material, strong and water resistant. All foldable nursing clipboard stickers feature color-coded references that come up with quick get admission to to the information you wish to have. Vital Signs, ABG, QRS Complex , BMI Weight Status References are all there to make the lives of nursing students and nurses a little easier\n【HIPAA Compliant, Medical Body of workers Essentials】This pocket size folding clipboard may also be tri-folded so that you can keep your reports HIPAA compliant. It is great for nurses, doctors, medical students, nursing school teachers or any other healthcare professional to keep and use their work document better. After-sale Service: You probably have any question about the nurses clipboards, please feel free to contact us, we will be able to solve in 24hour for you",,,taxable,,1,,,0,0,,,,,1,,,19.99,"Office Products",,,"https://m.media-amazon.com/images/I/51O6D02-VXL.jpg, https://m.media-amazon.com/images/I/51O6D02-VXL.jpg",,,,,,,https://4anurse.com/?redirectAmzASIN=B0CLSBX3TY&redirect_prodid=amz-B0CLSBX3TY,,0,,,,,,"[gallery]
【Foldable, Compact & Portable】This nursing clipboard featured 3 layers trifold board, mini size after fold is 8.95"" x 4.33"" , which is perfect for scrub pocket,medical work bag and handbags. It is convenient to carry to nurse work station or nursing school.The expanded size of this foldable nursing clipboard is 12.2"" x 8.95"", which make it be more convenient, such as take notes and work log
【180°Expand Flat & No Bending】Our nursing clipboard is designed upgrade hinges that make 3 layers medical clipboard connect tightly when folding clipboards expanded. The end piece of board {will not|won't|is not going to} bend and can hold sturdy when writing, so {you can|you'll be able to|you'll} write smoothly no matter where you are. This nurse clipboard is perfect gifts for nursing school students, teachers, doctors and other health care worker
【Premium Aluminum, Use Sturdy】This foldable clipboard made of high-quality aluminum material that are sturdy, lightweight, and easy to clean, folding clipboard is great for protecting your clinical cheat sheet, or other important documents from getting dirt or wet. This aluminum nursing clipboard with strong metal clips is perfect for years usage that can hold up to 50 pieces of sheets
【Nursing Cheat Sheets】Our nurse clipboard built in nursing cheat sheet that are custom made from a premium high gloss PVC material, strong and water resistant. All foldable nursing clipboard stickers feature color-coded references that {give you|come up with|provide you with} quick {access|get entry to|get right of entry to|get admission to} to the information {you need|you wish to have|you want}. Vital Signs, ABG, QRS Complex , BMI Weight Status References are all there to make the lives of nursing students and nurses a little easier
【HIPAA Compliant, Medical {Staff|Body of workers|Workforce|Team of workers|Group of workers|Personnel} Essentials】This pocket size folding clipboard {can be|can also be|may also be|will also be} tri-folded {that will|in order to|so that you can|so as to|to be able to|so that they can|that allows you to|so they can|with a view to|with a purpose to|on the way to|as a way to|so one can|with the intention to|in an effort to|so we can|which will|a good way to|if you want to|for you to|so that it will} keep your reports HIPAA compliant. It is great for nurses, doctors, medical students, nursing school teachers or any other healthcare professional to keep and use their work document better. After-sale Service: {If you have|When you have|In case you have|When you've got|If in case you have|You probably have} any question about the nurses clipboards, please feel free to contact us, {we will|we will be able to|we can} solve in 24hour for you","[gallery]
【Foldable, Compact & Portable】This nursing clipboard featured 3 layers trifold board, mini size after fold is 8.95"" x 4.33"" , which is perfect for scrub pocket,medical work bag and handbags. It is convenient to carry to nurse work station or nursing school.The expanded size of this foldable nursing clipboard is 12.2"" x 8.95"", which make it be more convenient, such as take notes and work log
【180°Expand Flat & No Bending】Our nursing clipboard is designed upgrade hinges that make 3 layers medical clipboard connect tightly when folding clipboards expanded. The end piece of board {won't|is not going to|will not} bend and can hold sturdy when writing, so {you'll|you'll be able to|you can} write smoothly no matter where you are. This nurse clipboard is perfect gifts for nursing school students, teachers, doctors and other health care worker
【Premium Aluminum, Use Sturdy】This foldable clipboard made of high-quality aluminum material that are sturdy, lightweight, and easy to clean, folding clipboard is great for protecting your clinical cheat sheet, or other important documents from getting dirt or wet. This aluminum nursing clipboard with strong metal clips is perfect for years usage that can hold up to 50 pieces of sheets
【Nursing Cheat Sheets】Our nurse clipboard built in nursing cheat sheet that are custom made from a premium high gloss PVC material, strong and water resistant. All foldable nursing clipboard stickers feature color-coded references that {come up with|provide you with|give you} quick {get admission to|get entry to|get right of entry to|access} to the information {you wish to have|you want|you need}. Vital Signs, ABG, QRS Complex , BMI Weight Status References are all there to make the lives of nursing students and nurses a little easier
【HIPAA Compliant, Medical {Body of workers|Team of workers|Personnel|Workforce|Group of workers|Staff} Essentials】This pocket size folding clipboard {may also be|will also be|can also be|can be} tri-folded {so that you can|so we can|on the way to|in an effort to|so one can|as a way to|with a view to|in order to|so that it will|which will|so as to|if you want to|to be able to|so that they can|a good way to|so they can|for you to|that allows you to|with the intention to|with a purpose to|that will} keep your reports HIPAA compliant. It is great for nurses, doctors, medical students, nursing school teachers or any other healthcare professional to keep and use their work document better. After-sale Service: {You probably have|In case you have|When you have|If in case you have|When you've got|If you have} any question about the nurses clipboards, please feel free to contact us, {we will be able to|we can|we will} solve in 24hour for you","[gallery]
【Foldable, Compact & Portable】This nursing clipboard featured 3 layers trifold board, mini size after fold is 8.95"" x 4.33"" , which is perfect for scrub pocket,medical work bag and handbags. It is convenient to carry to nurse work station or nursing school.The expanded size of this foldable nursing clipboard is 12.2"" x 8.95"", which make it be more convenient, such as take notes and work log
【180°Expand Flat & No Bending】Our nursing clipboard is designed upgrade hinges that make 3 layers medical clipboard connect tightly when folding clipboards expanded. The end piece of board will not bend and can hold sturdy when writing, so you can write smoothly no matter where you are. This nurse clipboard is perfect gifts for nursing school students, teachers, doctors and other health care worker
【Premium Aluminum, Use Sturdy】This foldable clipboard made of high-quality aluminum material that are sturdy, lightweight, and easy to clean, folding clipboard is great for protecting your clinical cheat sheet, or other important documents from getting dirt or wet. This aluminum nursing clipboard with strong metal clips is perfect for years usage that can hold up to 50 pieces of sheets
【Nursing Cheat Sheets】Our nurse clipboard built in nursing cheat sheet that are custom made from a premium high gloss PVC material, strong and water resistant. All foldable nursing clipboard stickers feature color-coded references that give you quick access to the information you need. Vital Signs, ABG, QRS Complex , BMI Weight Status References are all there to make the lives of nursing students and nurses a little easier
【HIPAA Compliant, Medical Staff Essentials】This pocket size folding clipboard can be tri-folded that will keep your reports HIPAA compliant. It is great for nurses, doctors, medical students, nursing school teachers or any other healthcare professional to keep and use their work document better. After-sale Service: If you have any question about the nurses clipboards, please feel free to contact us, we will solve in 24hour for you",B0CLSBX3TY,com,999999,amz-B0CLSBX3TY,amazon,https://www.amazon.com/dp/B0CLSBX3TY/,1747065829,0,0,1,218,0,218,,0,0,1778970612,invalid,15
1154,external,,,"Nursing Clipboard with Nursing and Medical Edition Cheat Sheets Nursing School Essentials - Aluminum Foldable Nurse Clip Boards Essential Accessory for Efficient Patient Care (Mint)",1,0,visible,"Versatile Nursing Clipboard: Elevate your efficiency with our nursing clipboard designed for nurses, nursing students, and doctors, offering unparalleled convenience during long shifts and hectic schedules.\nCompact and Portable Design: Crafted from lightweight aluminum, our foldable nursing clipboard easily fits into your scrubs pocket, ensuring easy access to patient files and notes wherever duty calls.\nEnhanced Functionality: With the ability to fold up to half its size, this clipboard enables seamless mobility, allowing you to effortlessly jot down vital information during meetings, interviews, or bedside consultations.","[gallery]\nVersatile Nursing Clipboard: Elevate your efficiency with our nursing clipboard designed for nurses, nursing students, and doctors, offering unparalleled convenience all over long shifts and hectic schedules.\nCompact and Portable Design: Crafted from lightweight aluminum, our foldable nursing clipboard easily fits into your scrubs pocket, making sure easy Get right of entry to to patient files and notes wherever duty calls.\nEnhanced Functionality: Having the ability to fold as much as half its size, this clipboard enables seamless mobility, allowing you to effortlessly jot down necessary information all over meetings, interviews, or bedside consultations.\nFree Nursing and Medical Cheat Sheets: Get right of entry to crucial medical references and protocols with our included cheat sheets, aiding in quick decision-making and making sure optimal patient care.\nAmple Storage Capacity: Equipped to carry 15-30 sheets of standard paper without creasing, our nurse clipboard provides ample space for documents, making sure all important paperwork remains organized and easily accessible.",,,taxable,,1,,,0,0,,,,,1,,,17.99,"Office Products",,,"https://m.media-amazon.com/images/I/41wwQ+pqQkL.jpg, https://m.media-amazon.com/images/I/41wwQ+pqQkL.jpg",,,,,,,https://4anurse.com/?redirectAmzASIN=B0CZPYJYWZ&redirect_prodid=amz-B0CZPYJYWZ,,0,,,,,,"[gallery]
Versatile Nursing Clipboard: Elevate your efficiency with our nursing clipboard designed for nurses, nursing students, and doctors, offering unparalleled convenience {during|all the way through|throughout|all through|right through|all over} long shifts and hectic schedules.
Compact and Portable Design: Crafted from lightweight aluminum, our foldable nursing clipboard easily fits into your scrubs pocket, {ensuring|making sure} easy {Access|Get entry to|Get right of entry to|Get admission to} to patient files and notes wherever duty calls.
Enhanced Functionality: {With the ability to|Being able to|Having the ability to} fold {up to|as much as} half its size, this clipboard enables seamless mobility, allowing you to effortlessly jot down {vital|important|essential|necessary} information {during|all the way through|throughout|all through|right through|all over} meetings, interviews, or bedside consultations.
Free Nursing and Medical Cheat Sheets: {Access|Get entry to|Get right of entry to|Get admission to} {essential|very important|crucial} medical references and protocols with our included cheat sheets, aiding in quick decision-making and {ensuring|making sure} optimal patient care.
Ample Storage Capacity: Equipped {to hold|to carry} 15-30 sheets {of regular|of normal|of standard} paper without creasing, our nurse clipboard provides ample space for documents, {ensuring|making sure} all {necessary|important|essential|vital} paperwork remains organized and easily accessible.","[gallery]
Versatile Nursing Clipboard: Elevate your efficiency with our nursing clipboard designed for nurses, nursing students, and doctors, offering unparalleled convenience {all over|right through|all the way through|all through|throughout|during} long shifts and hectic schedules.
Compact and Portable Design: Crafted from lightweight aluminum, our foldable nursing clipboard easily fits into your scrubs pocket, {making sure|ensuring} easy {Get right of entry to|Get admission to|Get entry to|Access} to patient files and notes wherever duty calls.
Enhanced Functionality: {Having the ability to|Being able to|With the ability to} fold {as much as|up to} half its size, this clipboard enables seamless mobility, allowing you to effortlessly jot down {necessary|essential|important|vital} information {all over|right through|all the way through|all through|throughout|during} meetings, interviews, or bedside consultations.
Free Nursing and Medical Cheat Sheets: {Get right of entry to|Get admission to|Get entry to|Access} {crucial|very important|essential} medical references and protocols with our included cheat sheets, aiding in quick decision-making and {making sure|ensuring} optimal patient care.
Ample Storage Capacity: Equipped {to carry|to hold} 15-30 sheets {of standard|of normal|of regular} paper without creasing, our nurse clipboard provides ample space for documents, {making sure|ensuring} all {important|essential|vital|necessary} paperwork remains organized and easily accessible.","[gallery]
Versatile Nursing Clipboard: Elevate your efficiency with our nursing clipboard designed for nurses, nursing students, and doctors, offering unparalleled convenience during long shifts and hectic schedules.
Compact and Portable Design: Crafted from lightweight aluminum, our foldable nursing clipboard easily fits into your scrubs pocket, ensuring easy access to patient files and notes wherever duty calls.
Enhanced Functionality: With the ability to fold up to half its size, this clipboard enables seamless mobility, allowing you to effortlessly jot down vital information during meetings, interviews, or bedside consultations.
Free Nursing and Medical Cheat Sheets: Access essential medical references and protocols with our included cheat sheets, aiding in quick decision-making and ensuring optimal patient care.
Ample Storage Capacity: Equipped to hold 15-30 sheets of regular paper without creasing, our nurse clipboard provides ample space for documents, ensuring all necessary paperwork remains organized and easily accessible.",B0CZPYJYWZ,com,999999,amz-B0CZPYJYWZ,amazon,https://www.amazon.com/dp/B0CZPYJYWZ/,1747065888,0,0,1,213,0,213,,0,0,1778970612,invalid,26
1156,external,,,"Ospelelf Clipboard with Storage 8.5 X 11，Padfolio Organizer, Spiral Portfolio Letter Size with Notepad, Pen Holder, 5 Extra Folder Divider Pages, Elastic Closure Nurse Office Essentials (Polka Dots)",1,0,visible,"Portfolio Folder with Clipboard: Everything you need in one - clipboard, folders, and notebook! Our Padfolio is designed for the idea of both multifunctional and dashing, the metal clipboard allows you to jot down notes and it holds up to 80-100 sheets. The elastic side straps not only keep it securely closed but also offer convenient storage for loose papers and small items. The side pen loop enable you to keep your pen stable, while the removable notepad (11*8.5"") offers ultimate convenience\nVersatile Organizer with Large Capacity - Our clipboard with storage is 360°ｰ foldable and features a retractable transparent phone pocket (with a charging port) that can accommodate a 6.7"" phone, the pockets on the left side are of big capacity to hold your cards, passport, ipad and other valuables. It also offers 5 folders and divider with index stickers on the right side to keep your files well organized, which is perfect for all your daily routines and business travel needs\nPremium Material & Ideal Size - Our business portfolio folder is crafted by high-quality PU leather material and reinforced stitching, making it more durable than cardboard ones. And the 0.87'' metal spiral is sturdy and not easily-broken, so as the poly binder divider(8.5 x 11'') that is water-resistant and anti-tearing. The expanded size is 20.08 x 12.02"", and the folded size is 12.02 x 10.03"", making it ideal for A4/Letter and a perfect choice for all occasions","[gallery]\nPortfolio Folder with Clipboard: Everything you wish to have in one - clipboard, folders, and notebook! Our Padfolio is designed for the idea of both multifunctional and dashing, the metal clipboard lets you jot down notes and it holds up to 80-100 sheets. The elastic side straps not only keep it securely closed but also offer convenient storage for loose papers and small items. The side pen loop enable you to keep your pen stable, at the same time as the removable notepad (11*8.5"") offers ultimate convenience\nVersatile Organizer with Large Capacity - Our clipboard with storage is 360°ｰ foldable and features a retractable transparent phone pocket (with a charging port) that can accommodate a 6.7"" phone, the pockets on the left side are of big capacity to hold your cards, passport, ipad and other valuables. It also offers 5 folders and divider with index stickers on the right side to keep your files well organized, which is perfect for your whole daily routines and business shuttle needs\nPremium Material & Ideal Size - Our business portfolio folder is crafted by high-quality PU leather material and reinforced stitching, making it more durable than cardboard ones. And the 0.87'' metal spiral is sturdy and not easily-broken, so as the poly binder divider(8.5 x 11'') that may be water-resistant and anti-tearing. The expanded size is 20.08 x 12.02"", and the folded size is 12.02 x 10.03"", making it ideal for A4/Letter and a perfect choice for all occasions\nImproved Productivity: Note taking, studying, and organizing just got easier with this all-in-one clipboard organizer. Perfect choice for school, office, nursing, teachers, students, lawyers, and more. It's the very best gift for back to school, Valentine's Day, Easter, Mother's Day, Halloween, Thanksgiving, and Christmas. We offer a range of gorgeous patterns to surprise and excite all ages, adding personality to the organization process\nService & Warranty - You and your friends will love this cute leather portfolio folder that helps you multitask and stay productive on busy workdays. Quality is our top priority. Your 100% satisfaction is our mission. If in case you have any questions about the clipboard folio, please feel free to contact us and we can work out the most efficient solution for you",,,taxable,,1,,,0,0,,,,,1,,24.28,26.99,"Office Products",,,"https://m.media-amazon.com/images/I/51Pa27GkVbL.jpg, https://m.media-amazon.com/images/I/51Pa27GkVbL.jpg",,,,,,,https://4anurse.com/?redirectAmzASIN=B0BV24FBNF&redirect_prodid=amz-B0BV24FBNF,,0,,,,,,"[gallery]
Portfolio Folder with Clipboard: Everything {you need|you wish to have|you want} in one - clipboard, folders, and notebook! Our Padfolio is designed for the idea of both multifunctional and dashing, the metal clipboard {allows you to|permits you to|lets you|means that you can} jot down notes and it holds up to 80-100 sheets. The elastic side straps not only keep it securely closed but also offer convenient storage for loose papers and small items. The side pen loop enable you to keep your pen stable, {while|at the same time as|whilst|even as} the removable notepad (11*8.5"") offers ultimate convenience
Versatile Organizer with Large Capacity - Our clipboard with storage is 360°ｰ foldable and features a retractable transparent phone pocket (with a charging port) that can accommodate a 6.7"" phone, the pockets on the left side are of big capacity to hold your cards, passport, ipad and other valuables. It also offers 5 folders and divider with index stickers on the right side to keep your files well organized, which is perfect for {all your|all of your|your whole|your entire} daily routines and business {travel|go back and forth|commute|trip|shuttle} needs
Premium Material & Ideal Size - Our business portfolio folder is crafted by high-quality PU leather material and reinforced stitching, making it more durable than cardboard ones. And the 0.87'' metal spiral is sturdy and not easily-broken, so as the poly binder divider(8.5 x 11'') {that is|that may be} water-resistant and anti-tearing. The expanded size is 20.08 x 12.02"", and the folded size is 12.02 x 10.03"", making it ideal for A4/Letter and a perfect choice for all occasions
Improved Productivity: Note taking, studying, and organizing just got easier with this all-in-one clipboard organizer. Perfect choice for school, office, nursing, teachers, students, lawyers, and more. It's {the perfect|the very best|the easiest} gift for back to school, Valentine's Day, Easter, Mother's Day, Halloween, Thanksgiving, and Christmas. We offer a range of gorgeous patterns to surprise and excite all ages, adding personality to the organization process
Service & Warranty - You and your friends will love this cute leather portfolio folder that helps you multitask and stay productive on busy workdays. Quality is our top priority. Your 100% satisfaction is our mission. {If you have|When you have|In case you have|When you've got|If in case you have|You probably have} any questions about the clipboard folio, please feel free to contact us and {we will|we will be able to|we can} work out {the best|the most productive|the most efficient} solution for you","[gallery]
Portfolio Folder with Clipboard: Everything {you wish to have|you want|you need} in one - clipboard, folders, and notebook! Our Padfolio is designed for the idea of both multifunctional and dashing, the metal clipboard {lets you|permits you to|means that you can|allows you to} jot down notes and it holds up to 80-100 sheets. The elastic side straps not only keep it securely closed but also offer convenient storage for loose papers and small items. The side pen loop enable you to keep your pen stable, {at the same time as|even as|whilst|while} the removable notepad (11*8.5"") offers ultimate convenience
Versatile Organizer with Large Capacity - Our clipboard with storage is 360°ｰ foldable and features a retractable transparent phone pocket (with a charging port) that can accommodate a 6.7"" phone, the pockets on the left side are of big capacity to hold your cards, passport, ipad and other valuables. It also offers 5 folders and divider with index stickers on the right side to keep your files well organized, which is perfect for {your whole|your entire|all of your|all your} daily routines and business {shuttle|go back and forth|trip|commute|travel} needs
Premium Material & Ideal Size - Our business portfolio folder is crafted by high-quality PU leather material and reinforced stitching, making it more durable than cardboard ones. And the 0.87'' metal spiral is sturdy and not easily-broken, so as the poly binder divider(8.5 x 11'') {that may be|that is} water-resistant and anti-tearing. The expanded size is 20.08 x 12.02"", and the folded size is 12.02 x 10.03"", making it ideal for A4/Letter and a perfect choice for all occasions
Improved Productivity: Note taking, studying, and organizing just got easier with this all-in-one clipboard organizer. Perfect choice for school, office, nursing, teachers, students, lawyers, and more. It's {the very best|the easiest|the perfect} gift for back to school, Valentine's Day, Easter, Mother's Day, Halloween, Thanksgiving, and Christmas. We offer a range of gorgeous patterns to surprise and excite all ages, adding personality to the organization process
Service & Warranty - You and your friends will love this cute leather portfolio folder that helps you multitask and stay productive on busy workdays. Quality is our top priority. Your 100% satisfaction is our mission. {If in case you have|When you have|In case you have|When you've got|You probably have|If you have} any questions about the clipboard folio, please feel free to contact us and {we can|we will be able to|we will} work out {the most efficient|the most productive|the best} solution for you","[gallery]
Portfolio Folder with Clipboard: Everything you need in one - clipboard, folders, and notebook! Our Padfolio is designed for the idea of both multifunctional and dashing, the metal clipboard allows you to jot down notes and it holds up to 80-100 sheets. The elastic side straps not only keep it securely closed but also offer convenient storage for loose papers and small items. The side pen loop enable you to keep your pen stable, while the removable notepad (11*8.5"") offers ultimate convenience
Versatile Organizer with Large Capacity - Our clipboard with storage is 360°ｰ foldable and features a retractable transparent phone pocket (with a charging port) that can accommodate a 6.7"" phone, the pockets on the left side are of big capacity to hold your cards, passport, ipad and other valuables. It also offers 5 folders and divider with index stickers on the right side to keep your files well organized, which is perfect for all your daily routines and business travel needs
Premium Material & Ideal Size - Our business portfolio folder is crafted by high-quality PU leather material and reinforced stitching, making it more durable than cardboard ones. And the 0.87'' metal spiral is sturdy and not easily-broken, so as the poly binder divider(8.5 x 11'') that is water-resistant and anti-tearing. The expanded size is 20.08 x 12.02"", and the folded size is 12.02 x 10.03"", making it ideal for A4/Letter and a perfect choice for all occasions
Improved Productivity: Note taking, studying, and organizing just got easier with this all-in-one clipboard organizer. Perfect choice for school, office, nursing, teachers, students, lawyers, and more. It's the perfect gift for back to school, Valentine's Day, Easter, Mother's Day, Halloween, Thanksgiving, and Christmas. We offer a range of gorgeous patterns to surprise and excite all ages, adding personality to the organization process
Service & Warranty - You and your friends will love this cute leather portfolio folder that helps you multitask and stay productive on busy workdays. Quality is our top priority. Your 100% satisfaction is our mission. If you have any questions about the clipboard folio, please feel free to contact us and we will work out the best solution for you",B0BV24FBNF,com,999999,amz-B0BV24FBNF,amazon,https://www.amazon.com/dp/B0BV24FBNF/,1747065948,0,0,1,217,0,217,,0,0,1778970612,invalid,23
1158,external,,,"Sooez Clipboards with Storage, Plastic Clip Boards 8.5x11 with Pen Holder, Document Folder Paper Folio Holder, Organizer Case Box for Nurses Teachers Women, School & Office Supplies, Letter / A4 Size",1,0,visible,"Excellent Design: Including a low-profile metal clip with ergonomic finger grips; 2 compartments ensure roomy space for various needs of storage. There is a hole on the back that enables you to be able to hang this coach clipboard up.\nHigh Capacity: Equipped with both a paper storage component that holds twice as much paper as other clipboards and a built-in pencil case. The high-capacity medical clipboard can securely hold up more than 200 letter-sized documents, and up to 6 pencils.\nDurable & Cleanable Clipboard Case: Made of sturdy & water-proof polypropylene which is easily be wiped down to assure no spread of bacteria. High-end quality and the unique hinge-and-clasp system allow it stands up to daily use.","[gallery]\nExcellent Design: Including a low-profile metal clip with ergonomic finger grips; 2 compartments ensure that roomy space for more than a few needs of storage. There's a hole at the back that enables you with the intention to hang this coach clipboard up.\nHigh Capacity: Equipped with both a paper storage component that holds twice as much paper as other clipboards and a built-in pencil case. The high-capacity medical clipboard can securely hold up more than 200 letter-sized documents, and as much as 6 pencils.\nDurable & Cleanable Clipboard Case: Made of sturdy & water-proof polypropylene which is easily be wiped down to assure no spread of bacteria. High-end quality and the unique hinge-and-clasp system allow it stands as much as day-to-day use.\nKeep All-in-one：Keep track of assignments completed and store the items (pens, pencils, paper, rulers) we may need multi function place with a storage clipboard.\nSmooth Surface: The 10""W x 1-1/4""D x 14-1/2""H clip board surface is smooth and hard enough so you'll be able to write and draw at the surface even when you're standing.",,,taxable,,1,,,0,0,,,,,1,,,8.99,"Office Products",,,"https://m.media-amazon.com/images/I/310wAMYf5EL.jpg, https://m.media-amazon.com/images/I/310wAMYf5EL.jpg",,,,,,,https://4anurse.com/?redirectAmzASIN=B0BBG3DPP9&redirect_prodid=amz-B0BBG3DPP9,,0,,,,,,"[gallery]
Excellent Design: Including a low-profile metal clip with ergonomic finger grips; 2 compartments {ensure|make sure|make certain|be sure|ensure that|be certain that|make sure that|be sure that|be certain} roomy space for {various|more than a few|quite a lot of} needs of storage. {There is a|There's a} hole {on the|at the} back that enables you {to be able to|so that you can|so as to|so to|in an effort to|as a way to|with the intention to|so that you could} hang this coach clipboard up.
High Capacity: Equipped with both a paper storage component that holds twice as much paper as other clipboards and a built-in pencil case. The high-capacity medical clipboard can securely hold up more than 200 letter-sized documents, and {up to|as much as} 6 pencils.
Durable & Cleanable Clipboard Case: Made of sturdy & water-proof polypropylene which is easily be wiped down to assure no spread of bacteria. High-end quality and the unique hinge-and-clasp system allow it stands {up to|as much as} {daily|day by day|day-to-day} use.
Keep All-in-one：Keep track of assignments completed and store the items (pens, pencils, paper, rulers) we may need {all in one|multi functional|multi function} place with a storage clipboard.
Smooth Surface: The 10""W x 1-1/4""D x 14-1/2""H clip board surface is smooth and hard enough so {you can|you'll be able to|you'll} write and draw {on the|at the} surface even {when you are|when you're|if you end up|if you find yourself|when you find yourself} standing.","[gallery]
Excellent Design: Including a low-profile metal clip with ergonomic finger grips; 2 compartments {ensure that|make certain|be certain that|be sure that|make sure|be certain|make sure that|be sure|ensure} roomy space for {more than a few|quite a lot of|various} needs of storage. {There's a|There is a} hole {at the|on the} back that enables you {with the intention to|as a way to|so to|so that you can|so that you could|in an effort to|so as to|to be able to} hang this coach clipboard up.
High Capacity: Equipped with both a paper storage component that holds twice as much paper as other clipboards and a built-in pencil case. The high-capacity medical clipboard can securely hold up more than 200 letter-sized documents, and {as much as|up to} 6 pencils.
Durable & Cleanable Clipboard Case: Made of sturdy & water-proof polypropylene which is easily be wiped down to assure no spread of bacteria. High-end quality and the unique hinge-and-clasp system allow it stands {as much as|up to} {day-to-day|day by day|daily} use.
Keep All-in-one：Keep track of assignments completed and store the items (pens, pencils, paper, rulers) we may need {multi function|multi functional|all in one} place with a storage clipboard.
Smooth Surface: The 10""W x 1-1/4""D x 14-1/2""H clip board surface is smooth and hard enough so {you'll be able to|you'll|you can} write and draw {at the|on the} surface even {when you're|if you end up|when you find yourself|if you find yourself|when you are} standing.","[gallery]
Excellent Design: Including a low-profile metal clip with ergonomic finger grips; 2 compartments ensure roomy space for various needs of storage. There is a hole on the back that enables you to be able to hang this coach clipboard up.
High Capacity: Equipped with both a paper storage component that holds twice as much paper as other clipboards and a built-in pencil case. The high-capacity medical clipboard can securely hold up more than 200 letter-sized documents, and up to 6 pencils.
Durable & Cleanable Clipboard Case: Made of sturdy & water-proof polypropylene which is easily be wiped down to assure no spread of bacteria. High-end quality and the unique hinge-and-clasp system allow it stands up to daily use.
Keep All-in-one：Keep track of assignments completed and store the items (pens, pencils, paper, rulers) we may need all in one place with a storage clipboard.
Smooth Surface: The 10""W x 1-1/4""D x 14-1/2""H clip board surface is smooth and hard enough so you can write and draw on the surface even when you are standing.",B0BBG3DPP9,com,999999,amz-B0BBG3DPP9,amazon,https://www.amazon.com/dp/B0BBG3DPP9/,1747066008,0,0,1,196,0,196,,0,0,1778970612,invalid,28
1160,external,,,"Nursing Clipboard Foldable Clipboard Medical: Edition Cheat Sheets Aluminum 3 Layers Foldable Clipboards Nursing Pocket Size Profile Clip Nurse Clipboards Notepad for Nurses Students and Doctors",1,0,visible,"【Foldable Design & Pocket Size】Thoughtful 3 layers folding design, the nursing clipboards can be fold up to half to help you carry it everywhere, that also easy to carry on your pocket, handbags and backpacks .You can take quick notes during meetings or interviews, and nurse clipboard can also greatly secure all your vital documents or person information inside.\n【Built-in Medical Cheat Sheets】The Mini pocket size clipboards features a color-coded reference cheat sheet that gives you quick access to the information you need, that can be easily forgotten in the middle of a hectic duty. Get a safe place to store patient sensitive material, quickly access vital references and have a portable writing surface. Content :Vital Signs, ABG, QRS Complex , BMI Weight Status, and more!\n【Widely Used】This trifold clipboard is a great accessory for nurses, nursing students, as well as doctors! Keep your patient’s files on check and be sure everyone is well taken care of with this unique medical accessory for hospital personnel. Practical design make this folding clipboard medical a serviceable gift for students, teachers, doctors, sales, professionals.","[gallery]\n【Foldable Design & Pocket Size】Thoughtful 3 layers folding design, the nursing clipboards can be fold up to half to help you carry it all over, that also easy to carry on your pocket, handbags and backpacks .You'll take quick notes all the way through meetings or interviews, and nurse clipboard can also greatly protected all your vital documents or person information inside.\n【Built-in Medical Cheat Sheets】The Mini pocket size clipboards features a color-coded reference cheat sheet that gives you quick access to the information you want, that can be easily forgotten in the course of a hectic duty. Get a protected place to store patient sensitive material, quickly access vital references and have a portable writing surface. Content :Vital Signs, ABG, QRS Complex , BMI Weight Status, and more!\n【Widely Used】This trifold clipboard is a great accessory for nurses, nursing students, as well as doctors! Keep your patient’s files on check and be sure everyone is well taken care of with this unique medical accessory for hospital personnel. Practical design make this folding clipboard medical a serviceable gift for students, teachers, doctors, sales, professionals.\n【Long Last Performance】This foldable nursing clipboard are engineered from have an effect on and chemical resistant Aluminum ,which are very durable and reusable.And our nursing cheat sheets on the backside of the clipboard are custom and featured,Made from a premium high gloss PVC material, with a color-coded, strong and water-resistant.\n【Easy to Use】Our nursing clipboard comes up with free cheat sheets, which are wrapped individually , You'll DIY it, anyone can use our clipboard even you don't seem to be doctors or nurses! the foldable clipboard can hold up to 50 pieces of sheets and protected all your documents. No more uncomfortable notebooks now that you have everything on display! Any problem, please feel free to contact us. We will be able to get back to you within 24 hours for any issue.",,,taxable,,1,,,0,0,,,,,1,,,19.98,"Office Products",,,"https://m.media-amazon.com/images/I/51DaAdgdUwL.jpg, https://m.media-amazon.com/images/I/51DaAdgdUwL.jpg",,,,,,,https://4anurse.com/?redirectAmzASIN=B0BHL1WL1M&redirect_prodid=amz-B0BHL1WL1M,,0,,,,,,"[gallery]
【Foldable Design & Pocket Size】Thoughtful 3 layers folding design, the nursing clipboards can be fold up to half to help you carry it {everywhere|all over the place|all over|in all places|far and wide|in every single place}, that also easy to carry on your pocket, handbags and backpacks .{You can|You'll be able to|You'll} take quick notes {during|all the way through|throughout|all through|right through|all over} meetings or interviews, and nurse clipboard can also greatly {secure|safe|protected} all your vital documents or person information inside.
【Built-in Medical Cheat Sheets】The Mini pocket size clipboards features a color-coded reference cheat sheet that gives you quick access to the information {you need|you wish to have|you want}, that can be easily forgotten {in the middle of|in the course of|in the midst of} a hectic duty. Get a {safe|protected|secure} place to store patient sensitive material, quickly access vital references and have a portable writing surface. Content :Vital Signs, ABG, QRS Complex , BMI Weight Status, and more!
【Widely Used】This trifold clipboard is a great accessory for nurses, nursing students, as well as doctors! Keep your patient’s files on check and be sure everyone is well taken care of with this unique medical accessory for hospital personnel. Practical design make this folding clipboard medical a serviceable gift for students, teachers, doctors, sales, professionals.
【Long Last Performance】This foldable nursing clipboard are engineered from {impact|have an effect on|affect} and chemical resistant Aluminum ,which are very durable and reusable.And our nursing cheat sheets on the backside of the clipboard are custom and featured,Made from a premium high gloss PVC material, with a color-coded, strong and water-resistant.
【Easy to Use】Our nursing clipboard comes up with free cheat sheets, which are wrapped individually , {You can|You'll be able to|You'll} DIY it, anyone can use our clipboard even you {are not|don't seem to be|aren't} doctors or nurses! the foldable clipboard can hold up to 50 pieces of sheets and {secure|safe|protected} all your documents. No more uncomfortable notebooks now that you have everything on display! Any problem, please feel free to contact us. {We will|We will be able to|We can} get back to you within 24 hours for any issue.","[gallery]
【Foldable Design & Pocket Size】Thoughtful 3 layers folding design, the nursing clipboards can be fold up to half to help you carry it {all over|in every single place|all over the place|in all places|far and wide|everywhere}, that also easy to carry on your pocket, handbags and backpacks .{You'll|You'll be able to|You can} take quick notes {all the way through|all through|all over|right through|throughout|during} meetings or interviews, and nurse clipboard can also greatly {protected|safe|secure} all your vital documents or person information inside.
【Built-in Medical Cheat Sheets】The Mini pocket size clipboards features a color-coded reference cheat sheet that gives you quick access to the information {you want|you wish to have|you need}, that can be easily forgotten {in the course of|in the midst of|in the middle of} a hectic duty. Get a {protected|secure|safe} place to store patient sensitive material, quickly access vital references and have a portable writing surface. Content :Vital Signs, ABG, QRS Complex , BMI Weight Status, and more!
【Widely Used】This trifold clipboard is a great accessory for nurses, nursing students, as well as doctors! Keep your patient’s files on check and be sure everyone is well taken care of with this unique medical accessory for hospital personnel. Practical design make this folding clipboard medical a serviceable gift for students, teachers, doctors, sales, professionals.
【Long Last Performance】This foldable nursing clipboard are engineered from {have an effect on|affect|impact} and chemical resistant Aluminum ,which are very durable and reusable.And our nursing cheat sheets on the backside of the clipboard are custom and featured,Made from a premium high gloss PVC material, with a color-coded, strong and water-resistant.
【Easy to Use】Our nursing clipboard comes up with free cheat sheets, which are wrapped individually , {You'll|You'll be able to|You can} DIY it, anyone can use our clipboard even you {don't seem to be|aren't|are not} doctors or nurses! the foldable clipboard can hold up to 50 pieces of sheets and {protected|safe|secure} all your documents. No more uncomfortable notebooks now that you have everything on display! Any problem, please feel free to contact us. {We will be able to|We can|We will} get back to you within 24 hours for any issue.","[gallery]
【Foldable Design & Pocket Size】Thoughtful 3 layers folding design, the nursing clipboards can be fold up to half to help you carry it everywhere, that also easy to carry on your pocket, handbags and backpacks .You can take quick notes during meetings or interviews, and nurse clipboard can also greatly secure all your vital documents or person information inside.
【Built-in Medical Cheat Sheets】The Mini pocket size clipboards features a color-coded reference cheat sheet that gives you quick access to the information you need, that can be easily forgotten in the middle of a hectic duty. Get a safe place to store patient sensitive material, quickly access vital references and have a portable writing surface. Content :Vital Signs, ABG, QRS Complex , BMI Weight Status, and more!
【Widely Used】This trifold clipboard is a great accessory for nurses, nursing students, as well as doctors! Keep your patient’s files on check and be sure everyone is well taken care of with this unique medical accessory for hospital personnel. Practical design make this folding clipboard medical a serviceable gift for students, teachers, doctors, sales, professionals.
【Long Last Performance】This foldable nursing clipboard are engineered from impact and chemical resistant Aluminum ,which are very durable and reusable.And our nursing cheat sheets on the backside of the clipboard are custom and featured,Made from a premium high gloss PVC material, with a color-coded, strong and water-resistant.
【Easy to Use】Our nursing clipboard comes up with free cheat sheets, which are wrapped individually , you can DIY it, anyone can use our clipboard even you are not doctors or nurses! the foldable clipboard can hold up to 50 pieces of sheets and secure all your documents. No more uncomfortable notebooks now that you have everything on display! Any problem, please feel free to contact us. We will get back to you within 24 hours for any issue.",B0BHL1WL1M,com,999999,amz-B0BHL1WL1M,amazon,https://www.amazon.com/dp/B0BHL1WL1M/,1747066069,0,0,1,225,0,225,,0,0,1778970612,invalid,8
1162,external,,,"Nursing Clipboard Foldable Pocket Size-Nursing Edition Cheat Sheets Aluminum 3 Layers Foldable Clipboard Nursing Nurse Clipboard Foldable fits in Nurses Doctors(Mint)",1,0,visible,"【Foldable & Compact Size】This foldable nurse clipboard has a trifold design. Its full size is 9.3"" X 11.6"" & folding size is only 4.3"" X 9.3"". It has a low-profile metal clip and pen holder providing a strong grip for your documents. These foldable nursing clipboards can be folded to carry anywhere and take quick notes. nursing student clipboard can also securely hold all your important documents or personal information inside.The nurse clipboard foldable is not too large and bulky to carry around the hospital room\n【Easy to Use】 Our Folding nursing clipboard is ideal for professionals who require quick access to important information on-the-go. foldable nurse clipboard compacts design is perfect for doctors, dentists, lawyers, accountants, teachers, students and more. With the ability to fold down flat, foldable nursing clipboard clipboards can be easily stored in a purse backpack, briefcase, or glove compartment, making it convenient for use alongside other clipboards for nursing students.\n【Smooth Writing Surfaces】 Our Folding Storage Clipboard is an ideal solution for nurses foldable clipboard nursing need to keep patient files organized while on the go. nurse clipboard foldable compacts and lightweight design makes nurse clipboard foldable easy to carry, even during long shifts.clipboard for nursing students folds flat, so nursing essentials won't take up too much space in your bag.Plus, nursing foldable clipboard in various colors to match your nursing student essentials","[gallery]\n【Foldable & Compact Size】This foldable nurse clipboard has a trifold design. Its full size is 9.3"" X 11.6"" & folding size is only 4.3"" X 9.3"". It has a low-profile metal clip and pen holder providing a strong grip for your documents. These foldable nursing clipboards may also be folded to carry anywhere and take quick notes. nursing student clipboard can also securely hold your whole important documents or personal information inside.The nurse clipboard foldable is not too large and bulky to carry around the hospital room\n【Easy to Use】 Our Folding nursing clipboard is ideal for professionals who require quick access to important information on-the-go. foldable nurse clipboard compacts design is perfect for doctors, dentists, lawyers, accountants, teachers, students and more. Having the ability to fold down flat, foldable nursing clipboard clipboards may also be easily stored in a purse backpack, briefcase, or glove compartment, making it convenient for use alongside other clipboards for nursing students.\n【Smooth Writing Surfaces】 Our Folding Storage Clipboard is an ideal solution for nurses foldable clipboard nursing want to keep patient files organized even as on the go. nurse clipboard foldable compacts and lightweight design makes nurse clipboard foldable easy to carry, even all over long shifts.clipboard for nursing students folds flat, so nursing essentials won't take up too much space in your bag.Plus, nursing foldable clipboard in more than a few colors to match your nursing student essentials\n【Durability and Storage】The nursing clipboard foldable medical student is made of sturdy & durability lightweight metal aluminum. The nursing clipboard can help nurses hold 30 pieces of sheets or documents. This is a perfect aluminum material that could play a waterproof function in an effort to prevent corrosion and water damage. An added bonus is helping to prevent nurses from dealing with low back pain by watching their collapsible clipboard nursing all day.\n【Add-ons & Gift Idea】As nursing essentials for nursing student, you'll be able to appreciate the convenience of our medical clipboard foldable, nursing student essentials come with Nursing Cheat Sheets.metal clipboard with storage custom sheets provide quick access to essential references and information, including conversions, values,and more. The clipboard is also practical and easy to fold and carry,making folding clipboard for nurses a great gift for trifold nursing clipboard healthcare professionals",,,taxable,,1,,,0,0,,,,,1,,15.39,16.9,"Office Products",,,"https://m.media-amazon.com/images/I/51bvSGi8bUL.jpg, https://m.media-amazon.com/images/I/51bvSGi8bUL.jpg",,,,,,,https://4anurse.com/?redirectAmzASIN=B0BHWKD7ZP&redirect_prodid=amz-B0BHWKD7ZP,,0,,,,,,"[gallery]
【Foldable & Compact Size】This foldable nurse clipboard has a trifold design. Its full size is 9.3"" X 11.6"" & folding size is only 4.3"" X 9.3"". It has a low-profile metal clip and pen holder providing a strong grip for your documents. These foldable nursing clipboards {can be|can also be|may also be|will also be} folded to carry anywhere and take quick notes. nursing student clipboard can also securely hold {all your|all of your|your whole|your entire} important documents or personal information inside.The nurse clipboard foldable is not too large and bulky to carry around the hospital room
【Easy to Use】 Our Folding nursing clipboard is ideal for professionals who require quick access to important information on-the-go. foldable nurse clipboard compacts design is perfect for doctors, dentists, lawyers, accountants, teachers, students and more. {With the ability to|Being able to|Having the ability to} fold down flat, foldable nursing clipboard clipboards {can be|can also be|may also be|will also be} easily stored in a purse backpack, briefcase, or glove compartment, making it convenient for use alongside other clipboards for nursing students.
【Smooth Writing Surfaces】 Our Folding Storage Clipboard is an ideal solution for nurses foldable clipboard nursing {need to|want to|wish to} keep patient files organized {while|at the same time as|whilst|even as} on the go. nurse clipboard foldable compacts and lightweight design makes nurse clipboard foldable easy to carry, even {during|all the way through|throughout|all through|right through|all over} long shifts.clipboard for nursing students folds flat, so nursing essentials won't take up too much space in your bag.Plus, nursing foldable clipboard in {various|more than a few|quite a lot of} colors to match your nursing student essentials
【Durability and Storage】The nursing clipboard foldable medical student is made of sturdy & durability lightweight metal aluminum. The nursing clipboard can help nurses hold 30 pieces of sheets or documents. {It is a|This is a|This can be a} perfect aluminum material that could play a waterproof function {in order to|so as to|to be able to|with a view to|in an effort to|with a purpose to|as a way to|with the intention to} prevent corrosion and water damage. An added bonus is helping to prevent nurses from dealing with low back pain by watching their collapsible clipboard nursing all day.
【Add-ons & Gift Idea】As nursing essentials for nursing student, {you'll|you'll be able to|you can} appreciate the convenience of our medical clipboard foldable, nursing student essentials come with Nursing Cheat Sheets.metal clipboard with storage custom sheets provide quick access to essential references and information, including conversions, values,and more. The clipboard is also practical and easy to fold and carry,making folding clipboard for nurses a great gift for trifold nursing clipboard healthcare professionals","[gallery]
【Foldable & Compact Size】This foldable nurse clipboard has a trifold design. Its full size is 9.3"" X 11.6"" & folding size is only 4.3"" X 9.3"". It has a low-profile metal clip and pen holder providing a strong grip for your documents. These foldable nursing clipboards {may also be|can also be|will also be|can be} folded to carry anywhere and take quick notes. nursing student clipboard can also securely hold {your whole|your entire|all of your|all your} important documents or personal information inside.The nurse clipboard foldable is not too large and bulky to carry around the hospital room
【Easy to Use】 Our Folding nursing clipboard is ideal for professionals who require quick access to important information on-the-go. foldable nurse clipboard compacts design is perfect for doctors, dentists, lawyers, accountants, teachers, students and more. {Having the ability to|Being able to|With the ability to} fold down flat, foldable nursing clipboard clipboards {may also be|can also be|will also be|can be} easily stored in a purse backpack, briefcase, or glove compartment, making it convenient for use alongside other clipboards for nursing students.
【Smooth Writing Surfaces】 Our Folding Storage Clipboard is an ideal solution for nurses foldable clipboard nursing {want to|wish to|need to} keep patient files organized {even as|whilst|at the same time as|while} on the go. nurse clipboard foldable compacts and lightweight design makes nurse clipboard foldable easy to carry, even {all over|all the way through|right through|all through|throughout|during} long shifts.clipboard for nursing students folds flat, so nursing essentials won't take up too much space in your bag.Plus, nursing foldable clipboard in {more than a few|quite a lot of|various} colors to match your nursing student essentials
【Durability and Storage】The nursing clipboard foldable medical student is made of sturdy & durability lightweight metal aluminum. The nursing clipboard can help nurses hold 30 pieces of sheets or documents. {This is a|This can be a|It is a} perfect aluminum material that could play a waterproof function {in an effort to|to be able to|as a way to|so as to|with a view to|with a purpose to|with the intention to|in order to} prevent corrosion and water damage. An added bonus is helping to prevent nurses from dealing with low back pain by watching their collapsible clipboard nursing all day.
【Add-ons & Gift Idea】As nursing essentials for nursing student, {you'll be able to|you can|you'll} appreciate the convenience of our medical clipboard foldable, nursing student essentials come with Nursing Cheat Sheets.metal clipboard with storage custom sheets provide quick access to essential references and information, including conversions, values,and more. The clipboard is also practical and easy to fold and carry,making folding clipboard for nurses a great gift for trifold nursing clipboard healthcare professionals","[gallery]
【Foldable & Compact Size】This foldable nurse clipboard has a trifold design. Its full size is 9.3"" X 11.6"" & folding size is only 4.3"" X 9.3"". It has a low-profile metal clip and pen holder providing a strong grip for your documents. These foldable nursing clipboards can be folded to carry anywhere and take quick notes. nursing student clipboard can also securely hold all your important documents or personal information inside.The nurse clipboard foldable is not too large and bulky to carry around the hospital room
【Easy to Use】 Our Folding nursing clipboard is ideal for professionals who require quick access to important information on-the-go. foldable nurse clipboard compacts design is perfect for doctors, dentists, lawyers, accountants, teachers, students and more. With the ability to fold down flat, foldable nursing clipboard clipboards can be easily stored in a purse backpack, briefcase, or glove compartment, making it convenient for use alongside other clipboards for nursing students.
【Smooth Writing Surfaces】 Our Folding Storage Clipboard is an ideal solution for nurses foldable clipboard nursing need to keep patient files organized while on the go. nurse clipboard foldable compacts and lightweight design makes nurse clipboard foldable easy to carry, even during long shifts.clipboard for nursing students folds flat, so nursing essentials won't take up too much space in your bag.Plus, nursing foldable clipboard in various colors to match your nursing student essentials
【Durability and Storage】The nursing clipboard foldable medical student is made of sturdy & durability lightweight metal aluminum. The nursing clipboard can help nurses hold 30 pieces of sheets or documents. It is a perfect aluminum material that could play a waterproof function in order to prevent corrosion and water damage. An added bonus is helping to prevent nurses from dealing with low back pain by watching their collapsible clipboard nursing all day.
【Add-ons & Gift Idea】As nursing essentials for nursing student, you'll appreciate the convenience of our medical clipboard foldable, nursing student essentials come with Nursing Cheat Sheets.metal clipboard with storage custom sheets provide quick access to essential references and information, including conversions, values,and more. The clipboard is also practical and easy to fold and carry,making folding clipboard for nurses a great gift for trifold nursing clipboard healthcare professionals",B0BHWKD7ZP,com,999999,amz-B0BHWKD7ZP,amazon,https://www.amazon.com/dp/B0BHWKD7ZP/,1747066128,0,0,1,252,0,252,,0,0,1778970612,invalid,13
1164,external,,,"Nursing Clipboard Foldable, Foldable Clipboard w/Nursing Edition Cheat Charts, 3 Layers Aluminum, Nurse Clipboard w/Low Profile Clip&Pen Clip Pocket Clipboard for Students, Nurses and Doctors, Pink",1,0,visible,"【Foldable & Compact Size.】With the 3 layers folding design, this lightweight and compact nurse clipboard is foldable and easy to carry on your pocket, handbags and backpacks. The full size of this foldable nursing clipboard is 9.3"" x 11.6"" and its folding size is 4.3"" x 9.3"". And its low-profile metal clip and pen holder provides strong grips for your documents.\n【Easy to Use.】This foldable pocket clipboard with nursing cheat charts on the backside is not only easy to be keep foldable in your pocket but also gives you quickly access to vital nursing references. Our nursing clipboards can hold up to 30 pieces of sheets and secure all your documents.\n【Built-in Medical Cheat Charts.】Made from a premium high gloss PVC material, our nursing cheat charts on the backside of the clipboard are custom and featured with a color-coded, strong and water-resistant to allow you to mark them up with dry erase markers. These are perfect for any nurse and nursing student to get a quick access to vital references, conversions, and values.","[gallery]\n【Foldable & Compact Size.】With the 3 layers folding design, this lightweight and compact nurse clipboard is foldable and easy to carry on your pocket, handbags and backpacks. The full size of this foldable nursing clipboard is 9.3"" x 11.6"" and its folding size is 4.3"" x 9.3"". And its low-profile metal clip and pen holder provides strong grips for your documents.\n【Easy to Use.】This foldable pocket clipboard with nursing cheat charts on the backside is not just easy to be keep foldable in your pocket but also provides you with quickly access to vital nursing references. Our nursing clipboards can hold up to 30 pieces of sheets and safe your entire documents.\n【Built-in Medical Cheat Charts.】Made from a premium high gloss PVC material, our nursing cheat charts on the backside of the clipboard are custom and featured with a color-coded, strong and water-resistant to help you mark them up with dry erase markers. These are ideal for any nurse and nursing student to get a quick access to vital references, conversions, and values.\n【Lasting and Reusable Materials.】This foldable nursing clipboard is engineered from have an effect on and chemical resistant plastic, which are very lasting, reusable and cleanable. Ideal for domestic and professional use by nurse students, contractors, truck drivers, or use as coaches clipboard, police clipboard.\n【Smooth Writing Surfaces.】This medical clipboard has a smooth writing surface so that you can write or draw anything if you find yourself standing. It is a perfect nursing school essentials gift for students, nurses, teachers, at school or hospital.",,,taxable,,1,,,0,0,,,,,1,,,19.98,"Office Products",,,"https://m.media-amazon.com/images/I/51-WpTr4EfL.jpg, https://m.media-amazon.com/images/I/51-WpTr4EfL.jpg",,,,,,,https://4anurse.com/?redirectAmzASIN=B0CL9FTWYF&redirect_prodid=amz-B0CL9FTWYF,,0,,,,,,"[gallery]
【Foldable & Compact Size.】With the 3 layers folding design, this lightweight and compact nurse clipboard is foldable and easy to carry on your pocket, handbags and backpacks. The full size of this foldable nursing clipboard is 9.3"" x 11.6"" and its folding size is 4.3"" x 9.3"". And its low-profile metal clip and pen holder provides strong grips for your documents.
【Easy to Use.】This foldable pocket clipboard with nursing cheat charts on the backside {is not only|is not just|isn't just} easy to be keep foldable in your pocket but also {gives you|will give you|will provide you with|provides you with|offers you} quickly access to vital nursing references. Our nursing clipboards can hold up to 30 pieces of sheets and {secure|safe|protected} {all your|all of your|your whole|your entire} documents.
【Built-in Medical Cheat Charts.】Made from a premium high gloss PVC material, our nursing cheat charts on the backside of the clipboard are custom and featured with a color-coded, strong and water-resistant to {allow you to|let you|permit you to|will let you|can help you|assist you to|help you|mean you can} mark them up with dry erase markers. These {are perfect for|are ideal for} any nurse and nursing student to get a quick access to vital references, conversions, and values.
【Lasting and Reusable Materials.】This foldable nursing clipboard is engineered from {impact|have an effect on|affect} and chemical resistant plastic, which are very lasting, reusable and cleanable. Ideal for domestic and professional use by nurse students, contractors, truck drivers, or use as coaches clipboard, police clipboard.
【Smooth Writing Surfaces.】This medical clipboard has a smooth writing surface {for you to|so that you can} write or draw anything {when you are|when you're|if you end up|if you find yourself|when you find yourself} standing. It {is an ideal|is a perfect} nursing school essentials gift for students, nurses, teachers, at school or hospital.","[gallery]
【Foldable & Compact Size.】With the 3 layers folding design, this lightweight and compact nurse clipboard is foldable and easy to carry on your pocket, handbags and backpacks. The full size of this foldable nursing clipboard is 9.3"" x 11.6"" and its folding size is 4.3"" x 9.3"". And its low-profile metal clip and pen holder provides strong grips for your documents.
【Easy to Use.】This foldable pocket clipboard with nursing cheat charts on the backside {is not just|isn't just|is not only} easy to be keep foldable in your pocket but also {provides you with|offers you|will provide you with|will give you|gives you} quickly access to vital nursing references. Our nursing clipboards can hold up to 30 pieces of sheets and {safe|protected|secure} {your entire|all of your|your whole|all your} documents.
【Built-in Medical Cheat Charts.】Made from a premium high gloss PVC material, our nursing cheat charts on the backside of the clipboard are custom and featured with a color-coded, strong and water-resistant to {help you|permit you to|assist you to|mean you can|let you|will let you|can help you|allow you to} mark them up with dry erase markers. These {are ideal for|are perfect for} any nurse and nursing student to get a quick access to vital references, conversions, and values.
【Lasting and Reusable Materials.】This foldable nursing clipboard is engineered from {have an effect on|affect|impact} and chemical resistant plastic, which are very lasting, reusable and cleanable. Ideal for domestic and professional use by nurse students, contractors, truck drivers, or use as coaches clipboard, police clipboard.
【Smooth Writing Surfaces.】This medical clipboard has a smooth writing surface {so that you can|for you to} write or draw anything {if you find yourself|when you're|if you end up|when you find yourself|when you are} standing. It {is a perfect|is an ideal} nursing school essentials gift for students, nurses, teachers, at school or hospital.","[gallery]
【Foldable & Compact Size.】With the 3 layers folding design, this lightweight and compact nurse clipboard is foldable and easy to carry on your pocket, handbags and backpacks. The full size of this foldable nursing clipboard is 9.3"" x 11.6"" and its folding size is 4.3"" x 9.3"". And its low-profile metal clip and pen holder provides strong grips for your documents.
【Easy to Use.】This foldable pocket clipboard with nursing cheat charts on the backside is not only easy to be keep foldable in your pocket but also gives you quickly access to vital nursing references. Our nursing clipboards can hold up to 30 pieces of sheets and secure all your documents.
【Built-in Medical Cheat Charts.】Made from a premium high gloss PVC material, our nursing cheat charts on the backside of the clipboard are custom and featured with a color-coded, strong and water-resistant to allow you to mark them up with dry erase markers. These are perfect for any nurse and nursing student to get a quick access to vital references, conversions, and values.
【Lasting and Reusable Materials.】This foldable nursing clipboard is engineered from impact and chemical resistant plastic, which are very lasting, reusable and cleanable. Ideal for domestic and professional use by nurse students, contractors, truck drivers, or use as coaches clipboard, police clipboard.
【Smooth Writing Surfaces.】This medical clipboard has a smooth writing surface for you to write or draw anything when you are standing. It is an ideal nursing school essentials gift for students, nurses, teachers, at school or hospital.",B0CL9FTWYF,com,999999,amz-B0CL9FTWYF,amazon,https://www.amazon.com/dp/B0CL9FTWYF/,1747066188,0,0,1,247,0,247,,0,0,1778970612,invalid,9
1166,external,,,"Lab Values Horizontal Badge ID Card Pocket Reference Guide",1,0,visible,"Common lab values including Hematology, Coagulation, Blood Gas, Chemestries, and Cardiac Values\n2017 Update: All lab values newly updated\nDurable card made of plastic and is waterproof - Double sided and uses the entire printable area to maximize the total information","<!-- show up to 2 reviews by default --> <p> <span>This card will provide you with the common lab values including Hematology, Coagulation, Blood Gas, Chemestries, and Cardiac Values. Makes a few of these hard to memorize values easily accessible – right at your fingertips! <br> <br> This badge card comes from a series of cards that puts hard to memorize information at your fingertips. It has a normal slot pre-punched so that you can work with badge clips and badge reels. <br> <br> This card also is available in both vertical or horizontal format. Purchase whichever version works right for you. <br> <br> Card made of durable plastic, is water resistant, and is about half the thickness of a bank card so it wont weigh down your badge reel or feel bulky. <br> <br> Double sided and uses all the printable area to maximize the total information. Same as a normal badge ID card (or bank card size; 3 3/8"" by 2 1/8"").</span> </p>\nCommon lab values including Hematology, Coagulation, Blood Gas, Chemestries, and Cardiac Values\n2017 Update: All lab values newly up to date\nDurable card made of plastic and is water resistant - Double sided and uses all the printable area to maximize the total information\nSame as a normal badge ID card (or bank card size; 3 3/8"" by 2 1/8"")\nAbout half the thickness of a bank card so it wont weigh down your badge reel or feel bulky",,,taxable,,1,,,0,0,,,,,1,,,4.99,"Office Products",,,"https://m.media-amazon.com/images/I/51uTRN+rzSL.jpg, https://m.media-amazon.com/images/I/51uTRN+rzSL.jpg",,,,,,,https://4anurse.com/?redirectAmzASIN=B009B7EY3M&redirect_prodid=amz-B009B7EY3M,,0,,,,,,"<!-- show up to 2 reviews by default --> <p> <span>This card {gives you|will give you|will provide you with|provides you with|offers you} the common lab values including Hematology, Coagulation, Blood Gas, Chemestries, and Cardiac Values. Makes {some of these|a few of these} hard to memorize values easily accessible – right at your fingertips! <br> <br> This badge card comes from a series of cards that puts hard to memorize information at your fingertips. It has {a standard|a normal|a regular|an ordinary|a typical} slot pre-punched {that will|in order to|so that you can|so as to|to be able to|so that they can|that allows you to|so they can|with a view to|with a purpose to|on the way to|as a way to|so one can|with the intention to|in an effort to|so we can|which will|a good way to|if you want to|for you to|so that it will} work with badge clips and badge reels. <br> <br> This card also {comes in|is available in} both vertical or horizontal format. Purchase whichever version works {best for you|right for you}. <br> <br> Card made of durable plastic, is {waterproof|water resistant|water-proof|water-resistant}, and is about half the thickness of a {credit card|bank card} so it wont weigh down your badge reel or feel bulky. <br> <br> Double sided and uses {the entire|all of the|all the} printable area to maximize the total information. Same as {a standard|a normal|a regular|an ordinary|a typical} badge ID card (or {credit card|bank card} size; 3 3/8"" by 2 1/8"").</span> </p>
Common lab values including Hematology, Coagulation, Blood Gas, Chemestries, and Cardiac Values
2017 Update: All lab values newly {updated|up to date}
Durable card made of plastic and is {waterproof|water resistant|water-proof|water-resistant} - Double sided and uses {the entire|all of the|all the} printable area to maximize the total information
Same as {a standard|a normal|a regular|an ordinary|a typical} badge ID card (or {credit card|bank card} size; 3 3/8"" by 2 1/8"")
About half the thickness of a {credit card|bank card} so it wont weigh down your badge reel or feel bulky","<!-- show up to 2 reviews by default --> <p> <span>This card {will provide you with|will give you|offers you|provides you with|gives you} the common lab values including Hematology, Coagulation, Blood Gas, Chemestries, and Cardiac Values. Makes {a few of these|some of these} hard to memorize values easily accessible – right at your fingertips! <br> <br> This badge card comes from a series of cards that puts hard to memorize information at your fingertips. It has {a normal|a typical|a regular|an ordinary|a standard} slot pre-punched {so that you can|with a view to|which will|if you want to|so that it will|in order to|as a way to|so one can|so as to|in an effort to|a good way to|to be able to|for you to|on the way to|with the intention to|so that they can|so we can|that allows you to|so they can|with a purpose to|that will} work with badge clips and badge reels. <br> <br> This card also {is available in|comes in} both vertical or horizontal format. Purchase whichever version works {right for you|best for you}. <br> <br> Card made of durable plastic, is {water resistant|water-resistant|water-proof|waterproof}, and is about half the thickness of a {bank card|credit card} so it wont weigh down your badge reel or feel bulky. <br> <br> Double sided and uses {all the|all of the|the entire} printable area to maximize the total information. Same as {a normal|a typical|a regular|an ordinary|a standard} badge ID card (or {bank card|credit card} size; 3 3/8"" by 2 1/8"").</span> </p>
Common lab values including Hematology, Coagulation, Blood Gas, Chemestries, and Cardiac Values
2017 Update: All lab values newly {up to date|updated}
Durable card made of plastic and is {water resistant|water-resistant|water-proof|waterproof} - Double sided and uses {all the|all of the|the entire} printable area to maximize the total information
Same as {a normal|a typical|a regular|an ordinary|a standard} badge ID card (or {bank card|credit card} size; 3 3/8"" by 2 1/8"")
About half the thickness of a {bank card|credit card} so it wont weigh down your badge reel or feel bulky","<!-- show up to 2 reviews by default --> <p> <span>This card gives you the common lab values including Hematology, Coagulation, Blood Gas, Chemestries, and Cardiac Values. Makes some of these hard to memorize values easily accessible – right at your fingertips! <br> <br> This badge card comes from a series of cards that puts hard to memorize information at your fingertips. It has a standard slot pre-punched that will work with badge clips and badge reels. <br> <br> This card also comes in both vertical or horizontal format. Purchase whichever version works best for you. <br> <br> Card made of durable plastic, is waterproof, and is about half the thickness of a credit card so it wont weigh down your badge reel or feel bulky. <br> <br> Double sided and uses the entire printable area to maximize the total information. Same as a standard badge ID card (or credit card size; 3 3/8"" by 2 1/8"").</span> </p>
Common lab values including Hematology, Coagulation, Blood Gas, Chemestries, and Cardiac Values
2017 Update: All lab values newly updated
Durable card made of plastic and is waterproof - Double sided and uses the entire printable area to maximize the total information
Same as a standard badge ID card (or credit card size; 3 3/8"" by 2 1/8"")
About half the thickness of a credit card so it wont weigh down your badge reel or feel bulky",B009B7EY3M,com,999999,amz-B009B7EY3M,amazon,https://www.amazon.com/dp/B009B7EY3M/,1747066428,0,0,1,220,0,220,,0,0,1778970612,invalid,13
1168,external,,,"49 Nursing Badge Reference Cards, Nursing School Essentials for Students, Bonus Cheat Sheets - Include Pharmacology, Respiratory, EKG, OB/L&D, Pediatrics, Endocrine, Neurology",1,0,visible,"💌Set Of 49 Double-Sided Nurse Badges — This card set is packed with need to know medical reference including General Med, Endocrine, Respiratory, Ob, Pharmacy, Cardiac, Padiatric, Nerve, Guidance Directory, Labs - [With 1 Spanish Translation].\n💌Professionals Medical Assistant Accessories — They are color coded and bundled by systems. Aesthetic color design making the medical reference information easy to read and printed on both sides to maximize the content. Perfect for the health care workers, nurses, nursing students, EMTs, etc.\n💌 Nursing Student Must Haves — It provides real-world knowledge that will prepare nursing students for school and the reality of a nursing career. They are accurate and very detailed. They are the best nursing school supplies!","[gallery]\n💌Set Of 49 Double-Sided Nurse Badges — This card set is packed with wish to know medical reference including General Med, Endocrine, Respiratory, Ob, Pharmacy, Cardiac, Padiatric, Nerve, Guidance Directory, Labs - [With 1 Spanish Translation].\n💌Professionals Medical Assistant Accessories — They're color coded and bundled by systems. Aesthetic color design making the medical reference information easy to read and printed on both sides to maximize the content. Perfect for the health care workers, nurses, nursing students, EMTs, and so on.\n💌 Nursing Student Will have to Haves — It provides real-world knowledge so as to prepare nursing students for school and the reality of a nursing career. They're accurate and very detailed. They're the most efficient nursing school supplies!\n💌Bonus Cheat Sheets — These nurse badge cards contain a substantial amount of valuable information. Having these in your pockets at clinical gives your more confidence just in case there's something you don't take into account that. Like having your personal nursing coach by your side.\n💌Extremely Durable — Made of a highly durable and flexible PVC that is water resistant. The cards on this badge set will fit on any standard sized (3.38"" x 2.20"") badge holder or badge reel.",,,taxable,,1,,,0,0,,,,,1,,11.98,14.98,"Office Products",,,"https://m.media-amazon.com/images/I/51NPVlV4ACL.jpg, https://m.media-amazon.com/images/I/51NPVlV4ACL.jpg",,,,,,,https://4anurse.com/?redirectAmzASIN=B08R7DGVNT&redirect_prodid=amz-B08R7DGVNT,,0,,,,,,"[gallery]
💌Set Of 49 Double-Sided Nurse Badges — This card set is packed with {need to|want to|wish to} know medical reference including General Med, Endocrine, Respiratory, Ob, Pharmacy, Cardiac, Padiatric, Nerve, Guidance Directory, Labs - [With 1 Spanish Translation].
💌Professionals Medical Assistant Accessories — {They are|They're} color coded and bundled by systems. Aesthetic color design making the medical reference information easy to read and printed on both sides to maximize the content. Perfect for the health care workers, nurses, nursing students, EMTs, {etc|and so on|and so forth|and the like}.
💌 Nursing Student {Must|Will have to|Should} Haves — It provides real-world knowledge {that will|in order to|so that you can|so as to|to be able to|so that they can|that allows you to|so they can|with a view to|with a purpose to|on the way to|as a way to|so one can|with the intention to|in an effort to|so we can|which will|a good way to|if you want to|for you to|so that it will} prepare nursing students for school and the reality of a nursing career. {They are|They're} accurate and very detailed. {They are|They're} {the best|the most productive|the most efficient} nursing school supplies!
💌Bonus Cheat Sheets — These nurse badge cards contain {a great deal of|quite a lot of|a substantial amount of|an excessive amount of} valuable information. Having these in your pockets at clinical gives your more confidence just in case {there is something|there's something} {you do not|you don't} {remember|keep in mind that|remember that|understand that|needless to say|take into account that}. Like having your personal nursing coach by your side.
💌Extremely Durable — Made of a highly durable and flexible PVC that is water resistant. The cards on this badge set will fit on any standard sized (3.38"" x 2.20"") badge holder or badge reel.","[gallery]
💌Set Of 49 Double-Sided Nurse Badges — This card set is packed with {wish to|want to|need to} know medical reference including General Med, Endocrine, Respiratory, Ob, Pharmacy, Cardiac, Padiatric, Nerve, Guidance Directory, Labs - [With 1 Spanish Translation].
💌Professionals Medical Assistant Accessories — {They're|They are} color coded and bundled by systems. Aesthetic color design making the medical reference information easy to read and printed on both sides to maximize the content. Perfect for the health care workers, nurses, nursing students, EMTs, {and so on|and the like|and so forth|etc}.
💌 Nursing Student {Will have to|Should|Must} Haves — It provides real-world knowledge {so as to|so that they can|in order to|for you to|as a way to|so that you can|so we can|so one can|with the intention to|with a purpose to|a good way to|so that it will|with a view to|on the way to|to be able to|which will|so they can|in an effort to|that allows you to|if you want to|that will} prepare nursing students for school and the reality of a nursing career. {They're|They are} accurate and very detailed. {They're|They are} {the most efficient|the most productive|the best} nursing school supplies!
💌Bonus Cheat Sheets — These nurse badge cards contain {a substantial amount of|an excessive amount of|quite a lot of|a great deal of} valuable information. Having these in your pockets at clinical gives your more confidence just in case {there's something|there is something} {you don't|you do not} {take into account that|understand that|needless to say|remember that|keep in mind that|remember}. Like having your personal nursing coach by your side.
💌Extremely Durable — Made of a highly durable and flexible PVC that is water resistant. The cards on this badge set will fit on any standard sized (3.38"" x 2.20"") badge holder or badge reel.","[gallery]
💌Set Of 49 Double-Sided Nurse Badges — This card set is packed with need to know medical reference including General Med, Endocrine, Respiratory, Ob, Pharmacy, Cardiac, Padiatric, Nerve, Guidance Directory, Labs - [With 1 Spanish Translation].
💌Professionals Medical Assistant Accessories — They are color coded and bundled by systems. Aesthetic color design making the medical reference information easy to read and printed on both sides to maximize the content. Perfect for the health care workers, nurses, nursing students, EMTs, etc.
💌 Nursing Student Must Haves — It provides real-world knowledge that will prepare nursing students for school and the reality of a nursing career. They are accurate and very detailed. They are the best nursing school supplies!
💌Bonus Cheat Sheets — These nurse badge cards contain a great deal of valuable information. Having these in your pockets at clinical gives your more confidence just in case there is something you do not remember. Like having your personal nursing coach by your side.
💌Extremely Durable — Made of a highly durable and flexible PVC that is water resistant. The cards on this badge set will fit on any standard sized (3.38"" x 2.20"") badge holder or badge reel.",B08R7DGVNT,com,999999,amz-B08R7DGVNT,amazon,https://www.amazon.com/dp/B08R7DGVNT/,1747066607,0,0,1,212,0,212,,0,0,1778970612,invalid,13
1170,external,,,"49 Horizontal Nursing Badge Reference Cards, Nursing School Essentials Set, Bonus Cheat Sheets - Lab Values, EKG, Vitals, Etc for Nurse, LPN, Or Students",1,0,visible,"THE ULTIMATE NURSING 49 CARDS TOOL: A handy set of 49 double-sided quick reference cards for essential nursing information relevant to practice. It includes high yield reference sheets for all your rotations covering topics in critical care, pharmacology, respiratory care, ICU, nursing, lab values, EKG, medical Spanish, medical equations, neurology.\nEASY TO READ REFERENCE: Condensed information for nursing students. All the most vital things needed, color coding to find the right ones quicker, the ability to pick and choose which ones to use, and even Spanish translations! These are great to use for those areas that are always a battle to remember.....lab values, ECG, etc.\nLIKE HAVING YOUR PERSONAL NURSING COACH BY YOUR SIDE: Having these in your pockets at clinical gives your more confidence just in case there is something you do not remember. These nursing cheat sheets are well organized & lightweight. They fit perfectly in your scrub pockets and also fit any normal badge reel.","[gallery]\nTHE ULTIMATE NURSING 49 CARDS TOOL: A handy set of 49 double-sided quick reference cards for essential nursing information relevant to practice. It includes high yield reference sheets for all of your rotations covering topics in critical care, pharmacology, respiratory care, ICU, nursing, lab values, EKG, medical Spanish, medical equations, neurology.\nEASY TO READ REFERENCE: Condensed information for nursing students. The entire most vital things needed, color coding to find the right ones quicker, the ability to pick and choose which ones to use, and even Spanish translations! These are great to use for those areas that are at all times a battle to understand that.....lab values, ECG, and so forth.\nLIKE HAVING YOUR PERSONAL NURSING COACH BY YOUR SIDE: Having these in your pockets at clinical gives your more confidence just in case there's something you don't understand that. These nursing cheat sheets are well organized & lightweight. They fit perfectly in your scrub pockets and also fit any normal badge reel.\nPREPARE YOUR NURSING CAREER: There is tons of valuable information on these cards you'll use daily. They make the perfect companion for Medical Assistants, Nursing Students, CNA, LPN, LVN, EMT, RN or Other Medical Worker. It provides real-world knowledge so one can prepare nursing students for school and the reality of a nursing career.\nLIFETIME GUARANTEE: If you aren't completely satisfied with your purchase for any reason, you'll ask for a refund or exchange within 30 days of purchase. We LOVE our products and we want you to LOVE them too!",,,taxable,,1,,,0,0,,,,,1,,,11.98,"Office Products",,,"https://m.media-amazon.com/images/I/51ygBYq2zjS.jpg, https://m.media-amazon.com/images/I/51ygBYq2zjS.jpg",,,,,,,https://4anurse.com/?redirectAmzASIN=B094QP83ZR&redirect_prodid=amz-B094QP83ZR,,0,,,,,,"[gallery]
THE ULTIMATE NURSING 49 CARDS TOOL: A handy set of 49 double-sided quick reference cards for essential nursing information relevant to practice. It includes high yield reference sheets for {all your|all of your|your whole|your entire} rotations covering topics in critical care, pharmacology, respiratory care, ICU, nursing, lab values, EKG, medical Spanish, medical equations, neurology.
EASY TO READ REFERENCE: Condensed information for nursing students. {All the|All of the|The entire} most vital things needed, color coding to find the right ones quicker, the ability to pick and choose which ones to use, and even Spanish translations! These are great to use for those areas that are {always|all the time|at all times} a battle to {remember|keep in mind that|remember that|understand that|needless to say|take into account that}.....lab values, ECG, {etc|and so on|and so forth|and the like}.
LIKE HAVING YOUR PERSONAL NURSING COACH BY YOUR SIDE: Having these in your pockets at clinical gives your more confidence just in case {there is something|there's something} {you do not|you don't} {remember|keep in mind that|remember that|understand that|needless to say|take into account that}. These nursing cheat sheets are well organized & lightweight. They fit perfectly in your scrub pockets and also fit any normal badge reel.
PREPARE YOUR NURSING CAREER: There is tons of valuable information on these cards {you can|you'll be able to|you'll} use daily. They make the perfect companion for Medical Assistants, Nursing Students, CNA, LPN, LVN, EMT, RN or Other Medical Worker. It provides real-world knowledge {that will|in order to|so that you can|so as to|to be able to|so that they can|that allows you to|so they can|with a view to|with a purpose to|on the way to|as a way to|so one can|with the intention to|in an effort to|so we can|which will|a good way to|if you want to|for you to|so that it will} prepare nursing students for school and the reality of a nursing career.
LIFETIME GUARANTEE: If you {are not|don't seem to be|aren't} completely satisfied with your purchase for any reason, {you can|you'll be able to|you'll} ask for a refund or exchange within 30 days of purchase. We LOVE our products and we want you to LOVE them too!","[gallery]
THE ULTIMATE NURSING 49 CARDS TOOL: A handy set of 49 double-sided quick reference cards for essential nursing information relevant to practice. It includes high yield reference sheets for {all of your|your entire|your whole|all your} rotations covering topics in critical care, pharmacology, respiratory care, ICU, nursing, lab values, EKG, medical Spanish, medical equations, neurology.
EASY TO READ REFERENCE: Condensed information for nursing students. {The entire|All of the|All the} most vital things needed, color coding to find the right ones quicker, the ability to pick and choose which ones to use, and even Spanish translations! These are great to use for those areas that are {at all times|all the time|always} a battle to {understand that|keep in mind that|needless to say|remember that|take into account that|remember}.....lab values, ECG, {and so forth|and the like|and so on|etc}.
LIKE HAVING YOUR PERSONAL NURSING COACH BY YOUR SIDE: Having these in your pockets at clinical gives your more confidence just in case {there's something|there is something} {you don't|you do not} {understand that|keep in mind that|needless to say|remember that|take into account that|remember}. These nursing cheat sheets are well organized & lightweight. They fit perfectly in your scrub pockets and also fit any normal badge reel.
PREPARE YOUR NURSING CAREER: There is tons of valuable information on these cards {you'll|you'll be able to|you can} use daily. They make the perfect companion for Medical Assistants, Nursing Students, CNA, LPN, LVN, EMT, RN or Other Medical Worker. It provides real-world knowledge {so one can|with the intention to|so that they can|to be able to|with a view to|a good way to|which will|for you to|so they can|in an effort to|in order to|on the way to|so that you can|so we can|as a way to|so as to|so that it will|with a purpose to|that allows you to|if you want to|that will} prepare nursing students for school and the reality of a nursing career.
LIFETIME GUARANTEE: If you {aren't|don't seem to be|are not} completely satisfied with your purchase for any reason, {you'll|you'll be able to|you can} ask for a refund or exchange within 30 days of purchase. We LOVE our products and we want you to LOVE them too!","[gallery]
THE ULTIMATE NURSING 49 CARDS TOOL: A handy set of 49 double-sided quick reference cards for essential nursing information relevant to practice. It includes high yield reference sheets for all your rotations covering topics in critical care, pharmacology, respiratory care, ICU, nursing, lab values, EKG, medical Spanish, medical equations, neurology.
EASY TO READ REFERENCE: Condensed information for nursing students. All the most vital things needed, color coding to find the right ones quicker, the ability to pick and choose which ones to use, and even Spanish translations! These are great to use for those areas that are always a battle to remember.....lab values, ECG, etc.
LIKE HAVING YOUR PERSONAL NURSING COACH BY YOUR SIDE: Having these in your pockets at clinical gives your more confidence just in case there is something you do not remember. These nursing cheat sheets are well organized & lightweight. They fit perfectly in your scrub pockets and also fit any normal badge reel.
PREPARE YOUR NURSING CAREER: There is tons of valuable information on these cards you can use daily. They make the perfect companion for Medical Assistants, Nursing Students, CNA, LPN, LVN, EMT, RN or Other Medical Worker. It provides real-world knowledge that will prepare nursing students for school and the reality of a nursing career.
LIFETIME GUARANTEE: If you are not completely satisfied with your purchase for any reason, you can ask for a refund or exchange within 30 days of purchase. We LOVE our products and we want you to LOVE them too!",B094QP83ZR,com,999999,amz-B094QP83ZR,amazon,https://www.amazon.com/dp/B094QP83ZR/,1747066727,0,0,1,214,0,214,,0,0,1778970612,invalid,10
1172,external,,,"Lab Value Reference Card: Quick Clinical Guide, Fits Horizontal & Vertical Badge Reels",1,0,visible,,[gallery],,,taxable,,1,,,0,0,,,,,1,,,6.99,Uncategorized,,,"https://m.media-amazon.com/images/I/51L0ce3T36L.jpg, https://m.media-amazon.com/images/I/51L0ce3T36L.jpg",,,,,,,https://4anurse.com/?redirectAmzASIN=B0DRJF1FKT&redirect_prodid=amz-B0DRJF1FKT,,0,,,,,,[gallery],[gallery],[gallery],B0DRJF1FKT,com,999999,amz-B0DRJF1FKT,amazon,https://www.amazon.com/dp/B0DRJF1FKT/,1747066788,0,0,1,214,0,214,,0,0,1778970612,invalid,11
1174,external,,,"ZBCFSCSB Don't Be Tachy Funny Black Glitter Badge Scroll Holder with Metal Clip, Cute Heart Badge Nurse Hospital Work Accessory, Gift for Nurse Cardiologist Cardiology Student Heart Anatomy",1,0,visible,"Gifts: Special-shaped badge holders printed with the text ""Don't Be Tachy"", badge holders with glitter acrylic board, gift box packaging, very suitable for doctors, nurses, colleagues, office workers, teachers Social Work College Student.\nSize: Small and cute badge holder, convenient for you to clip on scrubs, doctor's uniforms, shirts, jeans waist, etc.\nDesign: Funny badge holders with fun text printed on high-quality glitter acrylic panels can bring some artistic vibe and fun into your busy work life.","[gallery]\nGifts: Special-shaped badge holders printed with the text ""Do not Be Tachy"", badge holders with glitter acrylic board, gift box packaging, very suitable for doctors, nurses, colleagues, place of business workers, teachers Social Work College Student.\nSize: Small and cute badge holder, convenient so that you can clip on scrubs, doctor's uniforms, shirts, jeans waist, and the like.\nDesign: Funny badge holders with fun text printed on fine quality glitter acrylic panels can bring some artistic vibe and fun into your busy work life.\nQuality: The badge holder has a superb metal shark clip, which will also be firmly worn for your clothes; fine quality nylon rope, not easy to wreck.\nPracticality: The retractable badge scroll holder will also be stretched as much as 24 inches, which is convenient so that you can use your ID work badge without taking off the badge or bending over.",,,taxable,,1,,,0,0,,,,,1,,,13.99,"Office Products",,,"https://m.media-amazon.com/images/I/411gCBV0dwL.jpg, https://m.media-amazon.com/images/I/411gCBV0dwL.jpg",,,,,,,https://4anurse.com/?redirectAmzASIN=B0CKXGB955&redirect_prodid=amz-B0CKXGB955,,0,,,,,,"[gallery]
Gifts: Special-shaped badge holders printed with the text ""{Don't|Do not} Be Tachy"", badge holders with glitter acrylic board, gift box packaging, very suitable for doctors, nurses, colleagues, {office|place of business|place of work|workplace|administrative center|place of job} workers, teachers Social Work College Student.
Size: Small and cute badge holder, convenient {for you to|so that you can} clip on scrubs, doctor's uniforms, shirts, jeans waist, {etc|and so on|and so forth|and the like}.
Design: Funny badge holders with fun text printed on {high-quality|top quality|high quality|top of the range|fine quality} glitter acrylic panels can bring some artistic vibe and fun into your busy work life.
Quality: The badge holder has {a high-quality|a great|an excellent|a superb|a fantastic|an effective|an outstanding|a pretty good|a solid|an exceptional|a superior} metal shark clip, which {can be|can also be|may also be|will also be} firmly worn {on your|for your|in your|to your} clothes; {high-quality|top quality|high quality|top of the range|fine quality} nylon rope, not easy {to break|to damage|to wreck}.
Practicality: The retractable badge scroll holder {can be|can also be|may also be|will also be} stretched {up to|as much as} 24 inches, which is convenient {for you to|so that you can} use your ID work badge without taking off the badge or bending over.","[gallery]
Gifts: Special-shaped badge holders printed with the text ""{Do not|Don't} Be Tachy"", badge holders with glitter acrylic board, gift box packaging, very suitable for doctors, nurses, colleagues, {place of business|administrative center|place of work|workplace|place of job|office} workers, teachers Social Work College Student.
Size: Small and cute badge holder, convenient {so that you can|for you to} clip on scrubs, doctor's uniforms, shirts, jeans waist, {and the like|and so on|and so forth|etc}.
Design: Funny badge holders with fun text printed on {fine quality|top quality|high quality|top of the range|high-quality} glitter acrylic panels can bring some artistic vibe and fun into your busy work life.
Quality: The badge holder has {a superb|a great|a fantastic|a solid|an excellent|a pretty good|an outstanding|an effective|a superior|an exceptional|a high-quality} metal shark clip, which {will also be|can also be|may also be|can be} firmly worn {for your|in your|to your|on your} clothes; {fine quality|top quality|high quality|top of the range|high-quality} nylon rope, not easy {to wreck|to damage|to break}.
Practicality: The retractable badge scroll holder {will also be|can also be|may also be|can be} stretched {as much as|up to} 24 inches, which is convenient {so that you can|for you to} use your ID work badge without taking off the badge or bending over.","[gallery]
Gifts: Special-shaped badge holders printed with the text ""Don't Be Tachy"", badge holders with glitter acrylic board, gift box packaging, very suitable for doctors, nurses, colleagues, office workers, teachers Social Work College Student.
Size: Small and cute badge holder, convenient for you to clip on scrubs, doctor's uniforms, shirts, jeans waist, etc.
Design: Funny badge holders with fun text printed on high-quality glitter acrylic panels can bring some artistic vibe and fun into your busy work life.
Quality: The badge holder has a high-quality metal shark clip, which can be firmly worn on your clothes; high-quality nylon rope, not easy to break.
Practicality: The retractable badge scroll holder can be stretched up to 24 inches, which is convenient for you to use your ID work badge without taking off the badge or bending over.",B0CKXGB955,com,999999,amz-B0CKXGB955,amazon,https://www.amazon.com/dp/B0CKXGB955/,1747066968,0,0,1,223,0,224,,0,0,1778970612,invalid,26
1176,external,,,"ERHACHAIJIA Sure is Quiet Funny Retractable Badge Reel Gift for Nurse Doctor RN ER Rapid Response Trauma Team 1st Responder (Blue)",1,0,visible,"SPECIFICATION: The Retractable Badge Reel is 3.7X1.2 inches, retracts to extend 24 inches(There is a certain error in manual measurement). weight about 0.55 oz.\nHIGH QUALITY : The badge holder is made of quality ABS , Acrylic, colored glitter and metal, and the rope is mainly made of quality nylon material, which is sturdy and strong, safe and reliable, not easy to break, you can use for a long time with confidence.They are light weight, more convenient, sturdy material with serrated alligator clip, never drop off your ID badge.\nUNIQUE DESIGN: The card holders are designed with different themes and style. They are cute and funny while displaying specialty, making your badge reel full of personality.Each badge holder has different shapes according to different theme patterns, and with different colors of glitter, it will make you more attractive to others in your daily work and life.","[gallery]\nSPECIFICATION: The Retractable Badge Reel is 3.7X1.2 inches, retracts to extend 24 inches(There is a certain error in manual measurement). weight about 0.55 oz.\nHIGH QUALITY : The badge holder is made of quality ABS , Acrylic, colored glitter and metal, and the rope is mainly made of quality nylon material, which is sturdy and strong, secure and reliable, not easy to break, you'll be able to use for a very long time with confidence.They are light weight, more convenient, sturdy material with serrated alligator clip, never drop off your ID badge.\nUNIQUE DESIGN: The card holders are designed with different themes and style. They are cute and funny at the same time as displaying specialty, making your badge reel full of personality.Each badge holder has different shapes according to different theme patterns, and with different colors of glitter, it's going to make you more attractive to others in your daily work and life.\nOCCASIONS: The badge reel comes with swivel alligator clip, full 360 degree rotation. Just clip it on clothes, shirt pocket, belt ,backpack and anywhere as you like, ensuring your badge doesn’t fall off your uniform.making it easier to access and scan your cards with no need to bend over or remove all the badge reel. Suitable for company, school, hospital, exhibition and any other occasions where you want to show your brand name.\nPERFECT GIFT: The badge holder you receive will be packaged in a beautiful gift box, so this is a perfect gift for doctors, nurses, community workers, office workers, volunteers, teachers, students, colleagues, firefighters and anyone you know A friend or relative who is required to wear ID card.They are a perfect gift no matter Father's Day, Mother's Day, Nurses' Day, Halloween, Christmas, New Year, or graduation season, back-to-school season, birthday, anniversary, and the like.",,,taxable,,1,,,0,0,,,,,1,,,11.99,"Office Products",,,"https://m.media-amazon.com/images/I/41RSiWj+Z0L.jpg, https://m.media-amazon.com/images/I/41RSiWj+Z0L.jpg",,,,,,,https://4anurse.com/?redirectAmzASIN=B0C249JPW6&redirect_prodid=amz-B0C249JPW6,,0,,,,,,"[gallery]
SPECIFICATION: The Retractable Badge Reel is 3.7X1.2 inches, retracts to extend 24 inches(There is a certain error in manual measurement). weight about 0.55 oz.
HIGH QUALITY : The badge holder is made of quality ABS , Acrylic, colored glitter and metal, and the rope is mainly made of quality nylon material, which is sturdy and strong, {safe|protected|secure} and reliable, not easy to break, {you can|you'll be able to|you'll} use {for a long time|for a very long time} with confidence.They are light weight, more convenient, sturdy material with serrated alligator clip, never drop off your ID badge.
UNIQUE DESIGN: The card holders are designed with different themes and style. They are cute and funny {while|at the same time as|whilst|even as} displaying specialty, making your badge reel full of personality.Each badge holder has different shapes according to different theme patterns, and with different colors of glitter, {it will|it is going to|it's going to|it'll} make you more attractive to others in your daily work and life.
OCCASIONS: The badge reel comes with swivel alligator clip, full 360 degree rotation. Just clip it on clothes, shirt pocket, belt ,backpack and anywhere as you like, ensuring your badge doesn’t fall off your uniform.making it easier to access and scan your cards {without having|with no need} to bend over or remove {the entire|all of the|all the} badge reel. Suitable for company, school, hospital, exhibition and any other occasions where {you need|you wish to have|you want} to show your brand name.
PERFECT GIFT: The badge holder you receive will be packaged in a beautiful gift box, so {it is a|this is a|this can be a} perfect gift for doctors, nurses, community workers, office workers, volunteers, teachers, students, colleagues, firefighters and anyone you know A friend or relative who is required to wear ID card.They are a perfect gift no matter Father's Day, Mother's Day, Nurses' Day, Halloween, Christmas, New Year, or graduation season, back-to-school season, birthday, anniversary, {etc|and so on|and so forth|and the like}.","[gallery]
SPECIFICATION: The Retractable Badge Reel is 3.7X1.2 inches, retracts to extend 24 inches(There is a certain error in manual measurement). weight about 0.55 oz.
HIGH QUALITY : The badge holder is made of quality ABS , Acrylic, colored glitter and metal, and the rope is mainly made of quality nylon material, which is sturdy and strong, {secure|protected|safe} and reliable, not easy to break, {you'll be able to|you'll|you can} use {for a very long time|for a long time} with confidence.They are light weight, more convenient, sturdy material with serrated alligator clip, never drop off your ID badge.
UNIQUE DESIGN: The card holders are designed with different themes and style. They are cute and funny {at the same time as|even as|whilst|while} displaying specialty, making your badge reel full of personality.Each badge holder has different shapes according to different theme patterns, and with different colors of glitter, {it's going to|it is going to|it'll|it will} make you more attractive to others in your daily work and life.
OCCASIONS: The badge reel comes with swivel alligator clip, full 360 degree rotation. Just clip it on clothes, shirt pocket, belt ,backpack and anywhere as you like, ensuring your badge doesn’t fall off your uniform.making it easier to access and scan your cards {with no need|without having} to bend over or remove {all the|all of the|the entire} badge reel. Suitable for company, school, hospital, exhibition and any other occasions where {you want|you wish to have|you need} to show your brand name.
PERFECT GIFT: The badge holder you receive will be packaged in a beautiful gift box, so {this is a|this can be a|it is a} perfect gift for doctors, nurses, community workers, office workers, volunteers, teachers, students, colleagues, firefighters and anyone you know A friend or relative who is required to wear ID card.They are a perfect gift no matter Father's Day, Mother's Day, Nurses' Day, Halloween, Christmas, New Year, or graduation season, back-to-school season, birthday, anniversary, {and the like|and so on|and so forth|etc}.","[gallery]
SPECIFICATION: The Retractable Badge Reel is 3.7X1.2 inches, retracts to extend 24 inches(There is a certain error in manual measurement). weight about 0.55 oz.
HIGH QUALITY : The badge holder is made of quality ABS , Acrylic, colored glitter and metal, and the rope is mainly made of quality nylon material, which is sturdy and strong, safe and reliable, not easy to break, you can use for a long time with confidence.They are light weight, more convenient, sturdy material with serrated alligator clip, never drop off your ID badge.
UNIQUE DESIGN: The card holders are designed with different themes and style. They are cute and funny while displaying specialty, making your badge reel full of personality.Each badge holder has different shapes according to different theme patterns, and with different colors of glitter, it will make you more attractive to others in your daily work and life.
OCCASIONS: The badge reel comes with swivel alligator clip, full 360 degree rotation. Just clip it on clothes, shirt pocket, belt ,backpack and anywhere as you like, ensuring your badge doesn’t fall off your uniform.making it easier to access and scan your cards without having to bend over or remove the entire badge reel. Suitable for company, school, hospital, exhibition and any other occasions where you need to show your brand name.
PERFECT GIFT: The badge holder you receive will be packaged in a beautiful gift box, so it is a perfect gift for doctors, nurses, community workers, office workers, volunteers, teachers, students, colleagues, firefighters and anyone you know A friend or relative who is required to wear ID card.They are a perfect gift no matter Father's Day, Mother's Day, Nurses' Day, Halloween, Christmas, New Year, or graduation season, back-to-school season, birthday, anniversary, etc.",B0C249JPW6,com,999999,amz-B0C249JPW6,amazon,https://www.amazon.com/dp/B0C249JPW6/,1747067088,0,0,1,202,0,202,,0,0,1778970612,invalid,22
1178,external,,,"Plifal NICU Badge Reel Holder Retractable with ID Clip for Nurse Nursing Name Tag Card White Neonatal Intensive Care Unit Alligator Clip Hospital Work Accessories",1,0,visible,"【NICU NURSE BADGE HOLDER】Clear, large, and vivid character text allows patients and coworkers to easily identify the wearer's role, even from a distance.\n【RETRACTABLE BADGE REEL】60.5cm id badge reel retractable with clip, convenient to scan in and out of the office.\n【360 DEGREE ALLIGATOR CLIP】360-degree swivel alligator clip back firmly grips your clothing.","[gallery]\n【NICU NURSE BADGE HOLDER】Clear, large, and vivid character text permits patients and coworkers to simply identify the wearer's role, even from a distance.\n【RETRACTABLE BADGE REEL】60.5cm id badge reel retractable with clip, convenient to scan out and in of the workplace.\n【360 DEGREE ALLIGATOR CLIP】360-degree swivel alligator clip back firmly grips your clothing.\n【NURSE WORKERS ESSENTIALS】Unique Cute NICU Neonatal Intensive Care Unit work accessories badge buddy. And make allowance for nice role recognition!\n【CUTE NURSE IDEA】The glitter high quality subject matter badge holder is a brilliant practical idea for nurses, medical workers, social worker, nurse students hospital team of workers ect.",,,taxable,,1,,,0,0,,,,,1,,,6.99,"Office Products",,,"https://m.media-amazon.com/images/I/51C8hd8DIyL.jpg, https://m.media-amazon.com/images/I/51C8hd8DIyL.jpg",,,,,,,https://4anurse.com/?redirectAmzASIN=B0C58FXVLP&redirect_prodid=amz-B0C58FXVLP,,0,,,,,,"[gallery]
【NICU NURSE BADGE HOLDER】Clear, large, and vivid character text {allows|lets in|permits} patients and coworkers {to easily|to simply} identify the wearer's role, even from a distance.
【RETRACTABLE BADGE REEL】60.5cm id badge reel retractable with clip, convenient to scan {in and out|out and in} of the {office|place of business|place of work|workplace|administrative center|place of job}.
【360 DEGREE ALLIGATOR CLIP】360-degree swivel alligator clip back firmly grips your clothing.
【NURSE WORKERS ESSENTIALS】Unique Cute NICU Neonatal Intensive Care Unit work accessories badge buddy. {And allow|And make allowance} {for great|for nice|for excellent} role recognition!
【CUTE NURSE IDEA】The glitter {high-quality|top quality|high quality|top of the range|fine quality} {material|subject matter|subject material} badge holder {is a great|is a smart|is a brilliant} practical idea for nurses, medical workers, social worker, nurse students hospital {staff|body of workers|workforce|team of workers|group of workers|personnel} ect.","[gallery]
【NICU NURSE BADGE HOLDER】Clear, large, and vivid character text {permits|lets in|allows} patients and coworkers {to simply|to easily} identify the wearer's role, even from a distance.
【RETRACTABLE BADGE REEL】60.5cm id badge reel retractable with clip, convenient to scan {out and in|in and out} of the {workplace|administrative center|place of job|place of business|place of work|office}.
【360 DEGREE ALLIGATOR CLIP】360-degree swivel alligator clip back firmly grips your clothing.
【NURSE WORKERS ESSENTIALS】Unique Cute NICU Neonatal Intensive Care Unit work accessories badge buddy. {And make allowance|And allow} {for nice|for excellent|for great} role recognition!
【CUTE NURSE IDEA】The glitter {high quality|top of the range|fine quality|top quality|high-quality} {subject matter|subject material|material} badge holder {is a brilliant|is a smart|is a great} practical idea for nurses, medical workers, social worker, nurse students hospital {team of workers|group of workers|personnel|body of workers|workforce|staff} ect.","[gallery]
【NICU NURSE BADGE HOLDER】Clear, large, and vivid character text allows patients and coworkers to easily identify the wearer's role, even from a distance.
【RETRACTABLE BADGE REEL】60.5cm id badge reel retractable with clip, convenient to scan in and out of the office.
【360 DEGREE ALLIGATOR CLIP】360-degree swivel alligator clip back firmly grips your clothing.
【NURSE WORKERS ESSENTIALS】Unique Cute NICU Neonatal Intensive Care Unit work accessories badge buddy. And allow for great role recognition!
【CUTE NURSE IDEA】The glitter high-quality material badge holder is a great practical idea for nurses, medical workers, social worker, nurse students hospital staff ect.",B0C58FXVLP,com,999999,amz-B0C58FXVLP,amazon,https://www.amazon.com/dp/B0C58FXVLP/,1747067148,0,0,1,214,0,214,,0,0,1778970612,invalid,10
1180,external,,,"Plifal Nurse Badge Buddy Card Nursing Accessories Glitter Horizontal Badge Identification Tags",1,0,visible,"【THE PERFECT NURSE BADGE BUDDY】The NURSE badge tag works best with any standard-sized horizontal ID badge.\n【EXCELLENT ROLE RECOGNITION 】Clear, large, and vivid character text allows patients and coworkers to easily identify the wearer's role, even from a distance.\n【HANGS IT UNDER ID BADGE】Extend about 1"" below your ID badge, horizontally aligned ID card will fit perfectly to cover this badge buddy and allow for great role recognition!","[gallery]\n【THE PERFECT NURSE BADGE BUDDY】The NURSE badge tag works easiest with any usual-sized horizontal ID badge.\n【EXCELLENT ROLE RECOGNITION 】Clear, large, and vivid character text permits patients and coworkers to simply identify the wearer's role, even from a distance.\n【HANGS IT UNDER ID BADGE】Extend about 1"" below your ID badge, horizontally aligned ID card will are compatible perfectly to hide this badge buddy and make allowance for great role recognition!\n【LIGHTWEIGHT & DURABLE】Fabricated from tough but lightweight materials, born to be long-lasting and no longer weigh down your id badge reel or lanyard.\n【CUTE IDEA】The glitter badge buddy card is a smart practical unique idea for nurse students, nurse friends, and hospital coworkers.",,,taxable,,1,,,0,0,,,,,1,,,8.99,"Office Products",,,"https://m.media-amazon.com/images/I/61Tiof3XSYL.jpg, https://m.media-amazon.com/images/I/61Tiof3XSYL.jpg",,,,,,,https://4anurse.com/?redirectAmzASIN=B0BSD6WFJ8&redirect_prodid=amz-B0BSD6WFJ8,,0,,,,,,"[gallery]
【THE PERFECT NURSE BADGE BUDDY】The NURSE badge tag works {best|very best|absolute best|best possible|highest|easiest|perfect} with any {standard|same old|usual}-sized horizontal ID badge.
【EXCELLENT ROLE RECOGNITION 】Clear, large, and vivid character text {allows|lets in|permits} patients and coworkers {to easily|to simply} identify the wearer's role, even from a distance.
【HANGS IT UNDER ID BADGE】Extend about 1"" below your ID badge, horizontally aligned ID card will {fit|have compatibility|are compatible} perfectly {to cover|to hide} this badge buddy {and allow|and make allowance} for great role recognition!
【LIGHTWEIGHT & DURABLE】{Made of|Made from|Manufactured from|Product of|Fabricated from} tough but lightweight materials, born to be long-lasting and {not|now not|no longer} weigh down your id badge reel or lanyard.
【CUTE IDEA】The glitter badge buddy card {is a great|is a smart|is a brilliant} practical unique idea for nurse students, nurse friends, and hospital coworkers.","[gallery]
【THE PERFECT NURSE BADGE BUDDY】The NURSE badge tag works {easiest|absolute best|highest|best possible|perfect|very best|best} with any {usual|same old|standard}-sized horizontal ID badge.
【EXCELLENT ROLE RECOGNITION 】Clear, large, and vivid character text {permits|lets in|allows} patients and coworkers {to simply|to easily} identify the wearer's role, even from a distance.
【HANGS IT UNDER ID BADGE】Extend about 1"" below your ID badge, horizontally aligned ID card will {are compatible|have compatibility|fit} perfectly {to hide|to cover} this badge buddy {and make allowance|and allow} for great role recognition!
【LIGHTWEIGHT & DURABLE】{Fabricated from|Made from|Manufactured from|Product of|Made of} tough but lightweight materials, born to be long-lasting and {no longer|now not|not} weigh down your id badge reel or lanyard.
【CUTE IDEA】The glitter badge buddy card {is a smart|is a brilliant|is a great} practical unique idea for nurse students, nurse friends, and hospital coworkers.","[gallery]
【THE PERFECT NURSE BADGE BUDDY】The NURSE badge tag works best with any standard-sized horizontal ID badge.
【EXCELLENT ROLE RECOGNITION 】Clear, large, and vivid character text allows patients and coworkers to easily identify the wearer's role, even from a distance.
【HANGS IT UNDER ID BADGE】Extend about 1"" below your ID badge, horizontally aligned ID card will fit perfectly to cover this badge buddy and allow for great role recognition!
【LIGHTWEIGHT & DURABLE】Made of tough but lightweight materials, born to be long-lasting and not weigh down your id badge reel or lanyard.
【CUTE IDEA】The glitter badge buddy card is a great practical unique idea for nurse students, nurse friends, and hospital coworkers.",B0BSD6WFJ8,com,999999,amz-B0BSD6WFJ8,amazon,https://www.amazon.com/dp/B0BSD6WFJ8/,1747067208,0,0,1,223,0,223,,0,0,1778970612,invalid,9
1182,external,,,"30 Vertical Nursing Badge Reference Cards - Lab Values, EKG, Vitals, and More! (Bonus Cheat Sheets) Excellent Gift for Nurses, Nursing Students, and Other Med. Workers!",1,0,visible,"THE ULTIMATE 30 CARD BADGE CARD SET - This 30 card set is packed with need to know information including EKG, Respiratory, General med, Pharmacy, Pediatrics / OB, and Labs!\nINFORMATION WHERE YOU NEED IT - Don't be caught off guard, these badge reference cards are a perfect cheat sheet when you need them on the spot. They fit perfectly on your badge!\nBONUS CHEAT SHEETS - You'll have access to our FREE VIP area with downloadable reference cheat sheets that can easily be displayed on your phone or computer. Cheat sheets are also printable and can be used with a clipboard.","[gallery]\n<!-- show up to 2 reviews by default --> <p> <span>Qty: Nurse Nation 30 Card Vertical Badge Reference Cards Set Package list: 30 double sided reference cards, 1 index, 1 access card for FREE downloadable Cheat Sheets, 1 reusable storage box Cards / information topics included in this set: General Medicine: Order of blood draw / Basic Patient Assessment / Pain Assessment / Common Hospital Codes / Hospital conversions and dosage Calculations / Glasgow Coma Scale / Cranial Nerve Reference Pharmacy: IV Solution Reference / Medications With Antidotes / Common Meds by Classification / Insulin Reference Chart / Cardiac Drips Reference / Drug and Pregnancy schedule Labs: Normal Adult Lab Values / LPT, Cholesterol, blood chemistry, coagulation studies, CBC with differential / Normal Adult Vitals / Therapeutic Drug Levels / Urine &amp; Glucose Values Pediatrics / OB: Pediatric Vital Signs / APGAR test / Newborn Assessment / Antepartum Non-stress Test / Immunization Schedule Respiratory: ABG Analysis / ABG Drift Chart / O2 Delivery Hierarchy EKG (ECG): EKG Interpretation Reference / Important EKG Findings / EKG Ruler / STEMI 12 Lead Reference / Electrode Placement Perfect for the health care workers, nurses, nursing students, specialty techs, EMTs, and so forth. Exceptional Quality The cards on this badge set will fit on any standard sized badge holder or badge reel Sturdy &amp; durable Scratch-resistant &amp; waterproof Perfect tool for that hard to take into account that specific information needed when on the job or studying for a test Don't Be Caught Unprepared - have this reference badge card set ready at your fingertips! Warranty: We back our products with a hassle free lifetime warranty! THE ULTIMATE 30 CARD BADGE CARD SET - This 30 card set is packed with want to know information including EKG, Respiratory, General med, Pharmacy, Pediatrics / OB, and Labs! INFORMATION WHERE YOU NEED IT - Don't be caught off guard, these badge reference cards are a perfect cheat sheet when you want them on the spot. They fit perfectly on your badge! BONUS CHEAT SHEETS - You'll be able to have access to our FREE VIP area with downloadable reference cheat sheets that can easily be displayed on your phone or computer. Cheat sheets are also printable and can be utilized with a clipboard. LIFETIME GUARANTEE - If for any reason you want to replace your badge cards, we'll care for you with our hassle-free lifetime guarantee! EASY TO READ REFERENCE - This 30 card badge set uses all of the available space with readable print to offers you the info you want when you want it. No useless cards and tons of value! Makes a great gift for nurses, EMT's, paramedics, techs, and other hospital professionals!</span> </p>\nTHE ULTIMATE 30 CARD BADGE CARD SET - This 30 card set is packed with want to know information including EKG, Respiratory, General med, Pharmacy, Pediatrics / OB, and Labs!\nINFORMATION WHERE YOU NEED IT - Don't be caught off guard, these badge reference cards are a perfect cheat sheet when you want them on the spot. They fit perfectly on your badge!\nBONUS CHEAT SHEETS - You'll be able to have access to our FREE VIP area with downloadable reference cheat sheets that can easily be displayed on your phone or computer. Cheat sheets are also printable and can be utilized with a clipboard.\nLIFETIME GUARANTEE - If for any reason you want to replace your badge cards, we'll care for you with our hassle-free lifetime guarantee!\nEASY TO READ REFERENCE - This 30 card badge set uses all of the available space with readable print to offers you the info you want when you want it. No useless cards and tons of value! Makes a great gift for nurses, EMT's, paramedics, techs, and other hospital professionals!",,,taxable,,1,,,0,0,,,,,1,,,14.99,"Office Products",,,"https://m.media-amazon.com/images/I/51EzqG-LQdL.jpg, https://m.media-amazon.com/images/I/51EzqG-LQdL.jpg",,,,,,,https://4anurse.com/?redirectAmzASIN=B085XKH5H1&redirect_prodid=amz-B085XKH5H1,,0,,,,,,"[gallery]
<!-- show up to 2 reviews by default --> <p> <span>Qty: Nurse Nation 30 Card Vertical Badge Reference Cards Set Package list: 30 double sided reference cards, 1 index, 1 access card for FREE downloadable Cheat Sheets, 1 reusable storage box Cards / information topics included in this set: General Medicine: Order of blood draw / Basic Patient Assessment / Pain Assessment / Common Hospital Codes / Hospital conversions and dosage Calculations / Glasgow Coma Scale / Cranial Nerve Reference Pharmacy: IV Solution Reference / Medications With Antidotes / Common Meds by Classification / Insulin Reference Chart / Cardiac Drips Reference / Drug and Pregnancy schedule Labs: Normal Adult Lab Values / LPT, Cholesterol, blood chemistry, coagulation studies, CBC with differential / Normal Adult Vitals / Therapeutic Drug Levels / Urine &amp; Glucose Values Pediatrics / OB: Pediatric Vital Signs / APGAR test / Newborn Assessment / Antepartum Non-stress Test / Immunization Schedule Respiratory: ABG Analysis / ABG {Flow|Go with the flow|Drift|Float|Glide|Waft} Chart / O2 Delivery Hierarchy EKG (ECG): EKG Interpretation Reference / Important EKG Findings / EKG Ruler / STEMI 12 Lead Reference / Electrode Placement Perfect for the health care workers, nurses, nursing students, specialty techs, EMTs, {etc|and so on|and so forth|and the like}. Exceptional Quality The cards on this badge set will fit on any standard sized badge holder or badge reel Sturdy &amp; durable Scratch-resistant &amp; waterproof Perfect tool for that hard to {remember|keep in mind that|remember that|understand that|needless to say|take into account that} specific information needed when on the job or studying for a test Don't Be Caught Unprepared - have this reference badge card set ready at your fingertips! Warranty: We back our products with a hassle free lifetime warranty! THE ULTIMATE 30 CARD BADGE CARD SET - This 30 card set is packed with {need to|want to|wish to} know information including EKG, Respiratory, General med, Pharmacy, Pediatrics / OB, and Labs! INFORMATION WHERE YOU NEED IT - Don't be caught off guard, these badge reference cards are a perfect cheat sheet when {you need|you wish to have|you want} them on the spot. They fit perfectly on your badge! BONUS CHEAT SHEETS - {You'll|You'll be able to|You can} have access to our FREE VIP area with downloadable reference cheat sheets that can easily be displayed on your phone or computer. Cheat sheets are also printable and {can be used|can be utilized} with a clipboard. LIFETIME GUARANTEE - If for any reason {you need|you wish to have|you want} to replace your badge cards, we'll {take care of|care for|deal with|maintain|handle} you with our hassle-free lifetime guarantee! EASY TO READ REFERENCE - This 30 card badge set uses {all the|all of the|the entire} available space with readable print to {provide you with|will give you|offers you|provides you with} the info {you need|you wish to have|you want} when {you need|you wish to have|you want} it. No useless cards and tons of value! Makes a great gift for nurses, EMT's, paramedics, techs, and other hospital professionals!</span> </p>
THE ULTIMATE 30 CARD BADGE CARD SET - This 30 card set is packed with {need to|want to|wish to} know information including EKG, Respiratory, General med, Pharmacy, Pediatrics / OB, and Labs!
INFORMATION WHERE YOU NEED IT - Don't be caught off guard, these badge reference cards are a perfect cheat sheet when {you need|you wish to have|you want} them on the spot. They fit perfectly on your badge!
BONUS CHEAT SHEETS - {You'll|You'll be able to|You can} have access to our FREE VIP area with downloadable reference cheat sheets that can easily be displayed on your phone or computer. Cheat sheets are also printable and {can be used|can be utilized} with a clipboard.
LIFETIME GUARANTEE - If for any reason {you need|you wish to have|you want} to replace your badge cards, we'll {take care of|care for|deal with|maintain|handle} you with our hassle-free lifetime guarantee!
EASY TO READ REFERENCE - This 30 card badge set uses {all the|all of the|the entire} available space with readable print to {provide you with|will give you|offers you|provides you with} the info {you need|you wish to have|you want} when {you need|you wish to have|you want} it. No useless cards and tons of value! Makes a great gift for nurses, EMT's, paramedics, techs, and other hospital professionals!","[gallery]
<!-- show up to 2 reviews by default --> <p> <span>Qty: Nurse Nation 30 Card Vertical Badge Reference Cards Set Package list: 30 double sided reference cards, 1 index, 1 access card for FREE downloadable Cheat Sheets, 1 reusable storage box Cards / information topics included in this set: General Medicine: Order of blood draw / Basic Patient Assessment / Pain Assessment / Common Hospital Codes / Hospital conversions and dosage Calculations / Glasgow Coma Scale / Cranial Nerve Reference Pharmacy: IV Solution Reference / Medications With Antidotes / Common Meds by Classification / Insulin Reference Chart / Cardiac Drips Reference / Drug and Pregnancy schedule Labs: Normal Adult Lab Values / LPT, Cholesterol, blood chemistry, coagulation studies, CBC with differential / Normal Adult Vitals / Therapeutic Drug Levels / Urine &amp; Glucose Values Pediatrics / OB: Pediatric Vital Signs / APGAR test / Newborn Assessment / Antepartum Non-stress Test / Immunization Schedule Respiratory: ABG Analysis / ABG {Drift|Float|Waft|Glide|Go with the flow|Flow} Chart / O2 Delivery Hierarchy EKG (ECG): EKG Interpretation Reference / Important EKG Findings / EKG Ruler / STEMI 12 Lead Reference / Electrode Placement Perfect for the health care workers, nurses, nursing students, specialty techs, EMTs, {and so forth|and the like|and so on|etc}. Exceptional Quality The cards on this badge set will fit on any standard sized badge holder or badge reel Sturdy &amp; durable Scratch-resistant &amp; waterproof Perfect tool for that hard to {take into account that|keep in mind that|remember that|needless to say|understand that|remember} specific information needed when on the job or studying for a test Don't Be Caught Unprepared - have this reference badge card set ready at your fingertips! Warranty: We back our products with a hassle free lifetime warranty! THE ULTIMATE 30 CARD BADGE CARD SET - This 30 card set is packed with {want to|wish to|need to} know information including EKG, Respiratory, General med, Pharmacy, Pediatrics / OB, and Labs! INFORMATION WHERE YOU NEED IT - Don't be caught off guard, these badge reference cards are a perfect cheat sheet when {you want|you wish to have|you need} them on the spot. They fit perfectly on your badge! BONUS CHEAT SHEETS - {You'll be able to|You can|You'll} have access to our FREE VIP area with downloadable reference cheat sheets that can easily be displayed on your phone or computer. Cheat sheets are also printable and {can be utilized|can be used} with a clipboard. LIFETIME GUARANTEE - If for any reason {you want|you wish to have|you need} to replace your badge cards, we'll {care for|deal with|maintain|handle|take care of} you with our hassle-free lifetime guarantee! EASY TO READ REFERENCE - This 30 card badge set uses {all of the|the entire|all the} available space with readable print to {offers you|provides you with|will give you|provide you with} the info {you want|you wish to have|you need} when {you want|you wish to have|you need} it. No useless cards and tons of value! Makes a great gift for nurses, EMT's, paramedics, techs, and other hospital professionals!</span> </p>
THE ULTIMATE 30 CARD BADGE CARD SET - This 30 card set is packed with {want to|wish to|need to} know information including EKG, Respiratory, General med, Pharmacy, Pediatrics / OB, and Labs!
INFORMATION WHERE YOU NEED IT - Don't be caught off guard, these badge reference cards are a perfect cheat sheet when {you want|you wish to have|you need} them on the spot. They fit perfectly on your badge!
BONUS CHEAT SHEETS - {You'll be able to|You can|You'll} have access to our FREE VIP area with downloadable reference cheat sheets that can easily be displayed on your phone or computer. Cheat sheets are also printable and {can be utilized|can be used} with a clipboard.
LIFETIME GUARANTEE - If for any reason {you want|you wish to have|you need} to replace your badge cards, we'll {care for|deal with|maintain|handle|take care of} you with our hassle-free lifetime guarantee!
EASY TO READ REFERENCE - This 30 card badge set uses {all of the|the entire|all the} available space with readable print to {offers you|provides you with|will give you|provide you with} the info {you want|you wish to have|you need} when {you want|you wish to have|you need} it. No useless cards and tons of value! Makes a great gift for nurses, EMT's, paramedics, techs, and other hospital professionals!","[gallery]
<!-- show up to 2 reviews by default --> <p> <span>Qty: Nurse Nation 30 Card Vertical Badge Reference Cards Set Package list: 30 double sided reference cards, 1 index, 1 access card for FREE downloadable Cheat Sheets, 1 reusable storage box Cards / information topics included in this set: General Medicine: Order of blood draw / Basic Patient Assessment / Pain Assessment / Common Hospital Codes / Hospital conversions and dosage Calculations / Glasgow Coma Scale / Cranial Nerve Reference Pharmacy: IV Solution Reference / Medications With Antidotes / Common Meds by Classification / Insulin Reference Chart / Cardiac Drips Reference / Drug and Pregnancy schedule Labs: Normal Adult Lab Values / LPT, Cholesterol, blood chemistry, coagulation studies, CBC with differential / Normal Adult Vitals / Therapeutic Drug Levels / Urine &amp; Glucose Values Pediatrics / OB: Pediatric Vital Signs / APGAR test / Newborn Assessment / Antepartum Non-stress Test / Immunization Schedule Respiratory: ABG Analysis / ABG Flow Chart / O2 Delivery Hierarchy EKG (ECG): EKG Interpretation Reference / Important EKG Findings / EKG Ruler / STEMI 12 Lead Reference / Electrode Placement Perfect for the health care workers, nurses, nursing students, specialty techs, EMTs, etc. Exceptional Quality The cards on this badge set will fit on any standard sized badge holder or badge reel Sturdy &amp; durable Scratch-resistant &amp; waterproof Perfect tool for that hard to remember specific information needed when on the job or studying for a test Don't Be Caught Unprepared - have this reference badge card set ready at your fingertips! Warranty: We back our products with a hassle free lifetime warranty! THE ULTIMATE 30 CARD BADGE CARD SET - This 30 card set is packed with need to know information including EKG, Respiratory, General med, Pharmacy, Pediatrics / OB, and Labs! INFORMATION WHERE YOU NEED IT - Don't be caught off guard, these badge reference cards are a perfect cheat sheet when you need them on the spot. They fit perfectly on your badge! BONUS CHEAT SHEETS - You'll have access to our FREE VIP area with downloadable reference cheat sheets that can easily be displayed on your phone or computer. Cheat sheets are also printable and can be used with a clipboard. LIFETIME GUARANTEE - If for any reason you need to replace your badge cards, we'll take care of you with our hassle-free lifetime guarantee! EASY TO READ REFERENCE - This 30 card badge set uses all the available space with readable print to provide you with the info you need when you need it. No useless cards and tons of value! Makes a great gift for nurses, EMT's, paramedics, techs, and other hospital professionals!</span> </p>
THE ULTIMATE 30 CARD BADGE CARD SET - This 30 card set is packed with need to know information including EKG, Respiratory, General med, Pharmacy, Pediatrics / OB, and Labs!
INFORMATION WHERE YOU NEED IT - Don't be caught off guard, these badge reference cards are a perfect cheat sheet when you need them on the spot. They fit perfectly on your badge!
BONUS CHEAT SHEETS - You'll have access to our FREE VIP area with downloadable reference cheat sheets that can easily be displayed on your phone or computer. Cheat sheets are also printable and can be used with a clipboard.
LIFETIME GUARANTEE - If for any reason you need to replace your badge cards, we'll take care of you with our hassle-free lifetime guarantee!
EASY TO READ REFERENCE - This 30 card badge set uses all the available space with readable print to provide you with the info you need when you need it. No useless cards and tons of value! Makes a great gift for nurses, EMT's, paramedics, techs, and other hospital professionals!",B085XKH5H1,com,999999,amz-B085XKH5H1,amazon,https://www.amazon.com/dp/B085XKH5H1/,1747067268,0,0,1,235,0,235,,0,0,1778970612,invalid,15
1184,external,,,"BadgeGuru Nursing Badge Reference Cards - 33 Double Sided Nurse Badge Cards - 66 Cheat Sheets, Nursing School Essentials, Nursing Students, New Nurses",1,0,visible,"DESIGNED BY NURSES FOR NURSES - Tribe RN is the leading brand for nursing resources and nursing school supplies. Thoughtfully designed for you by experienced nurses and educators.\nBADGEGURU – Now expanded and updated with 33 nursing badge cards, this is the set you want. Whether you’re an experienced nurse, or a nursing student looking for extra confidence during clinical, we’ve designed this for you.\nSET INCLUDES 8 CATEGORIES – Cardiac, General Medical, Labs, OB/L&D, Pediatrics, Pharmacy, Respiratory, and Medical English/Spanish. With no tiny print or wasted space, this set is packed with just the vital information you need.","[gallery]\nDESIGNED BY NURSES FOR NURSES - Tribe RN is the leading brand for nursing resources and nursing school supplies. Thoughtfully designed for you by experienced nurses and educators.\nBADGEGURU – Now expanded and up to date with 33 nursing badge cards, this is the set you wish to have. Whether you’re an experienced nurse, or a nursing student in search of extra confidence right through clinical, we’ve designed this for you.\nSET INCLUDES 8 CATEGORIES – Cardiac, General Medical, Labs, OB/L&D, Pediatrics, Pharmacy, Respiratory, and Medical English/Spanish. And not using a tiny print or wasted space, this set is packed with just the vital information you want.\nEXPANDED EKG/ECG TOOLS RIGHT ON YOUR BADGE - Includes rate measurement without the hassle of EKG calipers, at the side of the most important insights such as ECG interpretation, efficient interval measurement with the ECG Ruler, differentiation of STEMI and NSTEMI, assessment of 12-lead ECG changes, identification of MI location, understanding heart block, and correct 12-lead ECG placement. The whole lot you want for your ACLS certification.\nEXCLUSIVE MEMBERSHIP – Includes get admission to to our Online Resource Library. Download our Nursing Essentials Cheat Sheet Set - General Med, Hematology, Lab Values, Medical Spanish, Newborn, NICU, OB/L&D, Pediatrics, Pharmacy, Respiratory References, and more.",,,taxable,,1,,,0,0,,,,,1,,,14.15,"Office Products",,,"https://m.media-amazon.com/images/I/51vZyK3q+8L.jpg, https://m.media-amazon.com/images/I/51vZyK3q+8L.jpg",,,,,,,https://4anurse.com/?redirectAmzASIN=B07YN2VSNY&redirect_prodid=amz-B07YN2VSNY,,0,,,,,,"[gallery]
DESIGNED BY NURSES FOR NURSES - Tribe RN is the leading brand for nursing resources and nursing school supplies. Thoughtfully designed for you by experienced nurses and educators.
BADGEGURU – Now expanded and {updated|up to date} with 33 nursing badge cards, this is the set {you want|you wish to have|you need}. Whether you’re an experienced nurse, or a nursing student {looking for|in search of|on the lookout for|searching for} extra confidence {during|all the way through|throughout|all through|right through|all over} clinical, we’ve designed this for you.
SET INCLUDES 8 CATEGORIES – Cardiac, General Medical, Labs, OB/L&D, Pediatrics, Pharmacy, Respiratory, and Medical English/Spanish. {With no|Without a|And not using a|With out a} tiny print or wasted space, this set is packed with just the vital information {you need|you wish to have|you want}.
EXPANDED EKG/ECG TOOLS RIGHT ON YOUR BADGE - Includes rate measurement without the hassle of EKG calipers, {along with|at the side of|along side|in conjunction with|together with} {crucial|the most important|an important|a very powerful} insights such as ECG interpretation, efficient interval measurement with the ECG Ruler, differentiation of STEMI and NSTEMI, assessment of 12-lead ECG changes, identification of MI location, understanding heart block, and correct 12-lead ECG placement. {Everything|The whole thing|The whole lot} {you need|you wish to have|you want} for your ACLS certification.
EXCLUSIVE MEMBERSHIP – Includes {access|get entry to|get right of entry to|get admission to} to our Online Resource Library. Download our Nursing Essentials Cheat Sheet Set - General Med, Hematology, Lab Values, Medical Spanish, Newborn, NICU, OB/L&D, Pediatrics, Pharmacy, Respiratory References, and more.","[gallery]
DESIGNED BY NURSES FOR NURSES - Tribe RN is the leading brand for nursing resources and nursing school supplies. Thoughtfully designed for you by experienced nurses and educators.
BADGEGURU – Now expanded and {up to date|updated} with 33 nursing badge cards, this is the set {you wish to have|you need|you want}. Whether you’re an experienced nurse, or a nursing student {in search of|on the lookout for|searching for|looking for} extra confidence {right through|all over|throughout|all the way through|all through|during} clinical, we’ve designed this for you.
SET INCLUDES 8 CATEGORIES – Cardiac, General Medical, Labs, OB/L&D, Pediatrics, Pharmacy, Respiratory, and Medical English/Spanish. {And not using a|With out a|Without a|With no} tiny print or wasted space, this set is packed with just the vital information {you want|you wish to have|you need}.
EXPANDED EKG/ECG TOOLS RIGHT ON YOUR BADGE - Includes rate measurement without the hassle of EKG calipers, {at the side of|in conjunction with|along side|together with|along with} {the most important|a very powerful|an important|crucial} insights such as ECG interpretation, efficient interval measurement with the ECG Ruler, differentiation of STEMI and NSTEMI, assessment of 12-lead ECG changes, identification of MI location, understanding heart block, and correct 12-lead ECG placement. {The whole lot|The whole thing|Everything} {you want|you wish to have|you need} for your ACLS certification.
EXCLUSIVE MEMBERSHIP – Includes {get admission to|get right of entry to|get entry to|access} to our Online Resource Library. Download our Nursing Essentials Cheat Sheet Set - General Med, Hematology, Lab Values, Medical Spanish, Newborn, NICU, OB/L&D, Pediatrics, Pharmacy, Respiratory References, and more.","[gallery]
DESIGNED BY NURSES FOR NURSES - Tribe RN is the leading brand for nursing resources and nursing school supplies. Thoughtfully designed for you by experienced nurses and educators.
BADGEGURU – Now expanded and updated with 33 nursing badge cards, this is the set you want. Whether you’re an experienced nurse, or a nursing student looking for extra confidence during clinical, we’ve designed this for you.
SET INCLUDES 8 CATEGORIES – Cardiac, General Medical, Labs, OB/L&D, Pediatrics, Pharmacy, Respiratory, and Medical English/Spanish. With no tiny print or wasted space, this set is packed with just the vital information you need.
EXPANDED EKG/ECG TOOLS RIGHT ON YOUR BADGE - Includes rate measurement without the hassle of EKG calipers, along with crucial insights such as ECG interpretation, efficient interval measurement with the ECG Ruler, differentiation of STEMI and NSTEMI, assessment of 12-lead ECG changes, identification of MI location, understanding heart block, and correct 12-lead ECG placement. Everything you need for your ACLS certification.
EXCLUSIVE MEMBERSHIP – Includes access to our Online Resource Library. Download our Nursing Essentials Cheat Sheet Set - General Med, Hematology, Lab Values, Medical Spanish, Newborn, NICU, OB/L&D, Pediatrics, Pharmacy, Respiratory References, and more.",B07YN2VSNY,com,999999,amz-B07YN2VSNY,amazon,https://www.amazon.com/dp/B07YN2VSNY/,1747067328,0,0,1,226,0,226,,0,0,1778970612,invalid,10
1186,external,,,"My Mommy is a Nurse Paperback – September 11, 2018",1,0,visible,,,,,taxable,,1,,,0,0,,,,,1,,,12.99,"Books > Children's Books > Growing Up and Facts of Life > Family Life > Parents",,,,,,,,,,https://4anurse.com/?redirectAmzASIN=1987485556&redirect_prodid=amz-1987485556,,0,,,,,,,,,1987485556,com,999999,amz-1987485556,amazon,https://www.amazon.com/dp/1987485556/,1747067448,0,0,1,197,0,197,,0,0,1778970612,invalid,24
1187,external,,,"I Wasn't Strong Like This When I Started Out: True Stories of Becoming a Nurse Paperback – April 9, 2013",1,0,visible,,,,,taxable,,1,,,0,0,,,,,1,,,22.88,"Books > Health\, Fitness and Dieting",,,,,,,,,,https://4anurse.com/?redirectAmzASIN=1937163121&redirect_prodid=amz-1937163121,,0,,,,,,,,,1937163121,com,999999,amz-1937163121,amazon,https://www.amazon.com/dp/1937163121/,1747067628,0,0,1,216,0,216,,0,0,1778970612,invalid,19
1188,external,,,"The Perfect Nurse: A totally addictive and unputdownable psychological thriller Paperback – June 26, 2024",1,0,visible,,[gallery],,,taxable,,1,,,0,0,,,,,1,,,10.99,"Books > Mystery\, Thriller and Suspense > Thrillers and Suspense",,,"https://m.media-amazon.com/images/I/412c+n170tL.jpg, https://m.media-amazon.com/images/I/412c+n170tL.jpg",,,,,,,https://4anurse.com/?redirectAmzASIN=1835256090&redirect_prodid=amz-1835256090,,0,,,,,,[gallery],[gallery],[gallery],1835256090,com,999999,amz-1835256090,amazon,https://www.amazon.com/dp/1835256090/,1747067689,0,0,1,221,0,221,,0,0,1778970612,invalid,16
1190,external,,,"A Nurse's Touch: A prayer and devotional for nurses Paperback – October 4, 2018",1,0,visible,,,,,taxable,,1,,,0,0,,,,,1,,,11.99,"Books > Religion and Spirituality",,,,,,,,,,https://4anurse.com/?redirectAmzASIN=1727750934&redirect_prodid=amz-1727750934,,0,,,,,,,,,1727750934,com,999999,amz-1727750934,amazon,https://www.amazon.com/dp/1727750934/,1747067748,0,0,1,224,0,224,,0,0,1778970612,invalid,31
1191,external,,,"Davis's Drug Guide for Nurses Nineteenth Edition",1,0,visible,,,,,taxable,,1,,,0,0,,,,,1,,37.21,55.95,"Books > Medical Books > Nursing > Pharmacology",,,,,,,,,,https://4anurse.com/?redirectAmzASIN=1719650039&redirect_prodid=amz-1719650039,,0,,,,,,,,,1719650039,com,999999,amz-1719650039,amazon,https://www.amazon.com/dp/1719650039/,1747067808,0,0,1,216,0,216,,0,0,1778970612,invalid,13
1192,external,,,"Nurse's Pocket Guide: Diagnoses, Prioritized Interventions, and Rationales Sixteenth Edition",1,0,visible,,,,,taxable,,1,,,0,0,,,,,1,,15,56.95,"Books > Medical Books > Medicine",,,,,,,,,,https://4anurse.com/?redirectAmzASIN=1719643075&redirect_prodid=amz-1719643075,,0,,,,,,,,,1719643075,com,999999,amz-1719643075,amazon,https://www.amazon.com/dp/1719643075/,1747067868,0,0,1,222,0,222,,0,0,1778970612,invalid,42
1193,external,,,"The Ultimate Nurse Activity Book: Fun Puzzles, Crosswords, Word Searches and Hilarious Entertainment for Nurses (Funny Nurse Gifts) Paperback – October 20, 2023",1,0,visible,,[gallery],,,taxable,,1,,,0,0,,,,,1,,11.72,13.99,"Books > Crafts\, Hobbies and Home > Crafts and Hobbies > Coloring Books for Grown-Ups > Humorous",,,"https://m.media-amazon.com/images/I/5129jSaoOWL.jpg, https://m.media-amazon.com/images/I/5129jSaoOWL.jpg",,,,,,,https://4anurse.com/?redirectAmzASIN=1648451071&redirect_prodid=amz-1648451071,,0,,,,,,[gallery],[gallery],[gallery],1648451071,com,999999,amz-1648451071,amazon,https://www.amazon.com/dp/1648451071/,1747067931,0,0,1,212,0,212,,0,0,1778970612,invalid,16
1195,external,,,"Chicken Soup for the Nurse's Soul: Stories to Celebrate, Honor and Inspire the Nursing Profession (Chicken Soup for the Soul) Paperback – Illustrated, September 4, 2012",1,0,visible,,,,,taxable,,1,,,0,0,,,,,1,,15.45,16.95,"Books > Literature and Fiction > Dramas and Plays > Type",,,,,,,,,,https://4anurse.com/?redirectAmzASIN=1623611024&redirect_prodid=amz-1623611024,,0,,,,,,,,,1623611024,com,999999,amz-1623611024,amazon,https://www.amazon.com/dp/1623611024/,1747067988,0,0,1,228,0,228,,0,0,1778970612,invalid,11
1196,external,,,"The Shift: One Nurse, Twelve Hours, Four Patients' Lives Paperback – May 3, 2016",1,0,visible,,[gallery],,,taxable,,1,,,0,0,,,,,1,,,49,"Books > Biographies and Memoirs > Professionals and Academics",,,"https://m.media-amazon.com/images/I/51EeOYpMeeL.jpg, https://m.media-amazon.com/images/I/51EeOYpMeeL.jpg",,,,,,,https://4anurse.com/?redirectAmzASIN=1616206020&redirect_prodid=amz-1616206020,,0,,,,,,[gallery],[gallery],[gallery],1616206020,com,999999,amz-1616206020,amazon,https://www.amazon.com/dp/1616206020/,1747068049,0,0,1,223,0,223,,0,0,1778970612,invalid,10
1198,external,,,"Chicken Soup for the Soul: Inspiration for Nurses: 101 Stories of Appreciation and Wisdom Paperback – July 21, 2015",1,0,visible,,,,,taxable,,1,,,0,0,,,,,1,,9.35,16.95,"Books > Self-Help",,,,,,,,,,https://4anurse.com/?redirectAmzASIN=1611599482&redirect_prodid=amz-1611599482,,0,,,,,,,,,1611599482,com,999999,amz-1611599482,amazon,https://www.amazon.com/dp/1611599482/,1747068108,0,0,1,256,0,256,,0,0,1778970612,invalid,11
1199,external,,,"Nurse Coloring Book: Sweary Midnight Edition - A Totally Relatable Swear Word Adult Coloring Book Filled with Nurse Problems (Coloring Book Gift Ideas) Paperback – Coloring Book, December 29, 2016",1,0,visible,,[gallery],,,taxable,,1,,,0,0,,,,,1,,,10.14,"Books > Crafts\, Hobbies and Home > Crafts and Hobbies > Coloring Books for Grown-Ups > Humorous",,,"https://m.media-amazon.com/images/I/61cCpjrzmhL.jpg, https://m.media-amazon.com/images/I/61cCpjrzmhL.jpg",,,,,,,https://4anurse.com/?redirectAmzASIN=1541361105&redirect_prodid=amz-1541361105,,0,,,,,,[gallery],[gallery],[gallery],1541361105,com,999999,amz-1541361105,amazon,https://www.amazon.com/dp/1541361105/,1747068169,0,0,1,217,0,217,,0,0,1778970612,invalid,19
1201,external,,,"E.R. Nurses: Walk My Rounds with Me: True Stories from America's Greatest Unsung Heroes (Heroes Among Us, 2) Paperback – September 6, 2022",1,0,visible,,,,,taxable,,1,,,0,0,,,,,1,,14.71,18.99,"Books > Medical Books > Medicine",,,,,,,,,,https://4anurse.com/?redirectAmzASIN=1538707233&redirect_prodid=amz-1538707233,,0,,,,,,,,,1538707233,com,999999,amz-1538707233,amazon,https://www.amazon.com/dp/1538707233/,1747068229,0,0,1,220,0,220,,0,0,1778970612,invalid,31
1202,external,,,"Medical Terminology: The Best and Most Effective Way to Memorize, Pronounce and Understand Medical Terms: Second Edition Paperback – November 15, 2016",1,0,visible,,,,,taxable,,1,,,0,0,,,,,1,,,19.99,"Books > Medical Books > Medicine > Reference",,,,,,,,,,https://4anurse.com/?redirectAmzASIN=1519066627&redirect_prodid=amz-1519066627,,0,,,,,,,,,1519066627,com,999999,amz-1519066627,amazon,https://www.amazon.com/dp/1519066627/,1747068289,0,0,1,190,0,190,,0,0,1778970612,invalid,11
1203,external,,,"Nursing Mnemonics: 108 Memory Tricks to Demolish Nursing School (Nursing Clinical Essentials) 1st Edition",1,0,visible,,,,,taxable,,1,,,0,0,,,,,1,,,12.49,"Books > Medical Books > Nursing",,,,,,,,,,https://4anurse.com/?redirectAmzASIN=1511448644&redirect_prodid=amz-1511448644,,0,,,,,,,,,1511448644,com,999999,amz-1511448644,amazon,https://www.amazon.com/dp/1511448644/,1747068349,0,0,1,237,0,237,,0,0,1778970612,invalid,20
1204,external,,,"First-Year Nurse: Advice on Working with Doctors, Prioritizing Care, and Time Management Hardcover – May 26, 2020",1,0,visible,,,,,taxable,,1,,,0,0,,,,,1,,,24.99,"Books > Medical Books > Nursing",,,,,,,,,,https://4anurse.com/?redirectAmzASIN=1510755136&redirect_prodid=amz-1510755136,,0,,,,,,,,,1510755136,com,999999,amz-1510755136,amazon,https://www.amazon.com/dp/1510755136/,1747068408,0,0,1,212,0,212,,0,0,1778970612,invalid,17
1205,external,,,"Self-Care for Nurses: 100+ Ways to Rest, Reset, and Feel Your Best Hardcover – April 19, 2022",1,0,visible,,,,,taxable,,1,,,0,0,,,,,1,,8,15.99,"Books > Self-Help",,,,,,,,,,https://4anurse.com/?redirectAmzASIN=1507217145&redirect_prodid=amz-1507217145,,0,,,,,,,,,1507217145,com,999999,amz-1507217145,amazon,https://www.amazon.com/dp/1507217145/,1747068468,0,0,1,186,0,186,,0,0,1778970612,invalid,16
1206,external,,,"What It Means to Be a Nurse: A Celebration of the Humor, Heart, and Heroes of Every Hospital (What It Means Gift Series) Hardcover – April 20, 2021",1,0,visible,,,,,taxable,,1,,,0,0,,,,,1,,14.08,14.99,"Books > Humor and Entertainment",,,,,,,,,,https://4anurse.com/?redirectAmzASIN=1507215347&redirect_prodid=amz-1507215347,,0,,,,,,,,,1507215347,com,999999,amz-1507215347,amazon,https://www.amazon.com/dp/1507215347/,1747068529,0,0,1,207,0,207,,0,0,1778970612,invalid,10
1207,external,,,"The Nurse's Secret: A Thrilling Historical Novel of the Dark Side of Gilded Age New York City Paperback – June 28, 2022",1,0,visible,,,,,taxable,,1,,,0,0,,,,,1,,9.41,16.95,"Books > Literature and Fiction",,,,,,,,,,https://4anurse.com/?redirectAmzASIN=1496726537&redirect_prodid=amz-1496726537,,0,,,,,,,,,1496726537,com,999999,amz-1496726537,amazon,https://www.amazon.com/dp/1496726537/,1747068589,0,0,1,229,0,229,,0,0,1778970612,invalid,17
1208,external,,,"The Good Nurse: A True Story of Medicine, Madness, and Murder Paperback – July 29, 2014",1,0,visible,,,,,taxable,,1,,,0,0,,,,,1,,17.64,19.99,"Books > Biographies and Memoirs > Professionals and Academics",,,,,,,,,,https://4anurse.com/?redirectAmzASIN=1455574139&redirect_prodid=amz-1455574139,,0,,,,,,,,,1455574139,com,999999,amz-1455574139,amazon,https://www.amazon.com/dp/1455574139/,1747068649,0,0,1,236,0,236,,0,0,1778970612,invalid,36
1261,external,,,"Stickers for The TV Show Greys Anatomy Funny Pack of 50 for Water Bottles,Hydroflasks,Cars,Phone,Computer,Laptop Sticker Decal Cute,Waterproof,Aesthetic,Trendy Stickers for Teens,Girls",1,0,visible,"Waterproof and Stick Firmly - 50 pieces of no-duplicate waterproof stickers, 100% same with the picture,vinyl material built for durability,100% Waterproof,protect against wear/tear and built to last,Odor free,comfortable handle.\nEasy to Stick Repeatedly or Removable -TV Show Water bottlers sticker has a strong self-adhesive, can be reused and placed on different surfaces. peel it off and there won't be any residues.\nNo Inappropriate Stickers - Compared to other stickers, our Laptop stickers are free of unhealthy content.Suitable for all ages,for your kids, adults,middle school student's,teens ,boys,girls,friends, daughter, son,grandson,granddaughter,husband to DIY decoration.","[gallery]\n<!-- show up to 2 reviews by default --> <p> </p><p><span>Sun protection and waterproof! Never faded out!</span></p><p><span>Easy to peel off without leaving adhesive.Easy to clean up.</span></p><p><span>Best gift for your baby toddler teens kids girls boys children, friends to DIY decoration.</span></p><p><span>Perfect to personalize Laptops, Skateboards, Luggage, Cars, Bumpers, Bikes, Bicycles, Bedroom, Hydro flasks ,Go back and forth Case, Bicycle, Motorcycle, Snowboard.</span></p><p><span>Material: PVC</span></p><p><span>Dimension: 1.57 - 3.42 inch</span></p><p><span>Quantity:50pcs</span></p><p><span>Package Include:</span></p><p><span>50 packs Graffiti Stickers</span></p><p></p> <p></p>\nWaterproof and Stick Firmly - 50 pieces of no-duplicate waterproof stickers, 100% same with the picture,vinyl material built for durability,100% Waterproof,give protection to against wear/tear and built to last,Odor free,comfortable maintain.\nEasy to Stick Time and again or Removable -TV Show Water bottlers sticker has a strong self-adhesive, may also be reused and placed on different surfaces. peel it off and there would possibly not be any residues.\nNo Inappropriate Stickers - In comparison to other stickers, our Laptop stickers are free of unhealthy content.Suitable for all ages,for your kids, adults,middle school student's,teens ,boys,girls,friends, daughter, son,grandson,granddaughter,husband to DIY decoration.\nDecoration Stickers - You'll be able to stick on water bottles, Laptops,Skateboards,Computer, Luggage, Cars,Bicycles, guitars,Snowboard,cell phone,Bedroom, Space Bed,Go back and forth Case, Motorcycle, Console,school folders, refrigerator, tool box ,books , hydroflasks,and so on.\nPerfect for Gifts - 1.57 - 3.42 Inches,our vinyl stickers are 25% larger than other stickers, but the sales price is similar.Perfect gift for Christmas, Graduation, Birthday, Easter, Halloween,Thanksgiving day, Mother's day,Valentine's Day.",,,taxable,,1,,,0,0,,,,,1,,,6.99,"Electronics > Computers and Accessories > Laptop Accessories > Skins and Decals",,,"https://m.media-amazon.com/images/I/51O8lnyna1L.jpg, https://m.media-amazon.com/images/I/51O8lnyna1L.jpg",,,,,,,https://4anurse.com/?redirectAmzASIN=B0D86K2LVG&redirect_prodid=amz-B0D86K2LVG,,0,,,,,,"[gallery]
<!-- show up to 2 reviews by default --> <p> </p><p><span>Sun protection and waterproof! Never faded out!</span></p><p><span>Easy to peel off without leaving adhesive.Easy to clean up.</span></p><p><span>Best gift for your baby toddler teens kids girls boys children, friends to DIY decoration.</span></p><p><span>Perfect to personalize Laptops, Skateboards, Luggage, Cars, Bumpers, Bikes, Bicycles, Bedroom, Hydro flasks ,{Travel|Go back and forth|Commute|Trip|Shuttle} Case, Bicycle, Motorcycle, Snowboard.</span></p><p><span>Material: PVC</span></p><p><span>Dimension: 1.57 - 3.42 inch</span></p><p><span>Quantity:50pcs</span></p><p><span>Package Include:</span></p><p><span>50 packs Graffiti Stickers</span></p><p></p> <p></p>
Waterproof and Stick Firmly - 50 pieces of no-duplicate waterproof stickers, 100% same with the picture,vinyl material built for durability,100% Waterproof,{protect|offer protection to|give protection to} against wear/tear and built to last,Odor free,comfortable {handle|take care of|care for|deal with|maintain}.
Easy to Stick {Repeatedly|Again and again|Many times|Time and again} or Removable -TV Show Water bottlers sticker has a strong self-adhesive, {can be|can also be|may also be|will also be} reused and placed on different surfaces. peel it off and there {won't|would possibly not|may not} be any residues.
No Inappropriate Stickers - {Compared to|In comparison to} other stickers, our Laptop stickers are free of unhealthy content.Suitable for all ages,for your kids, adults,middle school student's,teens ,boys,girls,friends, daughter, son,grandson,granddaughter,husband to DIY decoration.
Decoration Stickers - {You can|You'll be able to|You'll} stick on water bottles, Laptops,Skateboards,Computer, Luggage, Cars,Bicycles, guitars,Snowboard,cell phone,Bedroom, Space Bed,{Travel|Go back and forth|Commute|Trip|Shuttle} Case, Motorcycle, Console,school folders, refrigerator, tool box ,books , hydroflasks,{etc|and so on|and so forth|and the like}.
Perfect for Gifts - 1.57 - 3.42 Inches,our vinyl stickers are 25% larger than other stickers, but the sales price {is the same|is identical|is similar}.Perfect gift for Christmas, Graduation, Birthday, Easter, Halloween,Thanksgiving day, Mother's day,Valentine's Day.","[gallery]
<!-- show up to 2 reviews by default --> <p> </p><p><span>Sun protection and waterproof! Never faded out!</span></p><p><span>Easy to peel off without leaving adhesive.Easy to clean up.</span></p><p><span>Best gift for your baby toddler teens kids girls boys children, friends to DIY decoration.</span></p><p><span>Perfect to personalize Laptops, Skateboards, Luggage, Cars, Bumpers, Bikes, Bicycles, Bedroom, Hydro flasks ,{Go back and forth|Commute|Trip|Shuttle|Travel} Case, Bicycle, Motorcycle, Snowboard.</span></p><p><span>Material: PVC</span></p><p><span>Dimension: 1.57 - 3.42 inch</span></p><p><span>Quantity:50pcs</span></p><p><span>Package Include:</span></p><p><span>50 packs Graffiti Stickers</span></p><p></p> <p></p>
Waterproof and Stick Firmly - 50 pieces of no-duplicate waterproof stickers, 100% same with the picture,vinyl material built for durability,100% Waterproof,{give protection to|offer protection to|protect} against wear/tear and built to last,Odor free,comfortable {maintain|care for|deal with|take care of|handle}.
Easy to Stick {Time and again|Again and again|Many times|Repeatedly} or Removable -TV Show Water bottlers sticker has a strong self-adhesive, {may also be|can also be|will also be|can be} reused and placed on different surfaces. peel it off and there {would possibly not|may not|won't} be any residues.
No Inappropriate Stickers - {In comparison to|Compared to} other stickers, our Laptop stickers are free of unhealthy content.Suitable for all ages,for your kids, adults,middle school student's,teens ,boys,girls,friends, daughter, son,grandson,granddaughter,husband to DIY decoration.
Decoration Stickers - {You'll be able to|You'll|You can} stick on water bottles, Laptops,Skateboards,Computer, Luggage, Cars,Bicycles, guitars,Snowboard,cell phone,Bedroom, Space Bed,{Go back and forth|Commute|Trip|Shuttle|Travel} Case, Motorcycle, Console,school folders, refrigerator, tool box ,books , hydroflasks,{and so on|and the like|and so forth|etc}.
Perfect for Gifts - 1.57 - 3.42 Inches,our vinyl stickers are 25% larger than other stickers, but the sales price {is similar|is identical|is the same}.Perfect gift for Christmas, Graduation, Birthday, Easter, Halloween,Thanksgiving day, Mother's day,Valentine's Day.","[gallery]
<!-- show up to 2 reviews by default --> <p> </p><p><span>Sun protection and waterproof! Never faded out!</span></p><p><span>Easy to peel off without leaving adhesive.Easy to clean up.</span></p><p><span>Best gift for your baby toddler teens kids girls boys children, friends to DIY decoration.</span></p><p><span>Perfect to personalize Laptops, Skateboards, Luggage, Cars, Bumpers, Bikes, Bicycles, Bedroom, Hydro flasks ,Travel Case, Bicycle, Motorcycle, Snowboard.</span></p><p><span>Material: PVC</span></p><p><span>Dimension: 1.57 - 3.42 inch</span></p><p><span>Quantity:50pcs</span></p><p><span>Package Include:</span></p><p><span>50 packs Graffiti Stickers</span></p><p></p> <p></p>
Waterproof and Stick Firmly - 50 pieces of no-duplicate waterproof stickers, 100% same with the picture,vinyl material built for durability,100% Waterproof,protect against wear/tear and built to last,Odor free,comfortable handle.
Easy to Stick Repeatedly or Removable -TV Show Water bottlers sticker has a strong self-adhesive, can be reused and placed on different surfaces. peel it off and there won't be any residues.
No Inappropriate Stickers - Compared to other stickers, our Laptop stickers are free of unhealthy content.Suitable for all ages,for your kids, adults,middle school student's,teens ,boys,girls,friends, daughter, son,grandson,granddaughter,husband to DIY decoration.
Decoration Stickers - You can stick on water bottles, Laptops,Skateboards,Computer, Luggage, Cars,Bicycles, guitars,Snowboard,cell phone,Bedroom, Space Bed,Travel Case, Motorcycle, Console,school folders, refrigerator, tool box ,books , hydroflasks,etc.
Perfect for Gifts - 1.57 - 3.42 Inches,our vinyl stickers are 25% larger than other stickers, but the sales price is the same.Perfect gift for Christmas, Graduation, Birthday, Easter, Halloween,Thanksgiving day, Mother's day,Valentine's Day.",B0D86K2LVG,com,999999,amz-B0D86K2LVG,amazon,https://www.amazon.com/dp/B0D86K2LVG/,1747426613,0,0,1,247,0,247,,0,0,1778970612,invalid,17
1264,external,,,"MissDaisy-Trust Me I Watch Grey's Anatomy I'm Basically A Surgeon Ceramic Coffee Mug, Valentine's Day 11 Oz Mug, Ceramic Mug, Party Mugs, Party Gifts",1,0,visible,"Medical Drama Humor: Bring a dose of medical drama humor to your coffee routine with the witty message, ""Trust Me I Watch Grey's Anatomy Mug, I'm Basically A Surgeon."" This mug playfully suggests that your expertise might rival that of the characters on the iconic TV show.\nModern and Sleek Design: The non-white exterior, paired with a black handle and black interior, creates a modern and sleek design. Elevate your coffee mug collection with a stylish piece that adds a touch of humor to your kitchen or workspace.\nPerfect Valentine's Day Gift: Surprise your favorite Grey's Anatomy fan with a mug that combines fandom and humor. This 11oz ceramic mug makes for a thoughtful and amusing Valentine's Day gift, expressing affection with a playful twist.","[gallery]\nMedical Drama Humor: Bring a dose of medical drama humor for your coffee routine with the witty message, ""Believe Me I Watch Grey's Anatomy Mug, I am Mainly A Surgeon."" This mug playfully suggests that your expertise might rival that of the characters at the iconic TV show.\nUp to date and Sleek Design: The non-white exterior, paired with a black maintain and black interior, creates a Up to date and sleek design. Elevate your coffee mug collection with a stylish piece that adds a touch of humor for your kitchen or workspace.\nPerfect Valentine's Day Gift: Surprise your favorite Grey's Anatomy fan with a mug that combines fandom and humor. This 11oz ceramic mug makes for a thoughtful and amusing Valentine's Day gift, expressing affection with a playful twist.\nVersatile Party Mug: Whether you might be hosting a viewing party for Grey's Anatomy or just celebrating with friends, this mug is a perfect party companion. The clever message sparks conversations and brings laughter to any gathering.\nQuality Ceramic Craftsmanship: Crafted with attention to detail, this mug ensures durability and longevity. The amusing phrase remains intact, making it a lasting source of entertainment for fans who take their medical drama (and coffee) seriously. Believe this mug to bring smiles and a touch of surgical swagger for your day-to-day caffeine fix.",,,taxable,,1,,,0,0,,,,,1,,,13.98,"Home and Kitchen > Kitchen and Dining > Dining and Entertaining > Novelty",,,"https://m.media-amazon.com/images/I/41Kvvq+Ff1L.jpg, https://m.media-amazon.com/images/I/41Kvvq+Ff1L.jpg",,,,,,,https://4anurse.com/?redirectAmzASIN=B0CQHTV8LZ&redirect_prodid=amz-B0CQHTV8LZ,,0,,,,,,"[gallery]
Medical Drama Humor: Bring a dose of medical drama humor {to your|for your|on your|in your} coffee routine with the witty message, ""{Trust|Accept as true with|Agree with|Believe|Consider} Me I Watch Grey's Anatomy Mug, {I'm|I am} {Basically|Principally|Mainly} A Surgeon."" This mug playfully suggests that your expertise might rival that of the characters {on the|at the} iconic TV show.
{Modern|Up to date|Brand new} and Sleek Design: The non-white exterior, paired with a black {handle|take care of|care for|deal with|maintain} and black interior, creates a {Modern|Up to date|Brand new} and sleek design. Elevate your coffee mug collection with a stylish piece that adds a touch of humor {to your|for your|on your|in your} kitchen or workspace.
Perfect Valentine's Day Gift: Surprise your favorite Grey's Anatomy fan with a mug that combines fandom and humor. This 11oz ceramic mug makes for a thoughtful and amusing Valentine's Day gift, expressing affection with a playful twist.
Versatile Party Mug: Whether {you're|you are|you might be} hosting a viewing party for Grey's Anatomy or just celebrating with friends, this mug {is an ideal|is a perfect} party companion. The clever message sparks conversations and brings laughter to any gathering.
Quality Ceramic Craftsmanship: Crafted with attention to detail, this mug ensures durability and longevity. The amusing phrase remains intact, making it a lasting source of entertainment for fans who take their medical drama (and coffee) seriously. {Trust|Accept as true with|Agree with|Believe|Consider} this mug to bring smiles and a touch of surgical swagger {to your|for your|on your|in your} {daily|day by day|day-to-day} caffeine fix.","[gallery]
Medical Drama Humor: Bring a dose of medical drama humor {for your|in your|on your|to your} coffee routine with the witty message, ""{Believe|Consider|Agree with|Accept as true with|Trust} Me I Watch Grey's Anatomy Mug, {I am|I'm} {Mainly|Principally|Basically} A Surgeon."" This mug playfully suggests that your expertise might rival that of the characters {at the|on the} iconic TV show.
{Up to date|Brand new|Modern} and Sleek Design: The non-white exterior, paired with a black {maintain|care for|deal with|take care of|handle} and black interior, creates a {Up to date|Brand new|Modern} and sleek design. Elevate your coffee mug collection with a stylish piece that adds a touch of humor {for your|in your|on your|to your} kitchen or workspace.
Perfect Valentine's Day Gift: Surprise your favorite Grey's Anatomy fan with a mug that combines fandom and humor. This 11oz ceramic mug makes for a thoughtful and amusing Valentine's Day gift, expressing affection with a playful twist.
Versatile Party Mug: Whether {you might be|you are|you're} hosting a viewing party for Grey's Anatomy or just celebrating with friends, this mug {is a perfect|is an ideal} party companion. The clever message sparks conversations and brings laughter to any gathering.
Quality Ceramic Craftsmanship: Crafted with attention to detail, this mug ensures durability and longevity. The amusing phrase remains intact, making it a lasting source of entertainment for fans who take their medical drama (and coffee) seriously. {Believe|Consider|Agree with|Accept as true with|Trust} this mug to bring smiles and a touch of surgical swagger {for your|in your|on your|to your} {day-to-day|day by day|daily} caffeine fix.","[gallery]
Medical Drama Humor: Bring a dose of medical drama humor to your coffee routine with the witty message, ""Trust Me I Watch Grey's Anatomy Mug, I'm Basically A Surgeon."" This mug playfully suggests that your expertise might rival that of the characters on the iconic TV show.
Modern and Sleek Design: The non-white exterior, paired with a black handle and black interior, creates a modern and sleek design. Elevate your coffee mug collection with a stylish piece that adds a touch of humor to your kitchen or workspace.
Perfect Valentine's Day Gift: Surprise your favorite Grey's Anatomy fan with a mug that combines fandom and humor. This 11oz ceramic mug makes for a thoughtful and amusing Valentine's Day gift, expressing affection with a playful twist.
Versatile Party Mug: Whether you're hosting a viewing party for Grey's Anatomy or just celebrating with friends, this mug is an ideal party companion. The clever message sparks conversations and brings laughter to any gathering.
Quality Ceramic Craftsmanship: Crafted with attention to detail, this mug ensures durability and longevity. The amusing phrase remains intact, making it a lasting source of entertainment for fans who take their medical drama (and coffee) seriously. Trust this mug to bring smiles and a touch of surgical swagger to your daily caffeine fix.",B0CQHTV8LZ,com,999999,amz-B0CQHTV8LZ,amazon,https://www.amazon.com/dp/B0CQHTV8LZ/,1747426615,0,0,1,208,0,208,,0,0,1778970612,invalid,12
1272,external,,,"Monopoly: Grey's Anatomy Board Game | Featuring Ferry Boat, Clipboard, Scrub Top, and More | Buy, Sell, Trade Iconic Doctors from Miranda Bailey to Meredith Grey | Officially Licensed Collectible",1,0,visible,"Operations. Relations. Complications. - Welcome to Grey Sloan Memoria! Experience the heart-pounding drama of Grey’s Anatomy in this special edition of Monopoly: Grey’s Anatomy. Experience the highs and lows of the medical world as you assemble your dream team of doctors, from Miranda Bailey to Meredith Grey, and navigate the challenges of Grey Sloan Memorial Hospital.\nIconic Characters and Hospital Setting: Delve into the beloved world of Grey’s Anatomy as you traverse the game board featuring renowned surgeons from the series. Experience the drama of intense surgeries and personal relationships, immersing yourself in the intricate workings of Grey Sloan Memorial Hospital through this fresh take on the classic game of Monopoly.\nCustom Grey’s Anatomy Monopoly Components: 1 Grey’s Anatomy Monopoly Game Board, 6 Collectible Tokens based on popular items from the tv show, 28 Title Deed Cards featuring your fav characters the popular tv drama, 16 You’re My Person cards, 16 Dance it Out cards, Custom Grey’s Anatomy Monopoly Money, 32 Houses renamed Certifications, 12 Hotels renamed Specialties","[gallery]\n<!-- show up to 2 reviews by default --> <p> <span>Experience the Drama at Grey Sloan Memorial! In MONOPOLY®: Grey’s Anatomy edition, it is a race to build a team able to handling probably the most challenging cases. Will you be the first to assemble the finest team of medical professionals and navigate the complexities of the hospital landscape, or will you be left within the wake of your opponents' life-saving triumphs?</span> </p>\nOperations. Relations. Complications. - Welcome to Grey Sloan Memoria! Experience the heart-pounding drama of Grey’s Anatomy on this special edition of Monopoly: Grey’s Anatomy. Experience the highs and lows of the medical world as you assemble your dream team of doctors, from Miranda Bailey to Meredith Grey, and navigate the challenges of Grey Sloan Memorial Hospital.\nIconic Characters and Hospital Setting: Delve into the beloved world of Grey’s Anatomy as you traverse the game board featuring renowned surgeons from the series. Experience the drama of intense surgeries and personal relationships, immersing yourself within the intricate workings of Grey Sloan Memorial Hospital through this fresh take at the classic game of Monopoly.\nCustom Grey’s Anatomy Monopoly Components: 1 Grey’s Anatomy Monopoly Game Board, 6 Collectible Tokens according to popular items from the television show, 28 Title Deed Cards featuring your fav characters the preferred television drama, 16 You’re My Person cards, 16 Dance it Out cards, Custom Grey’s Anatomy Monopoly Money, 32 Houses renamed Certifications, 12 Hotels renamed Specialties\nFeaturing 6 custom sculpted Grey’s Anatomy tokens – Ferry Boat, Clipboard, First Aid Kit Bag, Scrub Top, Stethoscope, Scalpel\nBuy, sell, and trade to assemble without equal team of doctors from Miranda Bailey to Meredith Grey. Then charge a fee when your opponent’s stop by for consultation.",,,taxable,,1,,,0,0,,,,,1,,36.95,44.99,"Toys and Games",,,"https://m.media-amazon.com/images/I/41iJ1HoOinL.jpg, https://m.media-amazon.com/images/I/41iJ1HoOinL.jpg",,,,,,,https://4anurse.com/?redirectAmzASIN=B0CSPNSCLH&redirect_prodid=amz-B0CSPNSCLH,,0,,,,,,"[gallery]
<!-- show up to 2 reviews by default --> <p> <span>Experience the Drama at Grey Sloan Memorial! In MONOPOLY®: Grey’s Anatomy edition, {it's a|it is a} race to build a team {capable of|able to|in a position to} handling {the most|probably the most|essentially the most} challenging cases. Will you be the first to assemble the finest team of medical professionals and navigate the complexities of the hospital landscape, or will you be left {in the|within the} wake of your opponents' life-saving triumphs?</span> </p>
Operations. Relations. Complications. - Welcome to Grey Sloan Memoria! Experience the heart-pounding drama of Grey’s Anatomy {in this|on this} special edition of Monopoly: Grey’s Anatomy. Experience the highs and lows of the medical world as you assemble your dream team of doctors, from Miranda Bailey to Meredith Grey, and navigate the challenges of Grey Sloan Memorial Hospital.
Iconic Characters and Hospital Setting: Delve into the beloved world of Grey’s Anatomy as you traverse the game board featuring renowned surgeons from the series. Experience the drama of intense surgeries and personal relationships, immersing yourself {in the|within the} intricate workings of Grey Sloan Memorial Hospital through this fresh take {on the|at the} classic game of Monopoly.
Custom Grey’s Anatomy Monopoly Components: 1 Grey’s Anatomy Monopoly Game Board, 6 Collectible Tokens {based on|according to|in accordance with|in line with|in response to|in keeping with} popular items from the {tv|television} show, 28 Title Deed Cards featuring your fav characters {the popular|the preferred} {tv|television} drama, 16 You’re My Person cards, 16 Dance it Out cards, Custom Grey’s Anatomy Monopoly Money, 32 Houses renamed Certifications, 12 Hotels renamed Specialties
Featuring 6 custom sculpted Grey’s Anatomy tokens – Ferry Boat, Clipboard, First Aid Kit Bag, Scrub Top, Stethoscope, Scalpel
Buy, sell, and trade to assemble {the ultimate|without equal} team of doctors from Miranda Bailey to Meredith Grey. Then charge a fee when your opponent’s stop by for consultation.","[gallery]
<!-- show up to 2 reviews by default --> <p> <span>Experience the Drama at Grey Sloan Memorial! In MONOPOLY®: Grey’s Anatomy edition, {it is a|it's a} race to build a team {able to|in a position to|capable of} handling {probably the most|essentially the most|the most} challenging cases. Will you be the first to assemble the finest team of medical professionals and navigate the complexities of the hospital landscape, or will you be left {within the|in the} wake of your opponents' life-saving triumphs?</span> </p>
Operations. Relations. Complications. - Welcome to Grey Sloan Memoria! Experience the heart-pounding drama of Grey’s Anatomy {on this|in this} special edition of Monopoly: Grey’s Anatomy. Experience the highs and lows of the medical world as you assemble your dream team of doctors, from Miranda Bailey to Meredith Grey, and navigate the challenges of Grey Sloan Memorial Hospital.
Iconic Characters and Hospital Setting: Delve into the beloved world of Grey’s Anatomy as you traverse the game board featuring renowned surgeons from the series. Experience the drama of intense surgeries and personal relationships, immersing yourself {within the|in the} intricate workings of Grey Sloan Memorial Hospital through this fresh take {at the|on the} classic game of Monopoly.
Custom Grey’s Anatomy Monopoly Components: 1 Grey’s Anatomy Monopoly Game Board, 6 Collectible Tokens {according to|in accordance with|in line with|in response to|in keeping with|based on} popular items from the {television|tv} show, 28 Title Deed Cards featuring your fav characters {the preferred|the popular} {television|tv} drama, 16 You’re My Person cards, 16 Dance it Out cards, Custom Grey’s Anatomy Monopoly Money, 32 Houses renamed Certifications, 12 Hotels renamed Specialties
Featuring 6 custom sculpted Grey’s Anatomy tokens – Ferry Boat, Clipboard, First Aid Kit Bag, Scrub Top, Stethoscope, Scalpel
Buy, sell, and trade to assemble {without equal|the ultimate} team of doctors from Miranda Bailey to Meredith Grey. Then charge a fee when your opponent’s stop by for consultation.","[gallery]
<!-- show up to 2 reviews by default --> <p> <span>Experience the Drama at Grey Sloan Memorial! In MONOPOLY®: Grey’s Anatomy edition, it's a race to build a team capable of handling the most challenging cases. Will you be the first to assemble the finest team of medical professionals and navigate the complexities of the hospital landscape, or will you be left in the wake of your opponents' life-saving triumphs?</span> </p>
Operations. Relations. Complications. - Welcome to Grey Sloan Memoria! Experience the heart-pounding drama of Grey’s Anatomy in this special edition of Monopoly: Grey’s Anatomy. Experience the highs and lows of the medical world as you assemble your dream team of doctors, from Miranda Bailey to Meredith Grey, and navigate the challenges of Grey Sloan Memorial Hospital.
Iconic Characters and Hospital Setting: Delve into the beloved world of Grey’s Anatomy as you traverse the game board featuring renowned surgeons from the series. Experience the drama of intense surgeries and personal relationships, immersing yourself in the intricate workings of Grey Sloan Memorial Hospital through this fresh take on the classic game of Monopoly.
Custom Grey’s Anatomy Monopoly Components: 1 Grey’s Anatomy Monopoly Game Board, 6 Collectible Tokens based on popular items from the tv show, 28 Title Deed Cards featuring your fav characters the popular tv drama, 16 You’re My Person cards, 16 Dance it Out cards, Custom Grey’s Anatomy Monopoly Money, 32 Houses renamed Certifications, 12 Hotels renamed Specialties
Featuring 6 custom sculpted Grey’s Anatomy tokens – Ferry Boat, Clipboard, First Aid Kit Bag, Scrub Top, Stethoscope, Scalpel
Buy, sell, and trade to assemble the ultimate team of doctors from Miranda Bailey to Meredith Grey. Then charge a fee when your opponent’s stop by for consultation.",B0CSPNSCLH,com,999999,amz-B0CSPNSCLH,amazon,https://www.amazon.com/dp/B0CSPNSCLH/,1747426623,0,0,1,213,0,213,,0,0,1778970612,invalid,15
1280,external,,,"MKONY Greys Anatomy Pillow Cover Gifts, Trust Me I Watch Grey's Anatomy I'm Basically A Surgeon Decorative Throw Pillow Case Linen Cushion Cover 18 X 18 Inches",1,0,visible,"Linen\nMATERIAL：Using bright and soft linen material, thick and comfortable. The throw pillow cover with invisible zipper improves the appearance. Ideal throw pillow cover decoration for your sofa, bed and chair, etc.\nPILLOW COVER SIZE: 18 x 18 inch, perfect fit for your 18 x 18 pillow inserts.","[gallery]\n<!-- show up to 2 reviews by default --> <p> <span>Greys Anatomy Pillow Cover Gifts, Accept as true with Me I Watch Grey's Anatomy I am Principally A Surgeon Decorative Throw Pillow Case Linen Cushion Cover 18 X 18 Inches</span> </p>\nLinen\nMATERIAL：The use of bright and soft linen material, thick and comfortable. The throw pillow cover with invisible zipper improves the appearance. Ideal throw pillow cover decoration for your sofa, bed and chair, and so forth.\nPILLOW COVER SIZE: 18 x 18 inch, perfect fit for your 18 x 18 pillow inserts.\nBEST GIFT: The pillow covers is an ideal item to add a little more life and fun in your room. It's the most productive gift for woman, men, friends, mom, dad, sister, brother, grandma, grandpa, wife, husband and all other beloved ones.\nWASHING INSTRUCTION: Machine washes in cold water, gentle cycle, tumble dry by low temperature, cool iron if needed. Dot not bleach, tumble dry low, do not iron and it is going to look up to date.\nIf throw pillow covers 18 X 18 inch with any quality problem, and just contact us feel free for any question.",,,taxable,,1,,,0,0,,,,,1,,,11.99,"Home and Kitchen > Bedding > Decorative Pillows\, Inserts and Covers > Throw Pillow Covers",,,"https://m.media-amazon.com/images/I/41SWklG1-HL.jpg, https://m.media-amazon.com/images/I/41SWklG1-HL.jpg",,,,,,,https://4anurse.com/?redirectAmzASIN=B098M9X921&redirect_prodid=amz-B098M9X921,,0,,,,,,"[gallery]
<!-- show up to 2 reviews by default --> <p> <span>Greys Anatomy Pillow Cover Gifts, {Trust|Accept as true with|Agree with|Believe|Consider} Me I Watch Grey's Anatomy {I'm|I am} {Basically|Principally|Mainly} A Surgeon Decorative Throw Pillow Case Linen Cushion Cover 18 X 18 Inches</span> </p>
Linen
MATERIAL：{Using|The use of|The usage of} bright and soft linen material, thick and comfortable. The throw pillow cover with invisible zipper improves the appearance. Ideal throw pillow cover decoration for your sofa, bed and chair, {etc|and so on|and so forth|and the like}.
PILLOW COVER SIZE: 18 x 18 inch, perfect fit for your 18 x 18 pillow inserts.
BEST GIFT: The pillow covers {is a perfect|is an ideal} item to add a little more life and fun in your room. {It is|It's} {the best|the most productive|the most efficient} gift for woman, men, friends, mom, dad, sister, brother, grandma, grandpa, wife, husband and all other beloved ones.
WASHING INSTRUCTION: Machine washes in cold water, gentle cycle, tumble dry by low temperature, cool iron if needed. Dot not bleach, tumble dry low, do not iron and {it will|it is going to|it's going to|it'll} look {brand new|up to date|modern}.
If throw pillow covers 18 X 18 inch with any quality problem, and just contact us feel free for any question.","[gallery]
<!-- show up to 2 reviews by default --> <p> <span>Greys Anatomy Pillow Cover Gifts, {Accept as true with|Agree with|Believe|Consider|Trust} Me I Watch Grey's Anatomy {I am|I'm} {Principally|Mainly|Basically} A Surgeon Decorative Throw Pillow Case Linen Cushion Cover 18 X 18 Inches</span> </p>
Linen
MATERIAL：{The use of|The usage of|Using} bright and soft linen material, thick and comfortable. The throw pillow cover with invisible zipper improves the appearance. Ideal throw pillow cover decoration for your sofa, bed and chair, {and so forth|and so on|and the like|etc}.
PILLOW COVER SIZE: 18 x 18 inch, perfect fit for your 18 x 18 pillow inserts.
BEST GIFT: The pillow covers {is an ideal|is a perfect} item to add a little more life and fun in your room. {It's|It is} {the most productive|the most efficient|the best} gift for woman, men, friends, mom, dad, sister, brother, grandma, grandpa, wife, husband and all other beloved ones.
WASHING INSTRUCTION: Machine washes in cold water, gentle cycle, tumble dry by low temperature, cool iron if needed. Dot not bleach, tumble dry low, do not iron and {it is going to|it'll|it's going to|it will} look {up to date|modern|brand new}.
If throw pillow covers 18 X 18 inch with any quality problem, and just contact us feel free for any question.","[gallery]
<!-- show up to 2 reviews by default --> <p> <span>Greys Anatomy Pillow Cover Gifts, Trust Me I Watch Grey's Anatomy I'm Basically A Surgeon Decorative Throw Pillow Case Linen Cushion Cover 18 X 18 Inches</span> </p>
Linen
MATERIAL：Using bright and soft linen material, thick and comfortable. The throw pillow cover with invisible zipper improves the appearance. Ideal throw pillow cover decoration for your sofa, bed and chair, etc.
PILLOW COVER SIZE: 18 x 18 inch, perfect fit for your 18 x 18 pillow inserts.
BEST GIFT: The pillow covers is a perfect item to add a little more life and fun in your room. It is the best gift for woman, men, friends, mom, dad, sister, brother, grandma, grandpa, wife, husband and all other beloved ones.
WASHING INSTRUCTION: Machine washes in cold water, gentle cycle, tumble dry by low temperature, cool iron if needed. Dot not bleach, tumble dry low, do not iron and it will look brand new.
If throw pillow covers 18 X 18 inch with any quality problem, and just contact us feel free for any question.",B098M9X921,com,999999,amz-B098M9X921,amazon,https://www.amazon.com/dp/B098M9X921/,1747426626,0,0,1,207,0,207,,0,0,1778970612,invalid,14
1288,external,,,"Start Exploring: Gray's Anatomy: A Fact-Filled Coloring Book (Start Exploring (Coloring Books)) Paperback – Coloring Book, May 3, 2011",1,0,visible,,,,,taxable,,1,,,0,0,,,,,1,,,12.99,"Books > Children's Books > Activities\, Crafts and Games > Activity Books > Coloring Books",,,,,,,,,,https://4anurse.com/?redirectAmzASIN=0762440732&redirect_prodid=amz-0762440732,,0,,,,,,,,,0762440732,com,999999,amz-0762440732,amazon,https://www.amazon.com/dp/0762440732/,1747426633,0,0,1,207,0,207,,0,0,1778970612,invalid,19
1289,external,,,"Grey’s Anatomy Complete Series 1-17 (94-Disc)",1,0,visible,,"<!-- show up to 2 reviews by default -->",,,taxable,,1,,,0,0,,,,,1,,143.27,191.96,"Movies and TV",,,"https://m.media-amazon.com/images/I/51LjaslEG4L.jpg, https://m.media-amazon.com/images/I/51LjaslEG4L.jpg",,,,,,,https://4anurse.com/?redirectAmzASIN=B0BNC9KMQH&redirect_prodid=amz-B0BNC9KMQH,,0,,,,,,"<!-- show up to 2 reviews by default -->","<!-- show up to 2 reviews by default -->","<!-- show up to 2 reviews by default -->",B0BNC9KMQH,com,999999,amz-B0BNC9KMQH,amazon,https://www.amazon.com/dp/B0BNC9KMQH/,1747426637,0,0,1,200,0,200,,0,0,1778970612,invalid,40
1291,external,,,"YFN Sterling Silver Caduceus Angel Nursing Themed Pendant Necklace 18"" (Nurse Necklace) (Nurse Necklace)",1,0,visible,,[gallery],,,taxable,,1,,,0,0,,,,,1,,,31.99,"Clothing\, Shoes and Jewelry > Women > Jewelry > Necklaces > Y-Necklaces",,,"https://m.media-amazon.com/images/I/419lQ+0fYLL.jpg, https://m.media-amazon.com/images/I/419lQ+0fYLL.jpg",,,,,,,https://4anurse.com/?redirectAmzASIN=B07FCBZ4R7&redirect_prodid=amz-B07FCBZ4R7,,0,,,,,,[gallery],[gallery],[gallery],B07FCBZ4R7,com,999999,amz-B07FCBZ4R7,amazon,https://www.amazon.com/dp/B07FCBZ4R7/,1747426643,0,0,1,242,0,243,,0,0,1778970612,invalid,11
1299,external,,,"OCJ Nurse Gifts Stethoscope Necklace 925 Sterling Silver Heart Birthstone Jewelry Birthday Graduation Gifts for Nurse, Doctor, Medical Student",1,0,visible,,[gallery],,,taxable,,1,,,0,0,,,,,1,,,55.99,"Clothing\, Shoes and Jewelry > Women",,,"https://m.media-amazon.com/images/I/41J4bQmqMRL.jpg, https://m.media-amazon.com/images/I/41J4bQmqMRL.jpg",,,,,,,https://4anurse.com/?redirectAmzASIN=B0D22TYNZ7&redirect_prodid=amz-B0D22TYNZ7,,0,,,,,,[gallery],[gallery],[gallery],B0D22TYNZ7,com,999999,amz-B0D22TYNZ7,amazon,https://www.amazon.com/dp/B0D22TYNZ7/,1747426652,0,0,1,202,0,202,,0,0,1778970612,invalid,19
1307,external,,,"WINNICACA Nurse Graduation Necklace Mothers Day Gifts for Mom - Sterling Silver Birthstone Stethoscope Heart Necklace for Women Doctors & Medical Students",1,0,visible,,[gallery],,,taxable,,1,,,0,0,,,,,1,,,40.99,"Clothing\, Shoes and Jewelry > Women",,,"https://m.media-amazon.com/images/I/41dus4vUPIL.jpg, https://m.media-amazon.com/images/I/41dus4vUPIL.jpg",,,,,,,https://4anurse.com/?redirectAmzASIN=B0C3GY95Q2&redirect_prodid=amz-B0C3GY95Q2,,0,,,,,,[gallery],[gallery],[gallery],B0C3GY95Q2,com,999999,amz-B0C3GY95Q2,amazon,https://www.amazon.com/dp/B0C3GY95Q2/,1747426664,0,0,1,225,0,225,,0,0,1778970612,invalid,16
1315,external,,,"Gifts for Women, 14K White Gold Plated Dainty Love Knot Necklace for Women Grandma Aunt Stepmother Sister Mom Gifts Jewelry Mothers Anniversary Jewelry Gifts for Women Birthday Unique Necklace",1,0,visible,,[gallery],,,taxable,,1,,,0,0,,,,,1,,,45.99,"Clothing\, Shoes and Jewelry > Women",,,"https://m.media-amazon.com/images/I/51lVqdKDj6L.jpg, https://m.media-amazon.com/images/I/51lVqdKDj6L.jpg",,,,,,,https://4anurse.com/?redirectAmzASIN=B0BJTK77BF&redirect_prodid=amz-B0BJTK77BF,,0,,,,,,[gallery],[gallery],[gallery],B0BJTK77BF,com,999999,amz-B0BJTK77BF,amazon,https://www.amazon.com/dp/B0BJTK77BF/,1747426680,0,0,1,215,0,215,,0,0,1778970612,invalid,18
1323,external,,,"Nurse Graduation Gifts Nurse Necklaces for Women Cross Rhinestone Heart Stethoscope Necklace Nursing Necklace Gifts for Nurses Female",1,0,visible,,[gallery],,,taxable,,1,,,0,0,,,,,1,,11.18,13.98,"Clothing\, Shoes and Jewelry > Women",,,"https://m.media-amazon.com/images/I/41UoBLABpNL.jpg, https://m.media-amazon.com/images/I/41UoBLABpNL.jpg",,,,,,,https://4anurse.com/?redirectAmzASIN=B0F438Z5DJ&redirect_prodid=amz-B0F438Z5DJ,,0,,,,,,[gallery],[gallery],[gallery],B0F438Z5DJ,com,999999,amz-B0F438Z5DJ,amazon,https://www.amazon.com/dp/B0F438Z5DJ/,1747426713,0,0,1,228,0,228,,0,0,1778970612,invalid,30
